image_path,label
data/processed/car_sizes/suv/Mazda_CX-9_2016_41_20_220_25_4_77_67_199_21_AWD_7_4_SUV_bLT.jpg,suv
data/processed/car_sizes/truck/Volkswagen_Golf_2017_20_15_170_18_4_70_57_167_25_FWD_5_4_4dr_Kxm.jpg,truck
data/processed/car_sizes/suv/Chevrolet_Blazer_2003_23_15_190_43_6_67_64_nan_15_4WD_4_2_SUV_wDI.jpg,suv
data/processed/car_sizes/suv/Toyota_Highlander_2013_31_17_270_35_6_75_68_188_17_4WD_7_4_SUV_IQh.jpg,suv
data/processed/car_sizes/suv/BMW_X6_2014_60_19_300_30_6_78_66_192_17_AWD_4_4_SUV_uDx.jpg,suv
data/processed/car_sizes/midsize/Audi_A4_2015_37_17_220_20_4_71_56_185_22_AWD_5_4_4dr_jom.jpg,midsize
data/processed/car_sizes/truck/Ford_Ranger_2007_16_15_140_23_4_69_66_nan_24_RWD_2_2_Pickup_jTH.jpg,truck
data/processed/car_sizes/suv/Mitsubishi_Outlander_2012_22_16_160_24_4_70_66_183_23_FWD_5_4_SUV_JaF.jpg,suv
data/processed/car_sizes/compact/Audi_R8_2012_136_19_430_42_8_75_49_174_13_AWD_2_2_Convertible_jxv.jpg,compact
data/processed/car_sizes/midsize/Audi_A4_2015_37_17_220_20_4_71_56_185_22_AWD_5_4_4dr_uiP.jpg,midsize
data/processed/car_sizes/suv/Kia_Sportage_2016_26_18_180_24_4_73_64_174_19_AWD_5_4_SUV_TSX.jpg,suv
data/processed/car_sizes/suv/Lexus_RX_2012_40_18_270_35_6_74_67_187_18_AWD_5_4_SUV_hIg.jpg,suv
data/processed/car_sizes/suv/Ford_Escape_2012_32_16_170_25_4_71_67_174_30_4WD_5_4_SUV_dOP.jpg,suv
data/processed/car_sizes/suv/Toyota_4Runner_2013_41_20_270_40_6_75_70_189_17_4WD_5_4_SUV_wjW.jpg,suv
data/processed/car_sizes/suv/Mitsubishi_Outlander_2012_22_16_160_24_4_70_66_183_23_FWD_5_4_SUV_qgT.jpg,suv
data/processed/car_sizes/suv/Volvo_XC90_2019_50_18_250_20_4_79_69_194_20_AWD_7_4_SUV_fnE.jpg,suv
data/processed/car_sizes/suv/Ford_Explorer_2019_34_18_290_35_6_78_70_198_16_4WD_7_4_SUV_EkD.jpg,suv
data/processed/car_sizes/suv/Honda_CR-V_2012_24_17_180_24_4_71_65_178_23_FWD_5_4_SUV_EBv.jpg,suv
data/processed/car_sizes/suv/Dodge_Durango_2013_39_20_290_36_6_75_71_199_16_RWD_7_4_SUV_jud.jpg,suv
data/processed/car_sizes/suv/Ford_Expedition_2017_60_20_360_35_6_78_77_206_15_RWD_8_4_SUV_eDB.jpg,suv
data/processed/car_sizes/midsize/Kia_Forte_2016_19_17_170_20_4_70_56_179_24_FWD_5_4_4dr_xbb.jpg,midsize
data/processed/car_sizes/suv/Honda_Pilot_2011_31_17_250_35_6_78_72_190_17_FWD_8_4_SUV_CEQ.jpg,suv
data/processed/car_sizes/midsize/Kia_Forte_2016_19_17_170_20_4_70_56_179_24_FWD_5_4_4dr_Uln.jpg,midsize
data/processed/car_sizes/truck/Honda_Ridgeline_2008_28_17_240_35_6_76_70_206_15_4WD_5_4_Pickup_TUS.jpg,truck
data/processed/car_sizes/suv/Subaru_Forester_2011_21_16_170_25_4_70_65_179_21_AWD_5_4_SUV_CrC.jpg,suv
data/processed/car_sizes/suv/Jeep_Wrangler_2017_30_17_280_36_6_73_72_164_17_4WD_4_2_SUV_rFD.jpg,suv
data/processed/car_sizes/midsize/Nissan_Sentra_2015_17_16_120_18_4_69_58_182_30_FWD_5_4_4dr_HYO.jpg,midsize
data/processed/car_sizes/suv/Ford_Escape_2012_32_16_170_25_4_71_67_174_30_4WD_5_4_SUV_Rco.jpg,suv
data/processed/car_sizes/suv/Mazda_CX-5_2017_30_19_180_25_4_72_65_179_23_AWD_5_4_SUV_GHe.jpg,suv
data/processed/car_sizes/suv/Volkswagen_Tiguan_2016_28_19_200_20_4_71_67_174_21_FWD_5_4_SUV_WjU.jpg,suv
data/processed/car_sizes/compact/Kia_Rio_2020_15_15_120_16_4_67_57_172_33_FWD_5_4_4dr_CDV.jpg,compact
data/processed/car_sizes/suv/Honda_Pilot_2011_31_17_250_35_6_78_72_190_17_FWD_8_4_SUV_bNY.jpg,suv
data/processed/car_sizes/suv/Ford_Escape_2012_32_16_170_25_4_71_67_174_30_4WD_5_4_SUV_zOv.jpg,suv
data/processed/car_sizes/suv/Toyota_Highlander_2016_33_18_270_35_6_75_68_191_18_AWD_8_4_SUV_YFP.jpg,suv
data/processed/car_sizes/truck/Volkswagen_Golf_2012_25_18_200_20_4_70_57_165_24_FWD_5_2_2dr_Asg.jpg,truck
data/processed/car_sizes/suv/Mitsubishi_Outlander_2015_23_16_160_24_4_70_66_183_25_FWD_7_4_SUV_ypU.jpg,suv
data/processed/car_sizes/suv/BMW_X6_2019_63_19_300_30_6_78_67_193_18_RWD_5_4_SUV_CFZ.jpg,suv
data/processed/car_sizes/suv/Ford_Edge_2011_36_18_280_35_6_76_67_184_18_AWD_5_4_4dr_czB.jpg,suv
data/processed/car_sizes/compact/Nissan_370Z_2012_33_18_330_37_6_72_51_167_19_RWD_2_2_2dr_JxG.jpg,compact
data/processed/car_sizes/suv/Mitsubishi_Outlander_2012_22_16_160_24_4_70_66_183_23_FWD_5_4_SUV_Tfb.jpg,suv
data/processed/car_sizes/midsize/Kia_Forte_2016_19_17_170_20_4_70_56_179_24_FWD_5_4_4dr_WlI.jpg,midsize
data/processed/car_sizes/suv/Hyundai_Tucson_2015_23_17_160_20_4_71_65_173_21_AWD_5_4_SUV_Yku.jpg,suv
data/processed/car_sizes/suv/Lexus_RX_2012_40_18_270_35_6_74_67_187_18_AWD_5_4_SUV_kwX.jpg,suv
data/processed/car_sizes/suv/Audi_Q7_2015_53_19_240_30_6_78_68_200_19_AWD_7_4_SUV_iFF.jpg,suv
data/processed/car_sizes/suv/Jeep_Grand Cherokee_2013_29_17_290_36_6_76_69_189_16_4WD_5_4_SUV_Peg.jpg,suv
data/processed/car_sizes/suv/BMW_X6_2019_63_19_300_30_6_78_67_193_18_RWD_5_4_SUV_Ycc.jpg,suv
data/processed/car_sizes/suv/Jeep_Compass_2017_21_18_170_24_4_71_65_175_20_4WD_5_4_SUV_vPL.jpg,suv
data/processed/car_sizes/truck/Volkswagen_Golf_2012_25_18_200_20_4_70_57_165_24_FWD_5_2_2dr_cmQ.jpg,truck
data/processed/car_sizes/suv/Chevrolet_TrailBlazer_2005_28_17_270_42_6_74_75_nan_15_RWD_7_4_SUV_NFz.jpg,suv
data/processed/car_sizes/suv/Honda_Passport_1997_26_16_190_32_6_68_66_176_15_RWD_5_4_SUV_ZDs.jpg,suv
data/processed/car_sizes/full/Cadillac_XTS_2012_nan_nan_nan_nan_nan_nan_nan_nan_nan_nan_nan_nan_nan_GGg.jpg,full
data/processed/car_sizes/compact/Subaru_BRZ_2020_29_17_200_20_4_69_52_166_24_RWD_4_2_2dr_gJA.jpg,compact
data/processed/car_sizes/suv/Mazda_CX-5_2017_30_19_180_25_4_72_65_179_23_AWD_5_4_SUV_haG.jpg,suv
data/processed/car_sizes/truck/Toyota_Sienna_2017_29_17_290_35_6_78_68_200_19_FWD_7_4_Van_VAX.jpg,truck
data/processed/car_sizes/suv/Mitsubishi_Outlander_2017_23_18_160_24_4_71_66_184_25_FWD_7_4_SUV_QgG.jpg,suv
data/processed/car_sizes/suv/Land Rover_Range Rover Sport_2013_60_19_370_50_8_76_71_188_13_4WD_5_4_SUV_pld.jpg,suv
data/processed/car_sizes/suv/Jeep_Compass_2017_21_18_170_24_4_71_65_175_20_4WD_5_4_SUV_tec.jpg,suv
data/processed/car_sizes/truck/Toyota_Tundra_2013_27_18_270_40_6_79_75_nan_16_RWD_6_4_Pickup_JIS.jpg,truck
data/processed/car_sizes/suv/Volvo_XC60_2013_34_18_240_32_6_74_67_182_19_AWD_5_4_SUV_hVE.jpg,suv
data/processed/car_sizes/suv/BMW_X5_2013_56_18_260_30_6_76_69_191_nan_AWD_5_4_SUV_ivv.jpg,suv
data/processed/car_sizes/compact/Toyota_Yaris_2017_16_15_100_15_4_66_59_155_30_FWD_5_2_2dr_QiF.jpg,compact
data/processed/car_sizes/midsize/Kia_Forte_2016_19_17_170_20_4_70_56_179_24_FWD_5_4_4dr_NEm.jpg,midsize
data/processed/car_sizes/compact/Toyota_Yaris_2014_15_15_100_15_4_66_59_153_30_FWD_5_2_2dr_uVn.jpg,compact
data/processed/car_sizes/suv/Jeep_Wrangler_2017_30_17_280_36_6_73_72_164_17_4WD_4_2_SUV_LxA.jpg,suv
data/processed/car_sizes/suv/Chevrolet_Traverse_2012_31_17_280_36_6_78_70_205_16_AWD_8_4_SUV_ABc.jpg,suv
data/processed/car_sizes/compact/Subaru_BRZ_2020_29_17_200_20_4_69_52_166_24_RWD_4_2_2dr_fmH.jpg,compact
data/processed/car_sizes/truck/Ford_Ranger_2009_20_15_200_40_6_69_66_nan_15_RWD_3_2_Pickup_Odc.jpg,truck
data/processed/car_sizes/suv/Mazda_CX-5_2017_30_19_180_25_4_72_65_179_23_AWD_5_4_SUV_aBg.jpg,suv
data/processed/car_sizes/suv/Jeep_Compass_2011_20_17_170_24_4_69_65_173_22_4WD_5_4_SUV_CDh.jpg,suv
data/processed/car_sizes/midsize/Buick_Regal_2017_27_18_180_24_nan_73_58_190_19_FWD_5_4_4dr_YjD.jpg,midsize
data/processed/car_sizes/full/Toyota_Avalon_2015_39_18_260_35_6_72_57_195_21_FWD_5_4_4dr_Djy.jpg,full
data/processed/car_sizes/suv/Land Rover_Range Rover Evoque_2015_57_20_240_20_4_74_63_171_21_4WD_5_2_SUV_SCs.jpg,suv
data/processed/car_sizes/suv/Volvo_XC90_2019_50_18_250_20_4_79_69_194_20_AWD_7_4_SUV_YFY.jpg,suv
data/processed/car_sizes/suv/BMW_X1_2015_33_17_240_20_4_70_60_176_22_AWD_5_4_SUV_ArX.jpg,suv
data/processed/car_sizes/suv/Nissan_Pathfinder_2013_39_20_260_35_6_77_70_197_20_FWD_7_4_SUV_TFg.jpg,suv
data/processed/car_sizes/truck/Ford_Ranger_2009_20_15_200_40_6_69_66_nan_15_RWD_3_2_Pickup_UXK.jpg,truck
data/processed/car_sizes/suv/Mazda_CX-5_2015_29_19_180_25_4_72_65_178_24_AWD_5_4_SUV_DEY.jpg,suv
data/processed/car_sizes/suv/Toyota_RAV4_2015_25_17_170_25_4_72_65_179_22_AWD_5_4_SUV_GUN.jpg,suv
data/processed/car_sizes/midsize/Chevrolet_Malibu_2011_21_17_160_24_4_70_57_191_22_FWD_5_4_4dr_cJx.jpg,midsize
data/processed/car_sizes/suv/Volkswagen_Tiguan_2011_24_16_200_20_4_71_66_174_20_FWD_5_4_SUV_Lvn.jpg,suv
data/processed/car_sizes/full/Porsche_Panamera_2020_103_21_330_30_6_76_56_198_19_RWD_4_4_4dr_wFI.jpg,full
data/processed/car_sizes/suv/Mazda_CX-5_2017_30_19_180_25_4_72_65_179_23_AWD_5_4_SUV_TUU.jpg,suv
data/processed/car_sizes/suv/Toyota_Highlander_2016_33_18_270_35_6_75_68_191_18_AWD_8_4_SUV_WXG.jpg,suv
data/processed/car_sizes/midsize/Nissan_Versa_2014_12_15_100_16_4_66_59_175_26_FWD_5_4_4dr_Onr.jpg,midsize
data/processed/car_sizes/midsize/Audi_A4_2015_37_17_220_20_4_71_56_185_22_AWD_5_4_4dr_Vma.jpg,midsize
data/processed/car_sizes/suv/Jeep_Compass_2011_20_17_170_24_4_69_65_173_22_4WD_5_4_SUV_CPh.jpg,suv
data/processed/car_sizes/compact/Nissan_370Z_2012_33_18_330_37_6_72_51_167_19_RWD_2_2_2dr_Ijf.jpg,compact
data/processed/car_sizes/compact/Kia_Rio_2020_15_15_120_16_4_67_57_172_33_FWD_5_4_4dr_aUW.jpg,compact
data/processed/car_sizes/suv/Land Rover_Range Rover Evoque_2015_57_20_240_20_4_74_63_171_21_4WD_5_2_SUV_TsT.jpg,suv
data/processed/car_sizes/suv/Land Rover_Range Rover Sport_2017_72_20_250_30_6_78_70_191_22_4WD_5_4_SUV_qIG.jpg,suv
data/processed/car_sizes/suv/Honda_Pilot_2011_31_17_250_35_6_78_72_190_17_FWD_8_4_SUV_zAY.jpg,suv
data/processed/car_sizes/suv/Mazda_CX-5_2017_30_19_180_25_4_72_65_179_23_AWD_5_4_SUV_ehw.jpg,suv
data/processed/car_sizes/midsize/Toyota_Corolla_2015_17_15_130_18_4_69_57_182_27_FWD_5_4_4dr_ABR.jpg,midsize
data/processed/car_sizes/suv/Honda_CR-V_2012_24_17_180_24_4_71_65_178_23_FWD_5_4_SUV_pzn.jpg,suv
data/processed/car_sizes/suv/Jeep_Renegade_2015_23_16_160_14_4_74_66_166_24_4WD_5_4_SUV_XDs.jpg,suv
data/processed/car_sizes/truck/Toyota_Sienna_2017_29_17_290_35_6_78_68_200_19_FWD_7_4_Van_WNO.jpg,truck
data/processed/car_sizes/suv/Jeep_Compass_2017_21_18_170_24_4_71_65_175_20_4WD_5_4_SUV_LBO.jpg,suv
data/processed/car_sizes/truck/Toyota_Sienna_2017_29_17_290_35_6_78_68_200_19_FWD_7_4_Van_aFm.jpg,truck
data/processed/car_sizes/compact/Jaguar_F-Type_2017_66_18_340_30_6_75_51_176_20_RWD_2_2_Convertible_EId.jpg,compact
data/processed/car_sizes/suv/Volkswagen_Tiguan_2016_28_19_200_20_4_71_67_174_21_FWD_5_4_SUV_NrR.jpg,suv
data/processed/car_sizes/midsize/Chevrolet_Malibu_2013_24_17_180_24_4_73_57_191_25_FWD_5_4_4dr_FOT.jpg,midsize
data/processed/car_sizes/suv/Toyota_4Runner_2013_41_20_270_40_6_75_70_189_17_4WD_5_4_SUV_AOd.jpg,suv
data/processed/car_sizes/suv/Chevrolet_Traverse_2012_31_17_280_36_6_78_70_205_16_AWD_8_4_SUV_RvG.jpg,suv
data/processed/car_sizes/suv/Audi_Q7_2015_53_19_240_30_6_78_68_200_19_AWD_7_4_SUV_NJN.jpg,suv
data/processed/car_sizes/suv/Nissan_Pathfinder_2013_39_20_260_35_6_77_70_197_20_FWD_7_4_SUV_klG.jpg,suv
data/processed/car_sizes/suv/Ford_Expedition_2017_60_20_360_35_6_78_77_206_15_RWD_8_4_SUV_WLy.jpg,suv
data/processed/car_sizes/full/Porsche_Panamera_2020_103_21_330_30_6_76_56_198_19_RWD_4_4_4dr_OCy.jpg,full
data/processed/car_sizes/suv/Honda_CR-V_2016_26_17_180_24_4_71_64_179_26_FWD_5_4_SUV_TFJ.jpg,suv
data/processed/car_sizes/suv/Mitsubishi_Outlander_2017_23_18_160_24_4_71_66_184_25_FWD_7_4_SUV_vJl.jpg,suv
data/processed/car_sizes/truck/Ford_Ranger_2009_20_15_200_40_6_69_66_nan_15_RWD_3_2_Pickup_awF.jpg,truck
data/processed/car_sizes/suv/Chevrolet_Tahoe_2013_40_17_320_53_8_79_76_nan_15_RWD_9_4_SUV_ZXf.jpg,suv
data/processed/car_sizes/suv/Ford_Explorer_2019_34_18_290_35_6_78_70_198_16_4WD_7_4_SUV_oOL.jpg,suv
data/processed/car_sizes/truck/Kia_Sedona_2010_28_17_240_38_6_78_69_202_17_FWD_7_4_Van_cQb.jpg,truck
data/processed/car_sizes/suv/Mazda_CX-9_2016_41_20_220_25_4_77_67_199_21_AWD_7_4_SUV_quJ.jpg,suv
data/processed/car_sizes/suv/Subaru_Forester_2011_21_16_170_25_4_70_65_179_21_AWD_5_4_SUV_Qjw.jpg,suv
data/processed/car_sizes/midsize/Chevrolet_Malibu_2015_22_16_190_25_4_73_57_191_25_FWD_5_4_4dr_AqE.jpg,midsize
data/processed/car_sizes/suv/Hyundai_Tucson_2015_23_17_160_20_4_71_65_173_21_AWD_5_4_SUV_JkD.jpg,suv
data/processed/car_sizes/suv/Jeep_Compass_2011_20_17_170_24_4_69_65_173_22_4WD_5_4_SUV_qfm.jpg,suv
data/processed/car_sizes/suv/Jeep_Compass_2011_20_17_170_24_4_69_65_173_22_4WD_5_4_SUV_ASr.jpg,suv
data/processed/car_sizes/compact/Hyundai_Accent_2017_16_14_130_16_4_66_57_162_26_FWD_5_4_4dr_gVj.jpg,compact
data/processed/car_sizes/truck/Honda_Ridgeline_2008_28_17_240_35_6_76_70_206_15_4WD_5_4_Pickup_hot.jpg,truck
data/processed/car_sizes/full/Cadillac_XTS_2012_nan_nan_nan_nan_nan_nan_nan_nan_nan_nan_nan_nan_nan_OWb.jpg,full
data/processed/car_sizes/suv/Mitsubishi_Outlander_2012_22_16_160_24_4_70_66_183_23_FWD_5_4_SUV_LfT.jpg,suv
data/processed/car_sizes/truck/Volkswagen_Golf_2017_20_15_170_18_4_70_57_167_25_FWD_5_4_4dr_KyC.jpg,truck
data/processed/car_sizes/suv/Kia_Sorento_2015_24_17_190_24_4_74_66_184_20_FWD_5_4_SUV_LOe.jpg,suv
data/processed/car_sizes/suv/Jeep_Renegade_2015_23_16_160_14_4_74_66_166_24_4WD_5_4_SUV_gCS.jpg,suv
data/processed/car_sizes/full/Porsche_Panamera_2016_78_18_310_36_6_76_55_197_18_RWD_4_4_4dr_Mlq.jpg,full
data/processed/car_sizes/suv/Volvo_XC90_2019_50_18_250_20_4_79_69_194_20_AWD_7_4_SUV_nXP.jpg,suv
data/processed/car_sizes/truck/Honda_Odyssey_2011_31_17_240_35_6_79_68_202_18_FWD_8_4_Van_Ikk.jpg,truck
data/processed/car_sizes/truck/Kia_Sedona_2010_28_17_240_38_6_78_69_202_17_FWD_7_4_Van_jIw.jpg,truck
data/processed/car_sizes/suv/Hyundai_Tucson_2015_23_17_160_20_4_71_65_173_21_AWD_5_4_SUV_DIK.jpg,suv
data/processed/car_sizes/full/Porsche_Panamera_2016_78_18_310_36_6_76_55_197_18_RWD_4_4_4dr_tHE.jpg,full
data/processed/car_sizes/truck/Ford_Ranger_2009_20_15_200_40_6_69_66_nan_15_RWD_3_2_Pickup_WYR.jpg,truck
data/processed/car_sizes/suv/Chevrolet_Traverse_2012_31_17_280_36_6_78_70_205_16_AWD_8_4_SUV_pEL.jpg,suv
data/processed/car_sizes/suv/Kia_Sportage_2016_26_18_180_24_4_73_64_174_19_AWD_5_4_SUV_ebd.jpg,suv
data/processed/car_sizes/suv/Volkswagen_Tiguan_2011_24_16_200_20_4_71_66_174_20_FWD_5_4_SUV_uFT.jpg,suv
data/processed/car_sizes/truck/Ford_Ranger_2009_20_15_200_40_6_69_66_nan_15_RWD_3_2_Pickup_VRp.jpg,truck
data/processed/car_sizes/suv/Chevrolet_Tahoe_2013_40_17_320_53_8_79_76_nan_15_RWD_9_4_SUV_LIi.jpg,suv
data/processed/car_sizes/suv/Subaru_Forester_2011_21_16_170_25_4_70_65_179_21_AWD_5_4_SUV_gUn.jpg,suv
data/processed/car_sizes/full/Cadillac_XTS_2012_nan_nan_nan_nan_nan_nan_nan_nan_nan_nan_nan_nan_nan_KcA.jpg,full
data/processed/car_sizes/truck/Honda_Odyssey_2013_31_17_240_35_6_79_68_202_18_FWD_8_4_Van_JIZ.jpg,truck
data/processed/car_sizes/midsize/Chevrolet_Malibu_2011_21_17_160_24_4_70_57_191_22_FWD_5_4_4dr_Naa.jpg,midsize
data/processed/car_sizes/truck/Kia_Sedona_2010_28_17_240_38_6_78_69_202_17_FWD_7_4_Van_Ymh.jpg,truck
data/processed/car_sizes/suv/Toyota_RAV4_2015_25_17_170_25_4_72_65_179_22_AWD_5_4_SUV_tAH.jpg,suv
data/processed/car_sizes/suv/Ford_Expedition_2017_60_20_360_35_6_78_77_206_15_RWD_8_4_SUV_OiT.jpg,suv
data/processed/car_sizes/full/Toyota_Avalon_2015_39_18_260_35_6_72_57_195_21_FWD_5_4_4dr_Dve.jpg,full
data/processed/car_sizes/suv/Honda_Pilot_2011_31_17_250_35_6_78_72_190_17_FWD_8_4_SUV_LRB.jpg,suv
data/processed/car_sizes/suv/Subaru_Forester_2011_21_16_170_25_4_70_65_179_21_AWD_5_4_SUV_hsF.jpg,suv
data/processed/car_sizes/suv/Ford_Explorer_2019_34_18_290_35_6_78_70_198_16_4WD_7_4_SUV_NIo.jpg,suv
data/processed/car_sizes/suv/BMW_X6_2019_63_19_300_30_6_78_67_193_18_RWD_5_4_SUV_lZy.jpg,suv
data/processed/car_sizes/suv/BMW_X6_2019_63_19_300_30_6_78_67_193_18_RWD_5_4_SUV_UWp.jpg,suv
data/processed/car_sizes/suv/Honda_CR-V_2014_25_17_180_24_4_71_64_178_23_FWD_5_4_SUV_RWl.jpg,suv
data/processed/car_sizes/full/Audi_A8_2013_72_19_330_30_6_76_57_202_18_AWD_5_4_4dr_WAq.jpg,full
data/processed/car_sizes/truck/Ford_Ranger_2009_20_15_200_40_6_69_66_nan_15_RWD_3_2_Pickup_hed.jpg,truck
data/processed/car_sizes/suv/Lexus_RX_2015_42_18_270_35_6_74_66_187_18_AWD_5_4_SUV_ens.jpg,suv
data/processed/car_sizes/suv/Nissan_Pathfinder_2013_39_20_260_35_6_77_70_197_20_FWD_7_4_SUV_gaK.jpg,suv
data/processed/car_sizes/suv/Hyundai_Santa Fe_2012_24_17_170_24_4_74_67_184_20_AWD_5_4_SUV_PYE.jpg,suv
data/processed/car_sizes/suv/Ford_Escape_2012_32_16_170_25_4_71_67_174_30_4WD_5_4_SUV_UmL.jpg,suv
data/processed/car_sizes/truck/Toyota_Tundra_2013_27_18_270_40_6_79_75_nan_16_RWD_6_4_Pickup_McQ.jpg,truck
data/processed/car_sizes/suv/Jeep_Wrangler_2017_30_17_280_36_6_73_72_164_17_4WD_4_2_SUV_QOs.jpg,suv
data/processed/car_sizes/suv/Porsche_Cayenne_2014_56_18_240_30_6_76_67_190_20_AWD_5_4_SUV_sVT.jpg,suv
data/processed/car_sizes/truck/Toyota_Tundra_2017_50_20_380_57_8_79_76_nan_13_4WD_5_4_Pickup_EpW.jpg,truck
data/processed/car_sizes/suv/Jeep_Compass_2011_20_17_170_24_4_69_65_173_22_4WD_5_4_SUV_anL.jpg,suv
data/processed/car_sizes/suv/Mazda_CX-5_2015_29_19_180_25_4_72_65_178_24_AWD_5_4_SUV_Fbj.jpg,suv
data/processed/car_sizes/suv/Honda_Pilot_2011_31_17_250_35_6_78_72_190_17_FWD_8_4_SUV_TYZ.jpg,suv
data/processed/car_sizes/suv/Chevrolet_TrailBlazer_2005_28_17_270_42_6_74_75_nan_15_RWD_7_4_SUV_MAC.jpg,suv
data/processed/car_sizes/compact/Jaguar_F-Type_2017_66_18_340_30_6_75_51_176_20_RWD_2_2_Convertible_gEF.jpg,compact
data/processed/car_sizes/suv/Honda_CR-V_2016_26_17_180_24_4_71_64_179_26_FWD_5_4_SUV_wpt.jpg,suv
data/processed/car_sizes/midsize/Honda_Civic_2012_16_15_140_18_4_69_55_176_nan_FWD_5_2_2dr_Ouz.jpg,midsize
data/processed/car_sizes/midsize/Toyota_Corolla_2015_17_15_130_18_4_69_57_182_27_FWD_5_4_4dr_kWT.jpg,midsize
data/processed/car_sizes/full/Porsche_Panamera_2020_103_21_330_30_6_76_56_198_19_RWD_4_4_4dr_uKd.jpg,full
data/processed/car_sizes/suv/Land Rover_Range Rover_2012_79_19_380_50_8_80_73_195_12_4WD_5_4_SUV_GuV.jpg,suv
data/processed/car_sizes/suv/Mazda_CX-5_2017_30_19_180_25_4_72_65_179_23_AWD_5_4_SUV_BDJ.jpg,suv
data/processed/car_sizes/suv/Chevrolet_Traverse_2017_33_17_280_36_6_78_69_203_15_AWD_8_4_SUV_Bsc.jpg,suv
data/processed/car_sizes/midsize/Chevrolet_Malibu_2013_24_17_180_24_4_73_57_191_25_FWD_5_4_4dr_aqR.jpg,midsize
data/processed/car_sizes/compact/Jaguar_F-Type_2017_66_18_340_30_6_75_51_176_20_RWD_2_2_Convertible_OGA.jpg,compact
data/processed/car_sizes/suv/Ford_Edge_2011_36_18_280_35_6_76_67_184_18_AWD_5_4_4dr_ybz.jpg,suv
data/processed/car_sizes/compact/Toyota_Yaris_2014_15_15_100_15_4_66_59_153_30_FWD_5_2_2dr_vHF.jpg,compact
data/processed/car_sizes/midsize/Nissan_Versa_2014_12_15_100_16_4_66_59_175_26_FWD_5_4_4dr_PzX.jpg,midsize
data/processed/car_sizes/suv/Honda_Pilot_2019_34_18_280_35_6_78_70_196_19_FWD_8_4_SUV_vQP.jpg,suv
data/processed/car_sizes/midsize/Audi_A5_2019_51_18_240_20_4_72_54_184_23_AWD_4_2_Convertible_mDs.jpg,midsize
data/processed/car_sizes/midsize/Toyota_Corolla_2015_17_15_130_18_4_69_57_182_27_FWD_5_4_4dr_Mmr.jpg,midsize
data/processed/car_sizes/suv/Jeep_Compass_2011_20_17_170_24_4_69_65_173_22_4WD_5_4_SUV_cPi.jpg,suv
data/processed/car_sizes/truck/Toyota_Tundra_2017_50_20_380_57_8_79_76_nan_13_4WD_5_4_Pickup_YEo.jpg,truck
data/processed/car_sizes/truck/Ford_Ranger_2007_16_15_140_23_4_69_66_nan_24_RWD_2_2_Pickup_RuW.jpg,truck
data/processed/car_sizes/full/Porsche_Panamera_2016_78_18_310_36_6_76_55_197_18_RWD_4_4_4dr_wLN.jpg,full
data/processed/car_sizes/midsize/Subaru_Impreza_2016_19_15_140_20_4_68_57_180_28_AWD_5_4_4dr_hfE.jpg,midsize
data/processed/car_sizes/suv/Lexus_GX_2013_53_18_300_46_8_74_74_189_15_4WD_7_4_SUV_nWy.jpg,suv
data/processed/car_sizes/suv/Volvo_XC90_2014_41_18_240_32_6_76_70_189_16_AWD_7_4_SUV_nxp.jpg,suv
data/processed/car_sizes/suv/BMW_X6_2019_63_19_300_30_6_78_67_193_18_RWD_5_4_SUV_UZE.jpg,suv
data/processed/car_sizes/suv/Honda_Pilot_2019_34_18_280_35_6_78_70_196_19_FWD_8_4_SUV_lpc.jpg,suv
data/processed/car_sizes/suv/Mazda_CX-9_2016_41_20_220_25_4_77_67_199_21_AWD_7_4_SUV_rsH.jpg,suv
data/processed/car_sizes/truck/Toyota_Sienna_2017_29_17_290_35_6_78_68_200_19_FWD_7_4_Van_CWz.jpg,truck
data/processed/car_sizes/truck/Volkswagen_Golf_2012_25_18_200_20_4_70_57_165_24_FWD_5_2_2dr_hnF.jpg,truck
data/processed/car_sizes/suv/Porsche_Cayenne_2014_56_18_240_30_6_76_67_190_20_AWD_5_4_SUV_Ybp.jpg,suv
data/processed/car_sizes/compact/Hyundai_Accent_2017_16_14_130_16_4_66_57_162_26_FWD_5_4_4dr_UNO.jpg,compact
data/processed/car_sizes/suv/BMW_X6_2012_59_19_300_30_6_78_66_192_16_AWD_4_4_SUV_CaZ.jpg,suv
data/processed/car_sizes/suv/Lexus_NX_2017_39_17_190_25_4_73_64_182_33_AWD_5_4_SUV_uGh.jpg,suv
data/processed/car_sizes/suv/Land Rover_Range Rover_2012_79_19_380_50_8_80_73_195_12_4WD_5_4_SUV_hlm.jpg,suv
data/processed/car_sizes/truck/Toyota_Sienna_2017_29_17_290_35_6_78_68_200_19_FWD_7_4_Van_ljr.jpg,truck
data/processed/car_sizes/full/Cadillac_XTS_2012_nan_nan_nan_nan_nan_nan_nan_nan_nan_nan_nan_nan_nan_aQT.jpg,full
data/processed/car_sizes/compact/Audi_TT_2014_39_18_210_20_4_72_53_165_22_AWD_4_2_2dr_eHn.jpg,compact
data/processed/car_sizes/suv/Honda_Pilot_2019_34_18_280_35_6_78_70_196_19_FWD_8_4_SUV_mzO.jpg,suv
data/processed/car_sizes/suv/BMW_X6_2019_63_19_300_30_6_78_67_193_18_RWD_5_4_SUV_OoB.jpg,suv
data/processed/car_sizes/truck/Toyota_Sienna_2017_29_17_290_35_6_78_68_200_19_FWD_7_4_Van_yhs.jpg,truck
data/processed/car_sizes/suv/Chevrolet_Traverse_2012_31_17_280_36_6_78_70_205_16_AWD_8_4_SUV_vPQ.jpg,suv
data/processed/car_sizes/midsize/Chevrolet_Malibu_2011_21_17_160_24_4_70_57_191_22_FWD_5_4_4dr_sNK.jpg,midsize
data/processed/car_sizes/midsize/Kia_Forte_2016_19_17_170_20_4_70_56_179_24_FWD_5_4_4dr_NQk.jpg,midsize
data/processed/car_sizes/truck/Honda_Odyssey_2013_31_17_240_35_6_79_68_202_18_FWD_8_4_Van_pmr.jpg,truck
data/processed/car_sizes/truck/Toyota_Tundra_2013_27_18_270_40_6_79_75_nan_16_RWD_6_4_Pickup_CqG.jpg,truck
data/processed/car_sizes/suv/Kia_Sorento_2015_24_17_190_24_4_74_66_184_20_FWD_5_4_SUV_MPD.jpg,suv
data/processed/car_sizes/midsize/Kia_Forte_2016_19_17_170_20_4_70_56_179_24_FWD_5_4_4dr_tms.jpg,midsize
data/processed/car_sizes/truck/Ford_Ranger_2007_16_15_140_23_4_69_66_nan_24_RWD_2_2_Pickup_Gbb.jpg,truck
data/processed/car_sizes/compact/Toyota_Yaris_2017_16_15_100_15_4_66_59_155_30_FWD_5_2_2dr_oSK.jpg,compact
data/processed/car_sizes/suv/Porsche_Cayenne_2014_56_18_240_30_6_76_67_190_20_AWD_5_4_SUV_YEe.jpg,suv
data/processed/car_sizes/compact/Kia_Rio_2020_15_15_120_16_4_67_57_172_33_FWD_5_4_4dr_UjY.jpg,compact
data/processed/car_sizes/truck/Honda_Odyssey_2011_31_17_240_35_6_79_68_202_18_FWD_8_4_Van_aIO.jpg,truck
data/processed/car_sizes/suv/Hyundai_Santa Fe_2012_24_17_170_24_4_74_67_184_20_AWD_5_4_SUV_RkD.jpg,suv
data/processed/car_sizes/suv/Toyota_Land Cruiser_2011_69_18_380_57_8_77_74_194_13_4WD_8_4_SUV_BUF.jpg,suv
data/processed/car_sizes/compact/Audi_R8_2012_136_19_430_42_8_75_49_174_13_AWD_2_2_Convertible_Nkv.jpg,compact
data/processed/car_sizes/suv/BMW_X6_2014_60_19_300_30_6_78_66_192_17_AWD_4_4_SUV_Ohe.jpg,suv
data/processed/car_sizes/suv/Jeep_Compass_2013_23_17_170_24_4_69_65_173_21_4WD_5_4_SUV_GuT.jpg,suv
data/processed/car_sizes/suv/Acura_RDX_2012_34_18_240_23_4_73_65_182_17_AWD_5_4_SUV_yqW.jpg,suv
data/processed/car_sizes/suv/Jeep_Compass_2011_20_17_170_24_4_69_65_173_22_4WD_5_4_SUV_psd.jpg,suv
data/processed/car_sizes/suv/Porsche_Cayenne_2014_56_18_240_30_6_76_67_190_20_AWD_5_4_SUV_Juf.jpg,suv
data/processed/car_sizes/suv/Audi_Q5_2012_35_18_210_20_4_74_65_182_20_AWD_5_4_SUV_pby.jpg,suv
data/processed/car_sizes/suv/Jeep_Wrangler_2011_28_18_200_38_6_73_- _152_15_4WD_4_2_SUV_Aoj.jpg,suv
data/processed/car_sizes/suv/Jeep_Wrangler_2011_28_18_200_38_6_73_- _152_15_4WD_4_2_SUV_BgZ.jpg,suv
data/processed/car_sizes/suv/Audi_Q5_2016_40_18_220_20_4_74_65_182_20_AWD_5_4_SUV_epq.jpg,suv
data/processed/car_sizes/midsize/Chevrolet_Malibu_2011_21_17_160_24_4_70_57_191_22_FWD_5_4_4dr_IUM.jpg,midsize
data/processed/car_sizes/suv/Audi_Q7_2015_53_19_240_30_6_78_68_200_19_AWD_7_4_SUV_Tsz.jpg,suv
data/processed/car_sizes/suv/Lexus_NX_2017_39_17_190_25_4_73_64_182_33_AWD_5_4_SUV_KUj.jpg,suv
data/processed/car_sizes/full/Toyota_Avalon_2015_39_18_260_35_6_72_57_195_21_FWD_5_4_4dr_RiQ.jpg,full
data/processed/car_sizes/truck/Toyota_Sienna_2017_29_17_290_35_6_78_68_200_19_FWD_7_4_Van_DDD.jpg,truck
data/processed/car_sizes/suv/Mitsubishi_Outlander_2017_23_18_160_24_4_71_66_184_25_FWD_7_4_SUV_Pfr.jpg,suv
data/processed/car_sizes/midsize/Kia_Forte_2016_19_17_170_20_4_70_56_179_24_FWD_5_4_4dr_CzL.jpg,midsize
data/processed/car_sizes/suv/Subaru_Forester_2011_21_16_170_25_4_70_65_179_21_AWD_5_4_SUV_vzs.jpg,suv
data/processed/car_sizes/suv/Audi_Q5_2016_40_18_220_20_4_74_65_182_20_AWD_5_4_SUV_eQs.jpg,suv
data/processed/car_sizes/suv/Ford_Expedition_2017_60_20_360_35_6_78_77_206_15_RWD_8_4_SUV_Qyo.jpg,suv
data/processed/car_sizes/compact/Mitsubishi_Mirage_2015_14_14_740_12_3_65_59_148_37_FWD_5_4_4dr_aOl.jpg,compact
data/processed/car_sizes/suv/Volvo_XC90_2019_50_18_250_20_4_79_69_194_20_AWD_7_4_SUV_hbm.jpg,suv
data/processed/car_sizes/compact/Jaguar_F-Type_2017_66_18_340_30_6_75_51_176_20_RWD_2_2_Convertible_kbs.jpg,compact
data/processed/car_sizes/truck/Volkswagen_Golf_2012_25_18_200_20_4_70_57_165_24_FWD_5_2_2dr_Too.jpg,truck
data/processed/car_sizes/truck/Ford_Ranger_2007_16_15_140_23_4_69_66_nan_24_RWD_2_2_Pickup_SWD.jpg,truck
data/processed/car_sizes/suv/Toyota_RAV4_2015_25_17_170_25_4_72_65_179_22_AWD_5_4_SUV_HYB.jpg,suv
data/processed/car_sizes/compact/Hyundai_Accent_2017_16_14_130_16_4_66_57_162_26_FWD_5_4_4dr_ZhJ.jpg,compact
data/processed/car_sizes/midsize/Audi_A4_2015_37_17_220_20_4_71_56_185_22_AWD_5_4_4dr_mAC.jpg,midsize
data/processed/car_sizes/suv/BMW_X6_2012_59_19_300_30_6_78_66_192_16_AWD_4_4_SUV_ZrZ.jpg,suv
data/processed/car_sizes/suv/BMW_X6_2019_63_19_300_30_6_78_67_193_18_RWD_5_4_SUV_wOP.jpg,suv
data/processed/car_sizes/midsize/Audi_A4_2015_37_17_220_20_4_71_56_185_22_AWD_5_4_4dr_sLM.jpg,midsize
data/processed/car_sizes/truck/Ford_Ranger_2009_20_15_200_40_6_69_66_nan_15_RWD_3_2_Pickup_ugJ.jpg,truck
data/processed/car_sizes/suv/Jeep_Wrangler_2011_28_18_200_38_6_73_- _152_15_4WD_4_2_SUV_gJW.jpg,suv
data/processed/car_sizes/truck/Volkswagen_Golf_2017_20_15_170_18_4_70_57_167_25_FWD_5_4_4dr_cuN.jpg,truck
data/processed/car_sizes/compact/Toyota_Yaris_2014_15_15_100_15_4_66_59_153_30_FWD_5_2_2dr_gqo.jpg,compact
data/processed/car_sizes/suv/Toyota_RAV4_2012_24_16_170_25_4_71_66_181_21_4WD_5_4_SUV_Fff.jpg,suv
data/processed/car_sizes/midsize/Kia_Forte_2019_21_17_140_20_4_70_56_182_30_FWD_5_4_4dr_heP.jpg,midsize
data/processed/car_sizes/full/Jaguar_XF_2011_52_18_380_50_8_75_57_195_16_RWD_5_4_4dr_vGY.jpg,full
data/processed/car_sizes/compact/Mitsubishi_Mirage_2015_14_14_740_12_3_65_59_148_37_FWD_5_4_4dr_Ooh.jpg,compact
data/processed/car_sizes/midsize/Buick_Regal_2015_27_18_180_24_nan_73_58_190_19_FWD_5_4_4dr_ZcK.jpg,midsize
data/processed/car_sizes/suv/Nissan_Pathfinder_2013_39_20_260_35_6_77_70_197_20_FWD_7_4_SUV_YFk.jpg,suv
data/processed/car_sizes/suv/Honda_Pilot_2019_34_18_280_35_6_78_70_196_19_FWD_8_4_SUV_blk.jpg,suv
data/processed/car_sizes/suv/Jeep_Compass_2011_20_17_170_24_4_69_65_173_22_4WD_5_4_SUV_IeI.jpg,suv
data/processed/car_sizes/suv/Volvo_XC90_2019_50_18_250_20_4_79_69_194_20_AWD_7_4_SUV_zHa.jpg,suv
data/processed/car_sizes/suv/Land Rover_Range Rover_2017_94_20_250_30_6_78_72_196_22_4WD_5_4_SUV_IZR.jpg,suv
data/processed/car_sizes/suv/Honda_Pilot_2011_31_17_250_35_6_78_72_190_17_FWD_8_4_SUV_spz.jpg,suv
data/processed/car_sizes/midsize/Nissan_Versa_2014_12_15_100_16_4_66_59_175_26_FWD_5_4_4dr_ycL.jpg,midsize
data/processed/car_sizes/truck/Ford_Ranger_2009_20_15_200_40_6_69_66_nan_15_RWD_3_2_Pickup_xrB.jpg,truck
data/processed/car_sizes/compact/Audi_TT_2014_39_18_210_20_4_72_53_165_22_AWD_4_2_2dr_PKC.jpg,compact
data/processed/car_sizes/suv/Mitsubishi_Outlander_2014_22_16_160_24_4_70_66_183_25_FWD_7_4_SUV_JXt.jpg,suv
data/processed/car_sizes/suv/Honda_Pilot_2019_34_18_280_35_6_78_70_196_19_FWD_8_4_SUV_ppw.jpg,suv
data/processed/car_sizes/compact/Jaguar_F-Type_2017_66_18_340_30_6_75_51_176_20_RWD_2_2_Convertible_XLW.jpg,compact
data/processed/car_sizes/suv/Land Rover_Range Rover Sport_2017_72_20_250_30_6_78_70_191_22_4WD_5_4_SUV_Qqo.jpg,suv
data/processed/car_sizes/suv/Nissan_Murano_2016_40_20_260_35_6_75_66_192_21_AWD_5_4_SUV_zcG.jpg,suv
data/processed/car_sizes/truck/Honda_Odyssey_2011_31_17_240_35_6_79_68_202_18_FWD_8_4_Van_FAG.jpg,truck
data/processed/car_sizes/suv/Honda_CR-V_2012_24_17_180_24_4_71_65_178_23_FWD_5_4_SUV_cde.jpg,suv
data/processed/car_sizes/truck/Ford_Ranger_2007_16_15_140_23_4_69_66_nan_24_RWD_2_2_Pickup_Rsi.jpg,truck
data/processed/car_sizes/compact/Audi_R8_2012_136_19_430_42_8_75_49_174_13_AWD_2_2_Convertible_Xwy.jpg,compact
data/processed/car_sizes/suv/BMW_X3_2017_40_18_240_20_4_74_66_183_21_RWD_5_4_SUV_pyY.jpg,suv
data/processed/car_sizes/suv/Porsche_Cayenne_2014_56_18_240_30_6_76_67_190_20_AWD_5_4_SUV_Uhy.jpg,suv
data/processed/car_sizes/suv/Lexus_LX_2015_83_20_380_57_8_77_73_197_12_4WD_8_4_SUV_qKZ.jpg,suv
data/processed/car_sizes/suv/Land Rover_Range Rover Evoque_2015_57_20_240_20_4_74_63_171_21_4WD_5_2_SUV_zto.jpg,suv
data/processed/car_sizes/suv/Jeep_Grand Cherokee_2013_29_17_290_36_6_76_69_189_16_4WD_5_4_SUV_BdE.jpg,suv
data/processed/car_sizes/truck/Ford_Ranger_2007_16_15_140_23_4_69_66_nan_24_RWD_2_2_Pickup_DVV.jpg,truck
data/processed/car_sizes/midsize/Buick_Regal_2015_27_18_180_24_nan_73_58_190_19_FWD_5_4_4dr_sbI.jpg,midsize
data/processed/car_sizes/truck/Honda_Odyssey_2011_31_17_240_35_6_79_68_202_18_FWD_8_4_Van_swT.jpg,truck
data/processed/car_sizes/suv/Toyota_Land Cruiser_2015_80_18_380_57_8_77_74_194_13_4WD_8_4_SUV_UcN.jpg,suv
data/processed/car_sizes/truck/Ford_Ranger_2009_20_15_200_40_6_69_66_nan_15_RWD_3_2_Pickup_CCQ.jpg,truck
data/processed/car_sizes/midsize/Audi_A5_2019_51_18_240_20_4_72_54_184_23_AWD_4_2_Convertible_knv.jpg,midsize
data/processed/car_sizes/suv/Honda_Pilot_2011_31_17_250_35_6_78_72_190_17_FWD_8_4_SUV_bcj.jpg,suv
data/processed/car_sizes/compact/Jaguar_F-Type_2017_66_18_340_30_6_75_51_176_20_RWD_2_2_Convertible_TsC.jpg,compact
data/processed/car_sizes/truck/Ford_Ranger_2007_16_15_140_23_4_69_66_nan_24_RWD_2_2_Pickup_yyE.jpg,truck
data/processed/car_sizes/suv/Lexus_NX_2017_39_17_190_25_4_73_64_182_33_AWD_5_4_SUV_xQC.jpg,suv
data/processed/car_sizes/suv/Mazda_CX-9_2016_41_20_220_25_4_77_67_199_21_AWD_7_4_SUV_YLT.jpg,suv
data/processed/car_sizes/suv/Lexus_RX_2015_42_18_270_35_6_74_66_187_18_AWD_5_4_SUV_bNU.jpg,suv
data/processed/car_sizes/suv/Jeep_Compass_2017_21_18_170_24_4_71_65_175_20_4WD_5_4_SUV_vRw.jpg,suv
data/processed/car_sizes/suv/Toyota_4Runner_2013_41_20_270_40_6_75_70_189_17_4WD_5_4_SUV_BEZ.jpg,suv
data/processed/car_sizes/suv/Mitsubishi_Outlander_2014_22_16_160_24_4_70_66_183_25_FWD_7_4_SUV_qUf.jpg,suv
data/processed/car_sizes/suv/Honda_CR-V_2014_25_17_180_24_4_71_64_178_23_FWD_5_4_SUV_KRS.jpg,suv
data/processed/car_sizes/compact/Kia_Rio_2020_15_15_120_16_4_67_57_172_33_FWD_5_4_4dr_JnN.jpg,compact
data/processed/car_sizes/truck/Honda_Ridgeline_2008_28_17_240_35_6_76_70_206_15_4WD_5_4_Pickup_EYz.jpg,truck
data/processed/car_sizes/midsize/Audi_A4_2015_37_17_220_20_4_71_56_185_22_AWD_5_4_4dr_BSE.jpg,midsize
data/processed/car_sizes/midsize/Nissan_Sentra_2019_25_18_180_16_4_69_58_183_25_FWD_5_4_4dr_SqH.jpg,midsize
data/processed/car_sizes/suv/Jeep_Wrangler_2017_30_17_280_36_6_73_72_164_17_4WD_4_2_SUV_nLF.jpg,suv
data/processed/car_sizes/suv/Dodge_Durango_2013_39_20_290_36_6_75_71_199_16_RWD_7_4_SUV_PSy.jpg,suv
data/processed/car_sizes/midsize/Kia_Forte_2019_21_17_140_20_4_70_56_182_30_FWD_5_4_4dr_Dzs.jpg,midsize
data/processed/car_sizes/truck/Toyota_Sienna_2017_29_17_290_35_6_78_68_200_19_FWD_7_4_Van_UuH.jpg,truck
data/processed/car_sizes/suv/Jeep_Compass_2017_21_18_170_24_4_71_65_175_20_4WD_5_4_SUV_UDk.jpg,suv
data/processed/car_sizes/suv/Lexus_GX_2013_53_18_300_46_8_74_74_189_15_4WD_7_4_SUV_tgs.jpg,suv
data/processed/car_sizes/midsize/Chevrolet_Malibu_2013_24_17_180_24_4_73_57_191_25_FWD_5_4_4dr_YSP.jpg,midsize
data/processed/car_sizes/suv/Land Rover_Range Rover Sport_2017_72_20_250_30_6_78_70_191_22_4WD_5_4_SUV_qMY.jpg,suv
data/processed/car_sizes/midsize/Audi_A5_2019_51_18_240_20_4_72_54_184_23_AWD_4_2_Convertible_GfX.jpg,midsize
data/processed/car_sizes/full/Lexus_LS_2012_69_18_350_46_8_73_58_199_16_AWD_5_4_4dr_MQj.jpg,full
data/processed/car_sizes/compact/Toyota_Yaris_2014_15_15_100_15_4_66_59_153_30_FWD_5_2_2dr_ahx.jpg,compact
data/processed/car_sizes/midsize/Chevrolet_Malibu_2013_24_17_180_24_4_73_57_191_25_FWD_5_4_4dr_JjQ.jpg,midsize
data/processed/car_sizes/suv/Jeep_Wrangler_2011_28_18_200_38_6_73_- _152_15_4WD_4_2_SUV_ZKu.jpg,suv
data/processed/car_sizes/midsize/Chevrolet_Malibu_2013_24_17_180_24_4_73_57_191_25_FWD_5_4_4dr_UbP.jpg,midsize
data/processed/car_sizes/suv/Jeep_Grand Cherokee_2013_29_17_290_36_6_76_69_189_16_4WD_5_4_SUV_hGw.jpg,suv
data/processed/car_sizes/midsize/Honda_Civic_2012_16_15_140_18_4_69_55_176_nan_FWD_5_2_2dr_Gpj.jpg,midsize
data/processed/car_sizes/suv/Honda_Pilot_2019_34_18_280_35_6_78_70_196_19_FWD_8_4_SUV_qCO.jpg,suv
data/processed/car_sizes/compact/Nissan_370Z_2012_33_18_330_37_6_72_51_167_19_RWD_2_2_2dr_UrZ.jpg,compact
data/processed/car_sizes/full/Jaguar_XF_2011_52_18_380_50_8_75_57_195_16_RWD_5_4_4dr_UZW.jpg,full
data/processed/car_sizes/suv/Chevrolet_Tahoe_2013_40_17_320_53_8_79_76_nan_15_RWD_9_4_SUV_jzX.jpg,suv
data/processed/car_sizes/midsize/Nissan_Sentra_2015_17_16_120_18_4_69_58_182_30_FWD_5_4_4dr_Lfq.jpg,midsize
data/processed/car_sizes/midsize/Nissan_Versa_2014_12_15_100_16_4_66_59_175_26_FWD_5_4_4dr_ciO.jpg,midsize
data/processed/car_sizes/suv/Toyota_Highlander_2016_33_18_270_35_6_75_68_191_18_AWD_8_4_SUV_KNX.jpg,suv
data/processed/car_sizes/midsize/Honda_Civic_2012_16_15_140_18_4_69_55_176_nan_FWD_5_2_2dr_kMf.jpg,midsize
data/processed/car_sizes/truck/Volkswagen_Golf_2017_20_15_170_18_4_70_57_167_25_FWD_5_4_4dr_vvB.jpg,truck
data/processed/car_sizes/midsize/Subaru_Impreza_2016_19_15_140_20_4_68_57_180_28_AWD_5_4_4dr_aUm.jpg,midsize
data/processed/car_sizes/truck/Ford_Ranger_2009_20_15_200_40_6_69_66_nan_15_RWD_3_2_Pickup_dJe.jpg,truck
data/processed/car_sizes/full/Jaguar_XJ_2015_77_19_340_30_6_74_57_201_16_AWD_5_4_4dr_sBQ.jpg,full
data/processed/car_sizes/compact/Jaguar_F-Type_2017_66_18_340_30_6_75_51_176_20_RWD_2_2_Convertible_lVn.jpg,compact
data/processed/car_sizes/suv/Lexus_RX_2015_42_18_270_35_6_74_66_187_18_AWD_5_4_SUV_pkf.jpg,suv
data/processed/car_sizes/compact/Nissan_370Z_2012_33_18_330_37_6_72_51_167_19_RWD_2_2_2dr_Leq.jpg,compact
data/processed/car_sizes/suv/Jeep_Compass_2011_20_17_170_24_4_69_65_173_22_4WD_5_4_SUV_YkU.jpg,suv
data/processed/car_sizes/midsize/Chevrolet_Malibu_2011_21_17_160_24_4_70_57_191_22_FWD_5_4_4dr_pke.jpg,midsize
data/processed/car_sizes/suv/Ford_Explorer_2019_34_18_290_35_6_78_70_198_16_4WD_7_4_SUV_IfI.jpg,suv
data/processed/car_sizes/midsize/Audi_A5_2019_51_18_240_20_4_72_54_184_23_AWD_4_2_Convertible_QDT.jpg,midsize
data/processed/car_sizes/suv/Volvo_XC90_2014_41_18_240_32_6_76_70_189_16_AWD_7_4_SUV_Rtl.jpg,suv
data/processed/car_sizes/suv/BMW_X3_2014_39_18_240_20_4_74_65_183_21_AWD_5_4_SUV_zSL.jpg,suv
data/processed/car_sizes/full/Jaguar_XF_2020_54_18_240_20_4_78_57_195_23_AWD_5_4_4dr_FRJ.jpg,full
data/processed/car_sizes/midsize/Honda_Civic_2012_16_15_140_18_4_69_55_176_nan_FWD_5_2_2dr_rBB.jpg,midsize
data/processed/car_sizes/full/Toyota_Avalon_2015_39_18_260_35_6_72_57_195_21_FWD_5_4_4dr_fvw.jpg,full
data/processed/car_sizes/suv/Toyota_Highlander_2016_33_18_270_35_6_75_68_191_18_AWD_8_4_SUV_nrs.jpg,suv
data/processed/car_sizes/suv/BMW_X5_2013_56_18_260_30_6_76_69_191_nan_AWD_5_4_SUV_eTz.jpg,suv
data/processed/car_sizes/suv/BMW_X6_2019_63_19_300_30_6_78_67_193_18_RWD_5_4_SUV_nBN.jpg,suv
data/processed/car_sizes/suv/Volkswagen_Tiguan_2016_28_19_200_20_4_71_67_174_21_FWD_5_4_SUV_swu.jpg,suv
data/processed/car_sizes/compact/Kia_Rio_2020_15_15_120_16_4_67_57_172_33_FWD_5_4_4dr_vNx.jpg,compact
data/processed/car_sizes/full/Porsche_Panamera_2020_103_21_330_30_6_76_56_198_19_RWD_4_4_4dr_RIq.jpg,full
data/processed/car_sizes/suv/Lincoln_Aviator_2003_39_17_300_46_8_73_70_193_13_RWD_6_4_SUV_GQi.jpg,suv
data/processed/car_sizes/midsize/Kia_Forte_2016_19_17_170_20_4_70_56_179_24_FWD_5_4_4dr_hWg.jpg,midsize
data/processed/car_sizes/midsize/Audi_A3_2020_33_18_180_20_4_70_55_175_27_FWD_5_4_4dr_kcN.jpg,midsize
data/processed/car_sizes/midsize/Honda_Civic_2012_16_15_140_18_4_69_55_176_nan_FWD_5_2_2dr_obg.jpg,midsize
data/processed/car_sizes/suv/Ford_Edge_2011_36_18_280_35_6_76_67_184_18_AWD_5_4_4dr_Aby.jpg,suv
data/processed/car_sizes/compact/Audi_R8_2012_136_19_430_42_8_75_49_174_13_AWD_2_2_Convertible_NBu.jpg,compact
data/processed/car_sizes/full/Jaguar_XJ_2015_77_19_340_30_6_74_57_201_16_AWD_5_4_4dr_xLh.jpg,full
data/processed/car_sizes/truck/Ford_Ranger_2009_20_15_200_40_6_69_66_nan_15_RWD_3_2_Pickup_tAP.jpg,truck
data/processed/car_sizes/suv/Jeep_Grand Cherokee_2013_29_17_290_36_6_76_69_189_16_4WD_5_4_SUV_HgM.jpg,suv
data/processed/car_sizes/suv/Hyundai_Santa Fe_2015_31_18_290_33_6_74_66_193_18_AWD_7_4_SUV_qaZ.jpg,suv
data/processed/car_sizes/suv/Honda_Pilot_2011_31_17_250_35_6_78_72_190_17_FWD_8_4_SUV_neX.jpg,suv
data/processed/car_sizes/suv/Mazda_CX-9_2012_35_20_270_37_6_76_68_200_16_AWD_7_4_SUV_eXI.jpg,suv
data/processed/car_sizes/truck/Toyota_Tundra_2017_50_20_380_57_8_79_76_nan_13_4WD_5_4_Pickup_iFu.jpg,truck
data/processed/car_sizes/midsize/Nissan_Sentra_2019_25_18_180_16_4_69_58_183_25_FWD_5_4_4dr_Jiz.jpg,midsize
data/processed/car_sizes/compact/Audi_R8_2015_175_19_520_52_10_75_49_174_13_AWD_2_2_Convertible_fMu.jpg,compact
data/processed/car_sizes/compact/Audi_R8_2012_136_19_430_42_8_75_49_174_13_AWD_2_2_Convertible_ZSC.jpg,compact
data/processed/car_sizes/suv/Honda_CR-V_2014_25_17_180_24_4_71_64_178_23_FWD_5_4_SUV_Ozo.jpg,suv
data/processed/car_sizes/full/Toyota_Camry_2017_26_16_200_25_4_71_57_190_42_FWD_5_4_4dr_Znc.jpg,full
data/processed/car_sizes/suv/Toyota_4Runner_2013_41_20_270_40_6_75_70_189_17_4WD_5_4_SUV_nDp.jpg,suv
data/processed/car_sizes/suv/Land Rover_Range Rover Sport_2017_72_20_250_30_6_78_70_191_22_4WD_5_4_SUV_rfS.jpg,suv
data/processed/car_sizes/full/Porsche_Panamera_2020_103_21_330_30_6_76_56_198_19_RWD_4_4_4dr_ZpL.jpg,full
data/processed/car_sizes/midsize/Audi_A4_2015_37_17_220_20_4_71_56_185_22_AWD_5_4_4dr_TfW.jpg,midsize
data/processed/car_sizes/suv/Toyota_Highlander_2016_33_18_270_35_6_75_68_191_18_AWD_8_4_SUV_oTP.jpg,suv
data/processed/car_sizes/full/Porsche_Panamera_2020_103_21_330_30_6_76_56_198_19_RWD_4_4_4dr_uWQ.jpg,full
data/processed/car_sizes/suv/Audi_Q5_2016_40_18_220_20_4_74_65_182_20_AWD_5_4_SUV_kFL.jpg,suv
data/processed/car_sizes/suv/Kia_Sorento_2015_24_17_190_24_4_74_66_184_20_FWD_5_4_SUV_DTX.jpg,suv
data/processed/car_sizes/truck/Toyota_Sienna_2017_29_17_290_35_6_78_68_200_19_FWD_7_4_Van_WDd.jpg,truck
data/processed/car_sizes/truck/Ford_Ranger_2009_20_15_200_40_6_69_66_nan_15_RWD_3_2_Pickup_DLp.jpg,truck
data/processed/car_sizes/truck/Honda_Odyssey_2011_31_17_240_35_6_79_68_202_18_FWD_8_4_Van_DDL.jpg,truck
data/processed/car_sizes/full/Jaguar_XJ_2015_77_19_340_30_6_74_57_201_16_AWD_5_4_4dr_CIg.jpg,full
data/processed/car_sizes/full/Porsche_Panamera_2016_78_18_310_36_6_76_55_197_18_RWD_4_4_4dr_YgZ.jpg,full
data/processed/car_sizes/suv/Ford_Edge_2011_36_18_280_35_6_76_67_184_18_AWD_5_4_4dr_DQH.jpg,suv
data/processed/car_sizes/truck/Honda_Ridgeline_2008_28_17_240_35_6_76_70_206_15_4WD_5_4_Pickup_zVf.jpg,truck
data/processed/car_sizes/suv/Mitsubishi_Outlander_2017_23_18_160_24_4_71_66_184_25_FWD_7_4_SUV_eJM.jpg,suv
data/processed/car_sizes/midsize/Nissan_Versa_2014_12_15_100_16_4_66_59_175_26_FWD_5_4_4dr_Mtk.jpg,midsize
data/processed/car_sizes/suv/Honda_Pilot_2011_31_17_250_35_6_78_72_190_17_FWD_8_4_SUV_QKE.jpg,suv
data/processed/car_sizes/truck/Honda_Ridgeline_2008_28_17_240_35_6_76_70_206_15_4WD_5_4_Pickup_UXc.jpg,truck
data/processed/car_sizes/suv/Toyota_Highlander_2013_31_17_270_35_6_75_68_188_17_4WD_7_4_SUV_DKD.jpg,suv
data/processed/car_sizes/suv/Mazda_CX-9_2016_41_20_220_25_4_77_67_199_21_AWD_7_4_SUV_gdl.jpg,suv
data/processed/car_sizes/truck/Ford_Ranger_2009_20_15_200_40_6_69_66_nan_15_RWD_3_2_Pickup_GSW.jpg,truck
data/processed/car_sizes/suv/Toyota_Land Cruiser_2015_80_18_380_57_8_77_74_194_13_4WD_8_4_SUV_jAY.jpg,suv
data/processed/car_sizes/suv/Volvo_XC90_2019_50_18_250_20_4_79_69_194_20_AWD_7_4_SUV_Xei.jpg,suv
data/processed/car_sizes/suv/Cadillac_Escalade_2014_63_18_400_62_8_79_75_nan_14_RWD_7_4_SUV_Hct.jpg,suv
data/processed/car_sizes/truck/Ford_Ranger_2009_20_15_200_40_6_69_66_nan_15_RWD_3_2_Pickup_eTO.jpg,truck
data/processed/car_sizes/midsize/Cadillac_ATS_2014_41_17_270_20_4_71_55_182_nan_AWD_5_4_4dr_gDo.jpg,midsize
data/processed/car_sizes/suv/Volvo_XC60_2013_34_18_240_32_6_74_67_182_19_AWD_5_4_SUV_xxR.jpg,suv
data/processed/car_sizes/truck/Volkswagen_Golf_2012_25_18_200_20_4_70_57_165_24_FWD_5_2_2dr_Frx.jpg,truck
data/processed/car_sizes/truck/Kia_Sedona_2010_28_17_240_38_6_78_69_202_17_FWD_7_4_Van_Nfo.jpg,truck
data/processed/car_sizes/suv/Acura_MDX_2013_43_18_300_37_6_78_68_191_nan_AWD_7_4_SUV_HCv.jpg,suv
data/processed/car_sizes/truck/Toyota_Tundra_2017_50_20_380_57_8_79_76_nan_13_4WD_5_4_Pickup_zGs.jpg,truck
data/processed/car_sizes/compact/Subaru_BRZ_2020_29_17_200_20_4_69_52_166_24_RWD_4_2_2dr_Rdp.jpg,compact
data/processed/car_sizes/suv/BMW_X6_2014_60_19_300_30_6_78_66_192_17_AWD_4_4_SUV_Xkb.jpg,suv
data/processed/car_sizes/truck/Honda_Odyssey_2011_31_17_240_35_6_79_68_202_18_FWD_8_4_Van_SIv.jpg,truck
data/processed/car_sizes/suv/Subaru_Forester_2011_21_16_170_25_4_70_65_179_21_AWD_5_4_SUV_NeC.jpg,suv
data/processed/car_sizes/suv/Honda_Pilot_2019_34_18_280_35_6_78_70_196_19_FWD_8_4_SUV_xdG.jpg,suv
data/processed/car_sizes/suv/Honda_Pilot_2019_34_18_280_35_6_78_70_196_19_FWD_8_4_SUV_iFX.jpg,suv
data/processed/car_sizes/suv/Mazda_CX-5_2015_29_19_180_25_4_72_65_178_24_AWD_5_4_SUV_qXc.jpg,suv
data/processed/car_sizes/suv/Land Rover_Range Rover_2012_79_19_380_50_8_80_73_195_12_4WD_5_4_SUV_ldQ.jpg,suv
data/processed/car_sizes/midsize/Chevrolet_Malibu_2011_21_17_160_24_4_70_57_191_22_FWD_5_4_4dr_htw.jpg,midsize
data/processed/car_sizes/suv/Ford_Expedition_2017_60_20_360_35_6_78_77_206_15_RWD_8_4_SUV_ONS.jpg,suv
data/processed/car_sizes/truck/Ford_Ranger_2007_16_15_140_23_4_69_66_nan_24_RWD_2_2_Pickup_wSE.jpg,truck
data/processed/car_sizes/suv/Jeep_Wrangler_2011_28_18_200_38_6_73_- _152_15_4WD_4_2_SUV_Zby.jpg,suv
data/processed/car_sizes/suv/Toyota_Highlander_2016_33_18_270_35_6_75_68_191_18_AWD_8_4_SUV_BmW.jpg,suv
data/processed/car_sizes/suv/Lexus_NX_2017_39_17_190_25_4_73_64_182_33_AWD_5_4_SUV_TsS.jpg,suv
data/processed/car_sizes/truck/Honda_Odyssey_2013_31_17_240_35_6_79_68_202_18_FWD_8_4_Van_WAR.jpg,truck
data/processed/car_sizes/full/Jaguar_XJ_2015_77_19_340_30_6_74_57_201_16_AWD_5_4_4dr_bwr.jpg,full
data/processed/car_sizes/suv/Mitsubishi_Outlander_2014_22_16_160_24_4_70_66_183_25_FWD_7_4_SUV_IiN.jpg,suv
data/processed/car_sizes/suv/Jeep_Wrangler_2011_28_18_200_38_6_73_- _152_15_4WD_4_2_SUV_rAs.jpg,suv
data/processed/car_sizes/truck/Toyota_Sienna_2017_29_17_290_35_6_78_68_200_19_FWD_7_4_Van_sNV.jpg,truck
data/processed/car_sizes/compact/Audi_R8_2012_136_19_430_42_8_75_49_174_13_AWD_2_2_Convertible_ntK.jpg,compact
data/processed/car_sizes/suv/Chevrolet_Traverse_2012_31_17_280_36_6_78_70_205_16_AWD_8_4_SUV_OTY.jpg,suv
data/processed/car_sizes/suv/Lexus_LX_2015_83_20_380_57_8_77_73_197_12_4WD_8_4_SUV_vge.jpg,suv
data/processed/car_sizes/suv/Ford_Edge_2011_36_18_280_35_6_76_67_184_18_AWD_5_4_4dr_QMt.jpg,suv
data/processed/car_sizes/truck/Toyota_Tundra_2013_27_18_270_40_6_79_75_nan_16_RWD_6_4_Pickup_vmS.jpg,truck
data/processed/car_sizes/midsize/Toyota_Corolla_2015_17_15_130_18_4_69_57_182_27_FWD_5_4_4dr_RzT.jpg,midsize
data/processed/car_sizes/suv/Toyota_Highlander_2016_33_18_270_35_6_75_68_191_18_AWD_8_4_SUV_pUR.jpg,suv
data/processed/car_sizes/compact/Kia_Rio_2020_15_15_120_16_4_67_57_172_33_FWD_5_4_4dr_bjy.jpg,compact
data/processed/car_sizes/compact/Jaguar_F-Type_2017_66_18_340_30_6_75_51_176_20_RWD_2_2_Convertible_mnN.jpg,compact
data/processed/car_sizes/suv/Hyundai_Santa Fe_2015_31_18_290_33_6_74_66_193_18_AWD_7_4_SUV_fcj.jpg,suv
data/processed/car_sizes/suv/Cadillac_Escalade_2014_63_18_400_62_8_79_75_nan_14_RWD_7_4_SUV_wVm.jpg,suv
data/processed/car_sizes/truck/Toyota_Tundra_2013_27_18_270_40_6_79_75_nan_16_RWD_6_4_Pickup_HsE.jpg,truck
data/processed/car_sizes/truck/Toyota_Tundra_2017_50_20_380_57_8_79_76_nan_13_4WD_5_4_Pickup_cVm.jpg,truck
data/processed/car_sizes/full/Jaguar_XF_2011_52_18_380_50_8_75_57_195_16_RWD_5_4_4dr_oTJ.jpg,full
data/processed/car_sizes/suv/Subaru_Forester_2011_21_16_170_25_4_70_65_179_21_AWD_5_4_SUV_fdH.jpg,suv
data/processed/car_sizes/suv/Honda_Pilot_2011_31_17_250_35_6_78_72_190_17_FWD_8_4_SUV_BeR.jpg,suv
data/processed/car_sizes/suv/Jeep_Wrangler_2011_28_18_200_38_6_73_- _152_15_4WD_4_2_SUV_WdX.jpg,suv
data/processed/car_sizes/suv/Porsche_Cayenne_2014_56_18_240_30_6_76_67_190_20_AWD_5_4_SUV_LSz.jpg,suv
data/processed/car_sizes/suv/Audi_Q5_2012_35_18_210_20_4_74_65_182_20_AWD_5_4_SUV_xBD.jpg,suv
data/processed/car_sizes/compact/Audi_R8_2012_136_19_430_42_8_75_49_174_13_AWD_2_2_Convertible_qRK.jpg,compact
data/processed/car_sizes/suv/Toyota_Land Cruiser_2015_80_18_380_57_8_77_74_194_13_4WD_8_4_SUV_Juz.jpg,suv
data/processed/car_sizes/suv/Ford_Explorer_2019_34_18_290_35_6_78_70_198_16_4WD_7_4_SUV_bTG.jpg,suv
data/processed/car_sizes/truck/Volkswagen_Golf_2017_20_15_170_18_4_70_57_167_25_FWD_5_4_4dr_fHL.jpg,truck
data/processed/car_sizes/midsize/Audi_A4_2015_37_17_220_20_4_71_56_185_22_AWD_5_4_4dr_wzg.jpg,midsize
data/processed/car_sizes/truck/Toyota_Tundra_2017_50_20_380_57_8_79_76_nan_13_4WD_5_4_Pickup_Ame.jpg,truck
data/processed/car_sizes/suv/Volkswagen_Tiguan_2016_28_19_200_20_4_71_67_174_21_FWD_5_4_SUV_gDu.jpg,suv
data/processed/car_sizes/suv/Toyota_RAV4_2015_25_17_170_25_4_72_65_179_22_AWD_5_4_SUV_cAQ.jpg,suv
data/processed/car_sizes/suv/BMW_X6_2019_63_19_300_30_6_78_67_193_18_RWD_5_4_SUV_bmW.jpg,suv
data/processed/car_sizes/full/Porsche_Panamera_2020_103_21_330_30_6_76_56_198_19_RWD_4_4_4dr_drg.jpg,full
data/processed/car_sizes/suv/Porsche_Cayenne_2017_59_18_300_36_6_78_67_191_18_AWD_5_4_SUV_qza.jpg,suv
data/processed/car_sizes/truck/Toyota_Tacoma_2012_20_15_150_27_4_72_66_nan_19_RWD_4_2_Pickup_Oyq.jpg,truck
data/processed/car_sizes/suv/Mazda_CX-5_2017_30_19_180_25_4_72_65_179_23_AWD_5_4_SUV_sYU.jpg,suv
data/processed/car_sizes/suv/Jeep_Wrangler_2017_30_17_280_36_6_73_72_164_17_4WD_4_2_SUV_OkG.jpg,suv
data/processed/car_sizes/compact/Kia_Rio_2020_15_15_120_16_4_67_57_172_33_FWD_5_4_4dr_QVO.jpg,compact
data/processed/car_sizes/compact/Jaguar_F-Type_2017_66_18_340_30_6_75_51_176_20_RWD_2_2_Convertible_puQ.jpg,compact
data/processed/car_sizes/midsize/Audi_A5_2019_51_18_240_20_4_72_54_184_23_AWD_4_2_Convertible_ngL.jpg,midsize
data/processed/car_sizes/midsize/Honda_Civic_2012_16_15_140_18_4_69_55_176_nan_FWD_5_2_2dr_mvX.jpg,midsize
data/processed/car_sizes/suv/Toyota_4Runner_2013_41_20_270_40_6_75_70_189_17_4WD_5_4_SUV_VEh.jpg,suv
data/processed/car_sizes/truck/Toyota_Tacoma_2012_20_15_150_27_4_72_66_nan_19_RWD_4_2_Pickup_ARE.jpg,truck
data/processed/car_sizes/suv/Subaru_Forester_2011_21_16_170_25_4_70_65_179_21_AWD_5_4_SUV_zeA.jpg,suv
data/processed/car_sizes/suv/Honda_CR-V_2016_26_17_180_24_4_71_64_179_26_FWD_5_4_SUV_LBT.jpg,suv
data/processed/car_sizes/suv/Cadillac_Escalade_2014_63_18_400_62_8_79_75_nan_14_RWD_7_4_SUV_cLl.jpg,suv
data/processed/car_sizes/truck/Volkswagen_Golf_2012_25_18_200_20_4_70_57_165_24_FWD_5_2_2dr_xsY.jpg,truck
data/processed/car_sizes/midsize/Audi_A5_2019_51_18_240_20_4_72_54_184_23_AWD_4_2_Convertible_ZQv.jpg,midsize
data/processed/car_sizes/midsize/Buick_Regal_2015_27_18_180_24_nan_73_58_190_19_FWD_5_4_4dr_DqS.jpg,midsize
data/processed/car_sizes/suv/Chevrolet_Traverse_2017_33_17_280_36_6_78_69_203_15_AWD_8_4_SUV_wJt.jpg,suv
data/processed/car_sizes/suv/Audi_Q5_2012_35_18_210_20_4_74_65_182_20_AWD_5_4_SUV_BFm.jpg,suv
data/processed/car_sizes/truck/Toyota_Tundra_2017_50_20_380_57_8_79_76_nan_13_4WD_5_4_Pickup_nXV.jpg,truck
data/processed/car_sizes/suv/Mazda_CX-5_2017_30_19_180_25_4_72_65_179_23_AWD_5_4_SUV_Vvy.jpg,suv
data/processed/car_sizes/compact/Toyota_Yaris_2017_16_15_100_15_4_66_59_155_30_FWD_5_2_2dr_rTN.jpg,compact
data/processed/car_sizes/truck/Kia_Sedona_2010_28_17_240_38_6_78_69_202_17_FWD_7_4_Van_Swc.jpg,truck
data/processed/car_sizes/midsize/Nissan_Versa_2014_12_15_100_16_4_66_59_175_26_FWD_5_4_4dr_iKq.jpg,midsize
data/processed/car_sizes/suv/Mitsubishi_Outlander_2017_23_18_160_24_4_71_66_184_25_FWD_7_4_SUV_JZV.jpg,suv
data/processed/car_sizes/suv/Ford_Edge_2011_36_18_280_35_6_76_67_184_18_AWD_5_4_4dr_fBF.jpg,suv
data/processed/car_sizes/midsize/Chevrolet_Malibu_2011_21_17_160_24_4_70_57_191_22_FWD_5_4_4dr_Yth.jpg,midsize
data/processed/car_sizes/suv/Land Rover_Discovery_2004_40_18_210_46_8_74_76_185_12_4WD_5_4_SUV_Ska.jpg,suv
data/processed/car_sizes/midsize/Kia_Forte_2019_21_17_140_20_4_70_56_182_30_FWD_5_4_4dr_DBM.jpg,midsize
data/processed/car_sizes/suv/Lexus_LX_2015_83_20_380_57_8_77_73_197_12_4WD_8_4_SUV_Mhh.jpg,suv
data/processed/car_sizes/midsize/Kia_Forte_2016_19_17_170_20_4_70_56_179_24_FWD_5_4_4dr_VOH.jpg,midsize
data/processed/car_sizes/suv/BMW_X3_2014_39_18_240_20_4_74_65_183_21_AWD_5_4_SUV_qLf.jpg,suv
data/processed/car_sizes/suv/Land Rover_Range Rover_2012_79_19_380_50_8_80_73_195_12_4WD_5_4_SUV_uRA.jpg,suv
data/processed/car_sizes/suv/Honda_Pilot_2019_34_18_280_35_6_78_70_196_19_FWD_8_4_SUV_LrO.jpg,suv
data/processed/car_sizes/suv/Jeep_Compass_2011_20_17_170_24_4_69_65_173_22_4WD_5_4_SUV_NrH.jpg,suv
data/processed/car_sizes/suv/Jeep_Compass_2011_20_17_170_24_4_69_65_173_22_4WD_5_4_SUV_SKv.jpg,suv
data/processed/car_sizes/truck/Kia_Sedona_2010_28_17_240_38_6_78_69_202_17_FWD_7_4_Van_orZ.jpg,truck
data/processed/car_sizes/suv/Jeep_Compass_2017_21_18_170_24_4_71_65_175_20_4WD_5_4_SUV_lJh.jpg,suv
data/processed/car_sizes/truck/Kia_Sedona_2010_28_17_240_38_6_78_69_202_17_FWD_7_4_Van_jGO.jpg,truck
data/processed/car_sizes/midsize/Nissan_Sentra_2019_25_18_180_16_4_69_58_183_25_FWD_5_4_4dr_cXo.jpg,midsize
data/processed/car_sizes/truck/Volkswagen_Golf_2017_20_15_170_18_4_70_57_167_25_FWD_5_4_4dr_mGl.jpg,truck
data/processed/car_sizes/full/Porsche_Panamera_2020_103_21_330_30_6_76_56_198_19_RWD_4_4_4dr_gHO.jpg,full
data/processed/car_sizes/compact/Jaguar_F-Type_2017_66_18_340_30_6_75_51_176_20_RWD_2_2_Convertible_Eht.jpg,compact
data/processed/car_sizes/suv/Chevrolet_TrailBlazer_2005_28_17_270_42_6_74_75_nan_15_RWD_7_4_SUV_Azk.jpg,suv
data/processed/car_sizes/compact/Audi_R8_2012_136_19_430_42_8_75_49_174_13_AWD_2_2_Convertible_fDk.jpg,compact
data/processed/car_sizes/suv/Cadillac_Escalade_2014_63_18_400_62_8_79_75_nan_14_RWD_7_4_SUV_ygt.jpg,suv
data/processed/car_sizes/suv/Jeep_Compass_2011_20_17_170_24_4_69_65_173_22_4WD_5_4_SUV_npp.jpg,suv
data/processed/car_sizes/suv/Nissan_Pathfinder_2013_39_20_260_35_6_77_70_197_20_FWD_7_4_SUV_oaN.jpg,suv
data/processed/car_sizes/suv/Honda_CR-V_2012_24_17_180_24_4_71_65_178_23_FWD_5_4_SUV_qAL.jpg,suv
data/processed/car_sizes/suv/Land Rover_Discovery_2004_40_18_210_46_8_74_76_185_12_4WD_5_4_SUV_dKe.jpg,suv
data/processed/car_sizes/suv/BMW_X6_2019_63_19_300_30_6_78_67_193_18_RWD_5_4_SUV_LAn.jpg,suv
data/processed/car_sizes/midsize/Nissan_Versa_2014_12_15_100_16_4_66_59_175_26_FWD_5_4_4dr_drQ.jpg,midsize
data/processed/car_sizes/suv/Ford_Escape_2012_32_16_170_25_4_71_67_174_30_4WD_5_4_SUV_Axm.jpg,suv
data/processed/car_sizes/truck/Toyota_Tundra_2017_50_20_380_57_8_79_76_nan_13_4WD_5_4_Pickup_QVj.jpg,truck
data/processed/car_sizes/suv/Honda_Pilot_2011_31_17_250_35_6_78_72_190_17_FWD_8_4_SUV_NRw.jpg,suv
data/processed/car_sizes/suv/Mitsubishi_Outlander_2017_23_18_160_24_4_71_66_184_25_FWD_7_4_SUV_Rik.jpg,suv
data/processed/car_sizes/suv/Nissan_Pathfinder_2013_39_20_260_35_6_77_70_197_20_FWD_7_4_SUV_cZI.jpg,suv
data/processed/car_sizes/suv/Honda_Pilot_2011_31_17_250_35_6_78_72_190_17_FWD_8_4_SUV_ypP.jpg,suv
data/processed/car_sizes/full/Porsche_Panamera_2020_103_21_330_30_6_76_56_198_19_RWD_4_4_4dr_fZZ.jpg,full
data/processed/car_sizes/suv/Honda_Pilot_2019_34_18_280_35_6_78_70_196_19_FWD_8_4_SUV_uOD.jpg,suv
data/processed/car_sizes/midsize/Audi_A4_2015_37_17_220_20_4_71_56_185_22_AWD_5_4_4dr_rCK.jpg,midsize
data/processed/car_sizes/midsize/Nissan_Sentra_2019_25_18_180_16_4_69_58_183_25_FWD_5_4_4dr_Klk.jpg,midsize
data/processed/car_sizes/compact/Toyota_Yaris_2017_16_15_100_15_4_66_59_155_30_FWD_5_2_2dr_xIp.jpg,compact
data/processed/car_sizes/midsize/Chevrolet_Malibu_2015_22_16_190_25_4_73_57_191_25_FWD_5_4_4dr_fBe.jpg,midsize
data/processed/car_sizes/midsize/Subaru_Impreza_2014_18_15_140_20_4_68_57_180_27_AWD_5_4_4dr_iAX.jpg,midsize
data/processed/car_sizes/suv/BMW_X6_2019_63_19_300_30_6_78_67_193_18_RWD_5_4_SUV_qHA.jpg,suv
data/processed/car_sizes/suv/Volvo_XC90_2019_50_18_250_20_4_79_69_194_20_AWD_7_4_SUV_uLH.jpg,suv
data/processed/car_sizes/suv/Ford_Escape_2016_27_17_170_16_4_72_66_178_22_4WD_5_4_SUV_uSt.jpg,suv
data/processed/car_sizes/truck/Volkswagen_Golf_2017_20_15_170_18_4_70_57_167_25_FWD_5_4_4dr_TzD.jpg,truck
data/processed/car_sizes/suv/Mazda_CX-9_2012_35_20_270_37_6_76_68_200_16_AWD_7_4_SUV_WTe.jpg,suv
data/processed/car_sizes/suv/Mazda_CX-9_2012_35_20_270_37_6_76_68_200_16_AWD_7_4_SUV_RnA.jpg,suv
data/processed/car_sizes/suv/Jeep_Wrangler_2017_30_17_280_36_6_73_72_164_17_4WD_4_2_SUV_Nmb.jpg,suv
data/processed/car_sizes/compact/Audi_TT_2014_39_18_210_20_4_72_53_165_22_AWD_4_2_2dr_Kvr.jpg,compact
data/processed/car_sizes/suv/BMW_X5_2013_56_18_260_30_6_76_69_191_nan_AWD_5_4_SUV_emq.jpg,suv
data/processed/car_sizes/suv/Ford_Edge_2011_36_18_280_35_6_76_67_184_18_AWD_5_4_4dr_hlS.jpg,suv
data/processed/car_sizes/suv/Volkswagen_Tiguan_2016_28_19_200_20_4_71_67_174_21_FWD_5_4_SUV_VvZ.jpg,suv
data/processed/car_sizes/suv/Jeep_Renegade_2015_23_16_160_14_4_74_66_166_24_4WD_5_4_SUV_FXx.jpg,suv
data/processed/car_sizes/suv/Audi_Q5_2016_40_18_220_20_4_74_65_182_20_AWD_5_4_SUV_QpP.jpg,suv
data/processed/car_sizes/suv/Jeep_Wrangler_2011_28_18_200_38_6_73_- _152_15_4WD_4_2_SUV_dNE.jpg,suv
data/processed/car_sizes/midsize/Kia_Forte_2016_19_17_170_20_4_70_56_179_24_FWD_5_4_4dr_Pqx.jpg,midsize
data/processed/car_sizes/suv/Hyundai_Santa Fe_2012_24_17_170_24_4_74_67_184_20_AWD_5_4_SUV_Ent.jpg,suv
data/processed/car_sizes/suv/Hyundai_Tucson_2015_23_17_160_20_4_71_65_173_21_AWD_5_4_SUV_OBj.jpg,suv
data/processed/car_sizes/suv/Subaru_Forester_2016_29_18_250_20_4_70_68_180_23_AWD_5_4_SUV_yyN.jpg,suv
data/processed/car_sizes/full/Jaguar_XF_2011_52_18_380_50_8_75_57_195_16_RWD_5_4_4dr_TML.jpg,full
data/processed/car_sizes/suv/Mitsubishi_Outlander_2014_22_16_160_24_4_70_66_183_25_FWD_7_4_SUV_mTy.jpg,suv
data/processed/car_sizes/full/Toyota_Camry_2017_26_16_200_25_4_71_57_190_42_FWD_5_4_4dr_ELF.jpg,full
data/processed/car_sizes/truck/Kia_Sedona_2010_28_17_240_38_6_78_69_202_17_FWD_7_4_Van_SFn.jpg,truck
data/processed/car_sizes/suv/Chevrolet_Tahoe_2013_40_17_320_53_8_79_76_nan_15_RWD_9_4_SUV_Uwf.jpg,suv
data/processed/car_sizes/suv/Kia_Sorento_2015_24_17_190_24_4_74_66_184_20_FWD_5_4_SUV_pyH.jpg,suv
data/processed/car_sizes/suv/Ford_Edge_2011_36_18_280_35_6_76_67_184_18_AWD_5_4_4dr_Kwd.jpg,suv
data/processed/car_sizes/suv/Ford_Escape_2012_32_16_170_25_4_71_67_174_30_4WD_5_4_SUV_kMR.jpg,suv
data/processed/car_sizes/full/Toyota_Camry_2017_26_16_200_25_4_71_57_190_42_FWD_5_4_4dr_eZy.jpg,full
data/processed/car_sizes/suv/Kia_Sportage_2016_26_18_180_24_4_73_64_174_19_AWD_5_4_SUV_tNh.jpg,suv
data/processed/car_sizes/truck/Kia_Sedona_2010_28_17_240_38_6_78_69_202_17_FWD_7_4_Van_mDW.jpg,truck
data/processed/car_sizes/suv/Honda_Pilot_2011_31_17_250_35_6_78_72_190_17_FWD_8_4_SUV_INb.jpg,suv
data/processed/car_sizes/suv/Lexus_NX_2017_39_17_190_25_4_73_64_182_33_AWD_5_4_SUV_STT.jpg,suv
data/processed/car_sizes/truck/Volkswagen_Golf_2017_20_15_170_18_4_70_57_167_25_FWD_5_4_4dr_yeN.jpg,truck
data/processed/car_sizes/suv/Land Rover_Range Rover Evoque_2015_57_20_240_20_4_74_63_171_21_4WD_5_2_SUV_MYU.jpg,suv
data/processed/car_sizes/suv/BMW_X6_2019_63_19_300_30_6_78_67_193_18_RWD_5_4_SUV_NYG.jpg,suv
data/processed/car_sizes/suv/Mitsubishi_Outlander_2012_22_16_160_24_4_70_66_183_23_FWD_5_4_SUV_kMq.jpg,suv
data/processed/car_sizes/suv/Volkswagen_Tiguan_2011_24_16_200_20_4_71_66_174_20_FWD_5_4_SUV_NjQ.jpg,suv
data/processed/car_sizes/suv/Toyota_Highlander_2013_31_17_270_35_6_75_68_188_17_4WD_7_4_SUV_bTz.jpg,suv
data/processed/car_sizes/suv/Jeep_Compass_2017_21_18_170_24_4_71_65_175_20_4WD_5_4_SUV_Fwu.jpg,suv
data/processed/car_sizes/full/Porsche_Panamera_2013_75_18_300_36_6_76_55_195_18_RWD_4_4_4dr_hus.jpg,full
data/processed/car_sizes/truck/Volkswagen_Golf_2012_25_18_200_20_4_70_57_165_24_FWD_5_2_2dr_Kxc.jpg,truck
data/processed/car_sizes/truck/Ford_Ranger_2009_20_15_200_40_6_69_66_nan_15_RWD_3_2_Pickup_yMg.jpg,truck
data/processed/car_sizes/truck/Volkswagen_Golf_2017_20_15_170_18_4_70_57_167_25_FWD_5_4_4dr_ynC.jpg,truck
data/processed/car_sizes/suv/Jeep_Compass_2017_21_18_170_24_4_71_65_175_20_4WD_5_4_SUV_ZVj.jpg,suv
data/processed/car_sizes/suv/Porsche_Cayenne_2017_59_18_300_36_6_78_67_191_18_AWD_5_4_SUV_GTN.jpg,suv
data/processed/car_sizes/compact/Kia_Rio_2020_15_15_120_16_4_67_57_172_33_FWD_5_4_4dr_xCt.jpg,compact
data/processed/car_sizes/truck/Volkswagen_Golf_2017_20_15_170_18_4_70_57_167_25_FWD_5_4_4dr_BBg.jpg,truck
data/processed/car_sizes/suv/Chevrolet_Tahoe_2013_40_17_320_53_8_79_76_nan_15_RWD_9_4_SUV_zYe.jpg,suv
data/processed/car_sizes/suv/Land Rover_Range Rover Sport_2013_60_19_370_50_8_76_71_188_13_4WD_5_4_SUV_swx.jpg,suv
data/processed/car_sizes/suv/BMW_X6_2014_60_19_300_30_6_78_66_192_17_AWD_4_4_SUV_avV.jpg,suv
data/processed/car_sizes/midsize/Audi_A4_2015_37_17_220_20_4_71_56_185_22_AWD_5_4_4dr_bXk.jpg,midsize
data/processed/car_sizes/suv/Jeep_Renegade_2015_23_16_160_14_4_74_66_166_24_4WD_5_4_SUV_tjl.jpg,suv
data/processed/car_sizes/truck/Toyota_Tundra_2013_27_18_270_40_6_79_75_nan_16_RWD_6_4_Pickup_TzX.jpg,truck
data/processed/car_sizes/suv/Kia_Sportage_2016_26_18_180_24_4_73_64_174_19_AWD_5_4_SUV_mob.jpg,suv
data/processed/car_sizes/suv/BMW_X6_2014_60_19_300_30_6_78_66_192_17_AWD_4_4_SUV_Fhl.jpg,suv
data/processed/car_sizes/suv/Porsche_Cayenne_2017_59_18_300_36_6_78_67_191_18_AWD_5_4_SUV_rzB.jpg,suv
data/processed/car_sizes/suv/BMW_X3_2017_40_18_240_20_4_74_66_183_21_RWD_5_4_SUV_dJN.jpg,suv
data/processed/car_sizes/suv/BMW_X6_2019_63_19_300_30_6_78_67_193_18_RWD_5_4_SUV_Cyo.jpg,suv
data/processed/car_sizes/suv/Volvo_XC90_2019_50_18_250_20_4_79_69_194_20_AWD_7_4_SUV_fvu.jpg,suv
data/processed/car_sizes/truck/Honda_Ridgeline_2008_28_17_240_35_6_76_70_206_15_4WD_5_4_Pickup_EmA.jpg,truck
data/processed/car_sizes/midsize/Chevrolet_Malibu_2013_24_17_180_24_4_73_57_191_25_FWD_5_4_4dr_XpJ.jpg,midsize
data/processed/car_sizes/suv/Subaru_Forester_2011_21_16_170_25_4_70_65_179_21_AWD_5_4_SUV_wgL.jpg,suv
data/processed/car_sizes/suv/BMW_X6_2019_63_19_300_30_6_78_67_193_18_RWD_5_4_SUV_Qie.jpg,suv
data/processed/car_sizes/midsize/Buick_Regal_2015_27_18_180_24_nan_73_58_190_19_FWD_5_4_4dr_Eci.jpg,midsize
data/processed/car_sizes/suv/Honda_Pilot_2011_31_17_250_35_6_78_72_190_17_FWD_8_4_SUV_egA.jpg,suv
data/processed/car_sizes/suv/BMW_X6_2019_63_19_300_30_6_78_67_193_18_RWD_5_4_SUV_Hwl.jpg,suv
data/processed/car_sizes/suv/Hyundai_Tucson_2015_23_17_160_20_4_71_65_173_21_AWD_5_4_SUV_Omy.jpg,suv
data/processed/car_sizes/suv/Land Rover_Range Rover Evoque_2015_57_20_240_20_4_74_63_171_21_4WD_5_2_SUV_MtR.jpg,suv
data/processed/car_sizes/truck/Honda_Odyssey_2011_31_17_240_35_6_79_68_202_18_FWD_8_4_Van_dvk.jpg,truck
data/processed/car_sizes/suv/BMW_X6_2014_60_19_300_30_6_78_66_192_17_AWD_4_4_SUV_Kej.jpg,suv
data/processed/car_sizes/suv/Jeep_Compass_2011_20_17_170_24_4_69_65_173_22_4WD_5_4_SUV_pco.jpg,suv
data/processed/car_sizes/full/Jaguar_XF_2011_52_18_380_50_8_75_57_195_16_RWD_5_4_4dr_CUy.jpg,full
data/processed/car_sizes/suv/Jeep_Grand Cherokee_2013_29_17_290_36_6_76_69_189_16_4WD_5_4_SUV_Rjj.jpg,suv
data/processed/car_sizes/suv/Jeep_Renegade_2015_23_16_160_14_4_74_66_166_24_4WD_5_4_SUV_JPk.jpg,suv
data/processed/car_sizes/compact/Toyota_Yaris_2014_15_15_100_15_4_66_59_153_30_FWD_5_2_2dr_LYt.jpg,compact
data/processed/car_sizes/suv/Ford_Edge_2011_36_18_280_35_6_76_67_184_18_AWD_5_4_4dr_gQn.jpg,suv
data/processed/car_sizes/truck/Toyota_Tundra_2017_50_20_380_57_8_79_76_nan_13_4WD_5_4_Pickup_bJP.jpg,truck
data/processed/car_sizes/midsize/Chevrolet_Malibu_2011_21_17_160_24_4_70_57_191_22_FWD_5_4_4dr_mxd.jpg,midsize
data/processed/car_sizes/truck/Ford_Ranger_2007_16_15_140_23_4_69_66_nan_24_RWD_2_2_Pickup_wvb.jpg,truck
data/processed/car_sizes/compact/Jaguar_F-Type_2017_66_18_340_30_6_75_51_176_20_RWD_2_2_Convertible_uKB.jpg,compact
data/processed/car_sizes/full/Jaguar_XF_2011_52_18_380_50_8_75_57_195_16_RWD_5_4_4dr_oSX.jpg,full
data/processed/car_sizes/compact/Audi_R8_2012_136_19_430_42_8_75_49_174_13_AWD_2_2_Convertible_fGO.jpg,compact
data/processed/car_sizes/suv/Audi_Q7_2015_53_19_240_30_6_78_68_200_19_AWD_7_4_SUV_HxN.jpg,suv
data/processed/car_sizes/suv/Honda_Pilot_2019_34_18_280_35_6_78_70_196_19_FWD_8_4_SUV_HtS.jpg,suv
data/processed/car_sizes/suv/Volvo_XC90_2019_50_18_250_20_4_79_69_194_20_AWD_7_4_SUV_uUw.jpg,suv
data/processed/car_sizes/suv/Hyundai_Santa Fe_2015_31_18_290_33_6_74_66_193_18_AWD_7_4_SUV_UnU.jpg,suv
data/processed/car_sizes/truck/Honda_Ridgeline_2008_28_17_240_35_6_76_70_206_15_4WD_5_4_Pickup_oel.jpg,truck
data/processed/car_sizes/full/Jaguar_XF_2011_52_18_380_50_8_75_57_195_16_RWD_5_4_4dr_nGS.jpg,full
data/processed/car_sizes/suv/Mitsubishi_Outlander_2014_22_16_160_24_4_70_66_183_25_FWD_7_4_SUV_Sys.jpg,suv
data/processed/car_sizes/midsize/Honda_Civic_2012_16_15_140_18_4_69_55_176_nan_FWD_5_2_2dr_ntj.jpg,midsize
data/processed/car_sizes/compact/Mitsubishi_Mirage_2015_14_14_740_12_3_65_59_148_37_FWD_5_4_4dr_tYM.jpg,compact
data/processed/car_sizes/midsize/Honda_Civic_2012_16_15_140_18_4_69_55_176_nan_FWD_5_2_2dr_Zan.jpg,midsize
data/processed/car_sizes/suv/Mitsubishi_Outlander_2017_23_18_160_24_4_71_66_184_25_FWD_7_4_SUV_IZu.jpg,suv
data/processed/car_sizes/suv/Land Rover_Range Rover_2012_79_19_380_50_8_80_73_195_12_4WD_5_4_SUV_wkM.jpg,suv
data/processed/car_sizes/suv/Mitsubishi_Outlander_2014_22_16_160_24_4_70_66_183_25_FWD_7_4_SUV_NBM.jpg,suv
data/processed/car_sizes/truck/Ford_Ranger_2009_20_15_200_40_6_69_66_nan_15_RWD_3_2_Pickup_keX.jpg,truck
data/processed/car_sizes/full/Jaguar_XF_2011_52_18_380_50_8_75_57_195_16_RWD_5_4_4dr_tPr.jpg,full
data/processed/car_sizes/suv/Mitsubishi_Outlander_2017_23_18_160_24_4_71_66_184_25_FWD_7_4_SUV_mRw.jpg,suv
data/processed/car_sizes/truck/Kia_Sedona_2010_28_17_240_38_6_78_69_202_17_FWD_7_4_Van_yVM.jpg,truck
data/processed/car_sizes/midsize/Nissan_Sentra_2019_25_18_180_16_4_69_58_183_25_FWD_5_4_4dr_nsc.jpg,midsize
data/processed/car_sizes/suv/Honda_Pilot_2019_34_18_280_35_6_78_70_196_19_FWD_8_4_SUV_MmT.jpg,suv
data/processed/car_sizes/truck/Kia_Sedona_2010_28_17_240_38_6_78_69_202_17_FWD_7_4_Van_cPo.jpg,truck
data/processed/car_sizes/midsize/Honda_Civic_2012_16_15_140_18_4_69_55_176_nan_FWD_5_2_2dr_JFH.jpg,midsize
data/processed/car_sizes/full/Lexus_LS_2012_69_18_350_46_8_73_58_199_16_AWD_5_4_4dr_tMT.jpg,full
data/processed/car_sizes/suv/Toyota_RAV4_2012_24_16_170_25_4_71_66_181_21_4WD_5_4_SUV_FJS.jpg,suv
data/processed/car_sizes/compact/Hyundai_Accent_2017_16_14_130_16_4_66_57_162_26_FWD_5_4_4dr_ENy.jpg,compact
data/processed/car_sizes/midsize/Toyota_Corolla_2015_17_15_130_18_4_69_57_182_27_FWD_5_4_4dr_hQZ.jpg,midsize
data/processed/car_sizes/midsize/Chevrolet_Malibu_2013_24_17_180_24_4_73_57_191_25_FWD_5_4_4dr_fhL.jpg,midsize
data/processed/car_sizes/suv/Volvo_XC60_2013_34_18_240_32_6_74_67_182_19_AWD_5_4_SUV_anl.jpg,suv
data/processed/car_sizes/truck/Toyota_Sienna_2017_29_17_290_35_6_78_68_200_19_FWD_7_4_Van_dHs.jpg,truck
data/processed/car_sizes/suv/Volvo_XC90_2019_50_18_250_20_4_79_69_194_20_AWD_7_4_SUV_Beq.jpg,suv
data/processed/car_sizes/suv/Mazda_CX-5_2015_29_19_180_25_4_72_65_178_24_AWD_5_4_SUV_qGw.jpg,suv
data/processed/car_sizes/compact/Toyota_Yaris_2017_16_15_100_15_4_66_59_155_30_FWD_5_2_2dr_tff.jpg,compact
data/processed/car_sizes/suv/Hyundai_Tucson_2015_23_17_160_20_4_71_65_173_21_AWD_5_4_SUV_lfS.jpg,suv
data/processed/car_sizes/suv/Mazda_CX-5_2015_29_19_180_25_4_72_65_178_24_AWD_5_4_SUV_TDH.jpg,suv
data/processed/car_sizes/suv/Mazda_CX-5_2017_30_19_180_25_4_72_65_179_23_AWD_5_4_SUV_cXM.jpg,suv
data/processed/car_sizes/suv/Jeep_Wrangler_2011_28_18_200_38_6_73_- _152_15_4WD_4_2_SUV_sgn.jpg,suv
data/processed/car_sizes/suv/Toyota_Sequoia_2017_57_20_380_57_8_79_77_205_13_4WD_8_4_SUV_eRU.jpg,suv
data/processed/car_sizes/suv/Acura_RDX_2012_34_18_240_23_4_73_65_182_17_AWD_5_4_SUV_HfB.jpg,suv
data/processed/car_sizes/midsize/Nissan_Versa_2014_12_15_100_16_4_66_59_175_26_FWD_5_4_4dr_DxB.jpg,midsize
data/processed/car_sizes/suv/Kia_Sorento_2012_21_17_170_24_4_74_67_183_20_FWD_5_4_SUV_Nge.jpg,suv
data/processed/car_sizes/midsize/Chevrolet_Malibu_2011_21_17_160_24_4_70_57_191_22_FWD_5_4_4dr_igo.jpg,midsize
data/processed/car_sizes/midsize/Chevrolet_Malibu_2013_24_17_180_24_4_73_57_191_25_FWD_5_4_4dr_NIb.jpg,midsize
data/processed/car_sizes/suv/Jeep_Compass_2013_23_17_170_24_4_69_65_173_21_4WD_5_4_SUV_fcQ.jpg,suv
data/processed/car_sizes/full/Lexus_LS_2012_69_18_350_46_8_73_58_199_16_AWD_5_4_4dr_FiT.jpg,full
data/processed/car_sizes/suv/Ford_Explorer_2019_34_18_290_35_6_78_70_198_16_4WD_7_4_SUV_oNn.jpg,suv
data/processed/car_sizes/truck/Ford_Ranger_2007_16_15_140_23_4_69_66_nan_24_RWD_2_2_Pickup_Jwj.jpg,truck
data/processed/car_sizes/truck/Volkswagen_Golf_2017_20_15_170_18_4_70_57_167_25_FWD_5_4_4dr_uCX.jpg,truck
data/processed/car_sizes/suv/Chevrolet_TrailBlazer_2005_28_17_270_42_6_74_75_nan_15_RWD_7_4_SUV_MSX.jpg,suv
data/processed/car_sizes/suv/Jeep_Wrangler_2011_28_18_200_38_6_73_- _152_15_4WD_4_2_SUV_sJE.jpg,suv
data/processed/car_sizes/truck/Ford_Ranger_2007_16_15_140_23_4_69_66_nan_24_RWD_2_2_Pickup_SqK.jpg,truck
data/processed/car_sizes/midsize/Audi_A5_2019_51_18_240_20_4_72_54_184_23_AWD_4_2_Convertible_KnQ.jpg,midsize
data/processed/car_sizes/suv/Ford_Escape_2012_32_16_170_25_4_71_67_174_30_4WD_5_4_SUV_yOO.jpg,suv
data/processed/car_sizes/suv/Jeep_Compass_2011_20_17_170_24_4_69_65_173_22_4WD_5_4_SUV_bqT.jpg,suv
data/processed/car_sizes/suv/Kia_Sportage_2014_25_18_180_24_4_73_64_174_nan_FWD_5_4_SUV_uQF.jpg,suv
data/processed/car_sizes/suv/Ford_Escape_2012_32_16_170_25_4_71_67_174_30_4WD_5_4_SUV_zAJ.jpg,suv
data/processed/car_sizes/suv/Volvo_XC90_2019_50_18_250_20_4_79_69_194_20_AWD_7_4_SUV_HDa.jpg,suv
data/processed/car_sizes/suv/Volvo_XC90_2019_50_18_250_20_4_79_69_194_20_AWD_7_4_SUV_kvx.jpg,suv
data/processed/car_sizes/truck/Ford_Ranger_2007_16_15_140_23_4_69_66_nan_24_RWD_2_2_Pickup_zDq.jpg,truck
data/processed/car_sizes/midsize/Kia_Forte_2019_21_17_140_20_4_70_56_182_30_FWD_5_4_4dr_mpQ.jpg,midsize
data/processed/car_sizes/midsize/Nissan_Sentra_2019_25_18_180_16_4_69_58_183_25_FWD_5_4_4dr_mDn.jpg,midsize
data/processed/car_sizes/compact/Subaru_BRZ_2020_29_17_200_20_4_69_52_166_24_RWD_4_2_2dr_mFB.jpg,compact
data/processed/car_sizes/suv/Toyota_Highlander_2016_33_18_270_35_6_75_68_191_18_AWD_8_4_SUV_WaK.jpg,suv
data/processed/car_sizes/suv/Porsche_Cayenne_2014_56_18_240_30_6_76_67_190_20_AWD_5_4_SUV_EKY.jpg,suv
data/processed/car_sizes/truck/Honda_Ridgeline_2008_28_17_240_35_6_76_70_206_15_4WD_5_4_Pickup_rtE.jpg,truck
data/processed/car_sizes/suv/Jeep_Wrangler_2017_30_17_280_36_6_73_72_164_17_4WD_4_2_SUV_jHr.jpg,suv
data/processed/car_sizes/suv/Volvo_XC90_2019_50_18_250_20_4_79_69_194_20_AWD_7_4_SUV_EBu.jpg,suv
data/processed/car_sizes/suv/Honda_Pilot_2011_31_17_250_35_6_78_72_190_17_FWD_8_4_SUV_AXi.jpg,suv
data/processed/car_sizes/midsize/Toyota_Corolla_2015_17_15_130_18_4_69_57_182_27_FWD_5_4_4dr_xxl.jpg,midsize
data/processed/car_sizes/suv/Nissan_Pathfinder_2013_39_20_260_35_6_77_70_197_20_FWD_7_4_SUV_qrK.jpg,suv
data/processed/car_sizes/suv/Jeep_Wrangler_2011_28_18_200_38_6_73_- _152_15_4WD_4_2_SUV_XAk.jpg,suv
data/processed/car_sizes/full/Toyota_Camry_2017_26_16_200_25_4_71_57_190_42_FWD_5_4_4dr_PcI.jpg,full
data/processed/car_sizes/full/Audi_A8_2013_72_19_330_30_6_76_57_202_18_AWD_5_4_4dr_DfF.jpg,full
data/processed/car_sizes/suv/BMW_X6_2014_60_19_300_30_6_78_66_192_17_AWD_4_4_SUV_NVr.jpg,suv
data/processed/car_sizes/suv/Honda_CR-V_2012_24_17_180_24_4_71_65_178_23_FWD_5_4_SUV_NlV.jpg,suv
data/processed/car_sizes/suv/Acura_RDX_2012_34_18_240_23_4_73_65_182_17_AWD_5_4_SUV_lEQ.jpg,suv
data/processed/car_sizes/full/Porsche_Panamera_2020_103_21_330_30_6_76_56_198_19_RWD_4_4_4dr_cmu.jpg,full
data/processed/car_sizes/suv/Jeep_Compass_2011_20_17_170_24_4_69_65_173_22_4WD_5_4_SUV_krY.jpg,suv
data/processed/car_sizes/suv/Toyota_Sequoia_2017_57_20_380_57_8_79_77_205_13_4WD_8_4_SUV_TiA.jpg,suv
data/processed/car_sizes/compact/Kia_Rio_2020_15_15_120_16_4_67_57_172_33_FWD_5_4_4dr_lIn.jpg,compact
data/processed/car_sizes/midsize/Kia_Forte_2016_19_17_170_20_4_70_56_179_24_FWD_5_4_4dr_aVN.jpg,midsize
data/processed/car_sizes/compact/Nissan_370Z_2012_33_18_330_37_6_72_51_167_19_RWD_2_2_2dr_qUc.jpg,compact
data/processed/car_sizes/truck/Honda_Ridgeline_2008_28_17_240_35_6_76_70_206_15_4WD_5_4_Pickup_XZQ.jpg,truck
data/processed/car_sizes/midsize/Chevrolet_Malibu_2015_22_16_190_25_4_73_57_191_25_FWD_5_4_4dr_fwb.jpg,midsize
data/processed/car_sizes/truck/Toyota_Sienna_2017_29_17_290_35_6_78_68_200_19_FWD_7_4_Van_gLx.jpg,truck
data/processed/car_sizes/suv/Honda_CR-V_2014_25_17_180_24_4_71_64_178_23_FWD_5_4_SUV_oAO.jpg,suv
data/processed/car_sizes/suv/Audi_Q5_2012_35_18_210_20_4_74_65_182_20_AWD_5_4_SUV_Sqp.jpg,suv
data/processed/car_sizes/truck/Volkswagen_Golf_2017_20_15_170_18_4_70_57_167_25_FWD_5_4_4dr_zwg.jpg,truck
data/processed/car_sizes/suv/Toyota_RAV4_2012_24_16_170_25_4_71_66_181_21_4WD_5_4_SUV_Ofm.jpg,suv
data/processed/car_sizes/compact/Audi_R8_2012_136_19_430_42_8_75_49_174_13_AWD_2_2_Convertible_hpw.jpg,compact
data/processed/car_sizes/suv/Hyundai_Santa Fe_2015_31_18_290_33_6_74_66_193_18_AWD_7_4_SUV_eAI.jpg,suv
data/processed/car_sizes/suv/Ford_Edge_2011_36_18_280_35_6_76_67_184_18_AWD_5_4_4dr_fUo.jpg,suv
data/processed/car_sizes/midsize/Chevrolet_Malibu_2011_21_17_160_24_4_70_57_191_22_FWD_5_4_4dr_mVP.jpg,midsize
data/processed/car_sizes/suv/Chevrolet_Traverse_2012_31_17_280_36_6_78_70_205_16_AWD_8_4_SUV_AXN.jpg,suv
data/processed/car_sizes/suv/Jeep_Compass_2017_21_18_170_24_4_71_65_175_20_4WD_5_4_SUV_Cxa.jpg,suv
data/processed/car_sizes/suv/Jeep_Wrangler_2017_30_17_280_36_6_73_72_164_17_4WD_4_2_SUV_gWI.jpg,suv
data/processed/car_sizes/midsize/Nissan_Versa_2014_12_15_100_16_4_66_59_175_26_FWD_5_4_4dr_vZd.jpg,midsize
data/processed/car_sizes/truck/Toyota_Sienna_2017_29_17_290_35_6_78_68_200_19_FWD_7_4_Van_uFH.jpg,truck
data/processed/car_sizes/suv/Porsche_Cayenne_2014_56_18_240_30_6_76_67_190_20_AWD_5_4_SUV_WIT.jpg,suv
data/processed/car_sizes/midsize/Kia_Forte_2016_19_17_170_20_4_70_56_179_24_FWD_5_4_4dr_gmJ.jpg,midsize
data/processed/car_sizes/compact/Toyota_Yaris_2017_16_15_100_15_4_66_59_155_30_FWD_5_2_2dr_iJf.jpg,compact
data/processed/car_sizes/truck/Toyota_Sienna_2017_29_17_290_35_6_78_68_200_19_FWD_7_4_Van_ygB.jpg,truck
data/processed/car_sizes/suv/Toyota_Highlander_2013_31_17_270_35_6_75_68_188_17_4WD_7_4_SUV_BaD.jpg,suv
data/processed/car_sizes/full/Porsche_Panamera_2016_78_18_310_36_6_76_55_197_18_RWD_4_4_4dr_bvK.jpg,full
data/processed/car_sizes/truck/Honda_Odyssey_2011_31_17_240_35_6_79_68_202_18_FWD_8_4_Van_pAA.jpg,truck
data/processed/car_sizes/suv/Honda_CR-V_2014_25_17_180_24_4_71_64_178_23_FWD_5_4_SUV_gic.jpg,suv
data/processed/car_sizes/suv/Audi_Q5_2012_35_18_210_20_4_74_65_182_20_AWD_5_4_SUV_QXa.jpg,suv
data/processed/car_sizes/suv/Mazda_CX-5_2017_30_19_180_25_4_72_65_179_23_AWD_5_4_SUV_NpH.jpg,suv
data/processed/car_sizes/suv/Jeep_Grand Cherokee_2013_29_17_290_36_6_76_69_189_16_4WD_5_4_SUV_Kkb.jpg,suv
data/processed/car_sizes/suv/Porsche_Cayenne_2014_56_18_240_30_6_76_67_190_20_AWD_5_4_SUV_LSX.jpg,suv
data/processed/car_sizes/truck/Kia_Sedona_2010_28_17_240_38_6_78_69_202_17_FWD_7_4_Van_rvB.jpg,truck
data/processed/car_sizes/suv/Chevrolet_Traverse_2017_33_17_280_36_6_78_69_203_15_AWD_8_4_SUV_bnW.jpg,suv
data/processed/car_sizes/suv/Jeep_Renegade_2015_23_16_160_14_4_74_66_166_24_4WD_5_4_SUV_umD.jpg,suv
data/processed/car_sizes/suv/BMW_X6_2012_59_19_300_30_6_78_66_192_16_AWD_4_4_SUV_POx.jpg,suv
data/processed/car_sizes/suv/Honda_Pilot_2011_31_17_250_35_6_78_72_190_17_FWD_8_4_SUV_ZzG.jpg,suv
data/processed/car_sizes/midsize/Chevrolet_Malibu_2013_24_17_180_24_4_73_57_191_25_FWD_5_4_4dr_pPD.jpg,midsize
data/processed/car_sizes/suv/Volvo_XC90_2019_50_18_250_20_4_79_69_194_20_AWD_7_4_SUV_EHH.jpg,suv
data/processed/car_sizes/suv/Mazda_CX-5_2017_30_19_180_25_4_72_65_179_23_AWD_5_4_SUV_JbE.jpg,suv
data/processed/car_sizes/suv/Jeep_Compass_2011_20_17_170_24_4_69_65_173_22_4WD_5_4_SUV_CAf.jpg,suv
data/processed/car_sizes/midsize/Honda_Civic_2012_16_15_140_18_4_69_55_176_nan_FWD_5_2_2dr_HgK.jpg,midsize
data/processed/car_sizes/suv/Ford_Explorer_2019_34_18_290_35_6_78_70_198_16_4WD_7_4_SUV_noM.jpg,suv
data/processed/car_sizes/truck/Volkswagen_Golf_2012_25_18_200_20_4_70_57_165_24_FWD_5_2_2dr_HmG.jpg,truck
data/processed/car_sizes/compact/Jaguar_F-Type_2017_66_18_340_30_6_75_51_176_20_RWD_2_2_Convertible_HHm.jpg,compact
data/processed/car_sizes/compact/Audi_R8_2015_175_19_520_52_10_75_49_174_13_AWD_2_2_Convertible_KoY.jpg,compact
data/processed/car_sizes/full/Jaguar_XF_2011_52_18_380_50_8_75_57_195_16_RWD_5_4_4dr_phd.jpg,full
data/processed/car_sizes/truck/Ford_Ranger_2007_16_15_140_23_4_69_66_nan_24_RWD_2_2_Pickup_NZe.jpg,truck
data/processed/car_sizes/suv/BMW_X6_2019_63_19_300_30_6_78_67_193_18_RWD_5_4_SUV_gtx.jpg,suv
data/processed/car_sizes/suv/Hyundai_Tucson_2015_23_17_160_20_4_71_65_173_21_AWD_5_4_SUV_ZPn.jpg,suv
data/processed/car_sizes/suv/BMW_X6_2019_63_19_300_30_6_78_67_193_18_RWD_5_4_SUV_bDb.jpg,suv
data/processed/car_sizes/suv/Honda_CR-V_2016_26_17_180_24_4_71_64_179_26_FWD_5_4_SUV_PMf.jpg,suv
data/processed/car_sizes/suv/Lexus_LX_2015_83_20_380_57_8_77_73_197_12_4WD_8_4_SUV_SDv.jpg,suv
data/processed/car_sizes/suv/Hyundai_Tucson_2015_23_17_160_20_4_71_65_173_21_AWD_5_4_SUV_OMB.jpg,suv
data/processed/car_sizes/suv/Lexus_RX_2015_42_18_270_35_6_74_66_187_18_AWD_5_4_SUV_FgJ.jpg,suv
data/processed/car_sizes/suv/Ford_Explorer_2015_32_18_290_35_6_78_71_197_17_4WD_7_4_SUV_ZyY.jpg,suv
data/processed/car_sizes/suv/Mitsubishi_Outlander_2017_23_18_160_24_4_71_66_184_25_FWD_7_4_SUV_mBK.jpg,suv
data/processed/car_sizes/compact/Hyundai_Accent_2017_16_14_130_16_4_66_57_162_26_FWD_5_4_4dr_gEa.jpg,compact
data/processed/car_sizes/truck/Kia_Sedona_2010_28_17_240_38_6_78_69_202_17_FWD_7_4_Van_bWq.jpg,truck
data/processed/car_sizes/suv/Ford_Escape_2012_32_16_170_25_4_71_67_174_30_4WD_5_4_SUV_det.jpg,suv
data/processed/car_sizes/suv/Chevrolet_TrailBlazer_2005_28_17_270_42_6_74_75_nan_15_RWD_7_4_SUV_FnZ.jpg,suv
data/processed/car_sizes/truck/Toyota_Sienna_2017_29_17_290_35_6_78_68_200_19_FWD_7_4_Van_Pic.jpg,truck
data/processed/car_sizes/compact/Audi_R8_2012_136_19_430_42_8_75_49_174_13_AWD_2_2_Convertible_VZn.jpg,compact
data/processed/car_sizes/truck/Toyota_Sienna_2017_29_17_290_35_6_78_68_200_19_FWD_7_4_Van_NfH.jpg,truck
data/processed/car_sizes/compact/Hyundai_Accent_2017_16_14_130_16_4_66_57_162_26_FWD_5_4_4dr_Xhv.jpg,compact
data/processed/car_sizes/suv/Toyota_RAV4_2015_25_17_170_25_4_72_65_179_22_AWD_5_4_SUV_Plm.jpg,suv
data/processed/car_sizes/truck/Toyota_Tundra_2013_27_18_270_40_6_79_75_nan_16_RWD_6_4_Pickup_yeJ.jpg,truck
data/processed/car_sizes/suv/Dodge_Durango_2013_39_20_290_36_6_75_71_199_16_RWD_7_4_SUV_cTt.jpg,suv
data/processed/car_sizes/suv/Mazda_CX-9_2012_35_20_270_37_6_76_68_200_16_AWD_7_4_SUV_REe.jpg,suv
data/processed/car_sizes/suv/Honda_Pilot_2019_34_18_280_35_6_78_70_196_19_FWD_8_4_SUV_QOm.jpg,suv
data/processed/car_sizes/midsize/Nissan_Sentra_2015_17_16_120_18_4_69_58_182_30_FWD_5_4_4dr_tEq.jpg,midsize
data/processed/car_sizes/suv/Mazda_CX-9_2016_41_20_220_25_4_77_67_199_21_AWD_7_4_SUV_fFJ.jpg,suv
data/processed/car_sizes/midsize/Subaru_Impreza_2016_19_15_140_20_4_68_57_180_28_AWD_5_4_4dr_qBI.jpg,midsize
data/processed/car_sizes/suv/Land Rover_Range Rover_2012_79_19_380_50_8_80_73_195_12_4WD_5_4_SUV_QxG.jpg,suv
data/processed/car_sizes/suv/Ford_Edge_2011_36_18_280_35_6_76_67_184_18_AWD_5_4_4dr_hrO.jpg,suv
data/processed/car_sizes/suv/BMW_X6_2019_63_19_300_30_6_78_67_193_18_RWD_5_4_SUV_AvR.jpg,suv
data/processed/car_sizes/truck/Kia_Sedona_2010_28_17_240_38_6_78_69_202_17_FWD_7_4_Van_jBV.jpg,truck
data/processed/car_sizes/suv/Honda_CR-V_2012_24_17_180_24_4_71_65_178_23_FWD_5_4_SUV_TUg.jpg,suv
data/processed/car_sizes/suv/Ford_Edge_2011_36_18_280_35_6_76_67_184_18_AWD_5_4_4dr_XZc.jpg,suv
data/processed/car_sizes/truck/Ford_Ranger_2009_20_15_200_40_6_69_66_nan_15_RWD_3_2_Pickup_RNY.jpg,truck
data/processed/car_sizes/truck/Ford_Ranger_2007_16_15_140_23_4_69_66_nan_24_RWD_2_2_Pickup_mQd.jpg,truck
data/processed/car_sizes/suv/Toyota_RAV4_2012_24_16_170_25_4_71_66_181_21_4WD_5_4_SUV_VNA.jpg,suv
data/processed/car_sizes/suv/Honda_CR-V_2016_26_17_180_24_4_71_64_179_26_FWD_5_4_SUV_cmt.jpg,suv
data/processed/car_sizes/truck/Volkswagen_Golf_2012_25_18_200_20_4_70_57_165_24_FWD_5_2_2dr_wng.jpg,truck
data/processed/car_sizes/truck/Honda_Ridgeline_2008_28_17_240_35_6_76_70_206_15_4WD_5_4_Pickup_uiK.jpg,truck
data/processed/car_sizes/suv/Nissan_Pathfinder_2013_39_20_260_35_6_77_70_197_20_FWD_7_4_SUV_bEp.jpg,suv
data/processed/car_sizes/truck/Ford_Ranger_2007_16_15_140_23_4_69_66_nan_24_RWD_2_2_Pickup_sKY.jpg,truck
data/processed/car_sizes/truck/Ford_Ranger_2009_20_15_200_40_6_69_66_nan_15_RWD_3_2_Pickup_uWQ.jpg,truck
data/processed/car_sizes/suv/Jeep_Compass_2011_20_17_170_24_4_69_65_173_22_4WD_5_4_SUV_tri.jpg,suv
data/processed/car_sizes/midsize/Nissan_Sentra_2019_25_18_180_16_4_69_58_183_25_FWD_5_4_4dr_jGT.jpg,midsize
data/processed/car_sizes/suv/Kia_Sorento_2012_21_17_170_24_4_74_67_183_20_FWD_5_4_SUV_Opg.jpg,suv
data/processed/car_sizes/suv/Chevrolet_Traverse_2017_33_17_280_36_6_78_69_203_15_AWD_8_4_SUV_Tcg.jpg,suv
data/processed/car_sizes/truck/Toyota_Tundra_2013_27_18_270_40_6_79_75_nan_16_RWD_6_4_Pickup_doH.jpg,truck
data/processed/car_sizes/midsize/Toyota_Corolla_2015_17_15_130_18_4_69_57_182_27_FWD_5_4_4dr_QVm.jpg,midsize
data/processed/car_sizes/truck/Honda_Ridgeline_2008_28_17_240_35_6_76_70_206_15_4WD_5_4_Pickup_nOO.jpg,truck
data/processed/car_sizes/suv/Honda_Pilot_2015_32_18_250_35_6_78_70_191_18_FWD_8_4_SUV_CYZ.jpg,suv
data/processed/car_sizes/midsize/Chevrolet_Malibu_2013_24_17_180_24_4_73_57_191_25_FWD_5_4_4dr_Mcq.jpg,midsize
data/processed/car_sizes/suv/Honda_Pilot_2011_31_17_250_35_6_78_72_190_17_FWD_8_4_SUV_MBI.jpg,suv
data/processed/car_sizes/suv/Mazda_CX-9_2012_35_20_270_37_6_76_68_200_16_AWD_7_4_SUV_Vkv.jpg,suv
data/processed/car_sizes/suv/Mazda_CX-9_2016_41_20_220_25_4_77_67_199_21_AWD_7_4_SUV_GAT.jpg,suv
data/processed/car_sizes/compact/Kia_Rio_2020_15_15_120_16_4_67_57_172_33_FWD_5_4_4dr_WEd.jpg,compact
data/processed/car_sizes/suv/Acura_MDX_2013_43_18_300_37_6_78_68_191_nan_AWD_7_4_SUV_ccV.jpg,suv
data/processed/car_sizes/suv/Audi_Q7_2015_53_19_240_30_6_78_68_200_19_AWD_7_4_SUV_aaK.jpg,suv
data/processed/car_sizes/truck/Toyota_Sienna_2017_29_17_290_35_6_78_68_200_19_FWD_7_4_Van_Nmf.jpg,truck
data/processed/car_sizes/midsize/Chevrolet_Malibu_2011_21_17_160_24_4_70_57_191_22_FWD_5_4_4dr_Smi.jpg,midsize
data/processed/car_sizes/truck/Volkswagen_Golf_2012_25_18_200_20_4_70_57_165_24_FWD_5_2_2dr_MEx.jpg,truck
data/processed/car_sizes/suv/Chevrolet_Traverse_2012_31_17_280_36_6_78_70_205_16_AWD_8_4_SUV_LQz.jpg,suv
data/processed/car_sizes/truck/Kia_Sedona_2010_28_17_240_38_6_78_69_202_17_FWD_7_4_Van_how.jpg,truck
data/processed/car_sizes/suv/Jeep_Compass_2011_20_17_170_24_4_69_65_173_22_4WD_5_4_SUV_uby.jpg,suv
data/processed/car_sizes/midsize/Chevrolet_Malibu_2011_21_17_160_24_4_70_57_191_22_FWD_5_4_4dr_hix.jpg,midsize
data/processed/car_sizes/suv/Volvo_XC90_2014_41_18_240_32_6_76_70_189_16_AWD_7_4_SUV_qwP.jpg,suv
data/processed/car_sizes/suv/Honda_Pilot_2011_31_17_250_35_6_78_72_190_17_FWD_8_4_SUV_RZt.jpg,suv
data/processed/car_sizes/midsize/Kia_Forte_2016_19_17_170_20_4_70_56_179_24_FWD_5_4_4dr_NoW.jpg,midsize
data/processed/car_sizes/compact/Kia_Rio_2020_15_15_120_16_4_67_57_172_33_FWD_5_4_4dr_enP.jpg,compact
data/processed/car_sizes/suv/Jeep_Compass_2011_20_17_170_24_4_69_65_173_22_4WD_5_4_SUV_ytT.jpg,suv
data/processed/car_sizes/suv/Porsche_Cayenne_2014_56_18_240_30_6_76_67_190_20_AWD_5_4_SUV_UgN.jpg,suv
data/processed/car_sizes/suv/Chevrolet_Traverse_2017_33_17_280_36_6_78_69_203_15_AWD_8_4_SUV_UcH.jpg,suv
data/processed/car_sizes/suv/Mitsubishi_Outlander_2014_22_16_160_24_4_70_66_183_25_FWD_7_4_SUV_Qxj.jpg,suv
data/processed/car_sizes/suv/Jeep_Wrangler_2011_28_18_200_38_6_73_- _152_15_4WD_4_2_SUV_zsH.jpg,suv
data/processed/car_sizes/suv/Volvo_XC60_2013_34_18_240_32_6_74_67_182_19_AWD_5_4_SUV_oXQ.jpg,suv
data/processed/car_sizes/suv/Cadillac_Escalade_2014_63_18_400_62_8_79_75_nan_14_RWD_7_4_SUV_iRP.jpg,suv
data/processed/car_sizes/compact/Audi_R8_2012_136_19_430_42_8_75_49_174_13_AWD_2_2_Convertible_PeO.jpg,compact
data/processed/car_sizes/suv/Mitsubishi_Outlander_2014_22_16_160_24_4_70_66_183_25_FWD_7_4_SUV_tJx.jpg,suv
data/processed/car_sizes/suv/Hyundai_Tucson_2015_23_17_160_20_4_71_65_173_21_AWD_5_4_SUV_SsC.jpg,suv
data/processed/car_sizes/truck/Honda_Ridgeline_2008_28_17_240_35_6_76_70_206_15_4WD_5_4_Pickup_xJz.jpg,truck
data/processed/car_sizes/truck/Honda_Ridgeline_2008_28_17_240_35_6_76_70_206_15_4WD_5_4_Pickup_VPh.jpg,truck
data/processed/car_sizes/suv/Volvo_XC60_2017_42_18_240_20_4_74_67_182_nan_AWD_5_4_SUV_KQA.jpg,suv
data/processed/car_sizes/compact/Jaguar_F-Type_2017_66_18_340_30_6_75_51_176_20_RWD_2_2_Convertible_RXZ.jpg,compact
data/processed/car_sizes/midsize/Kia_Forte_2019_21_17_140_20_4_70_56_182_30_FWD_5_4_4dr_nCU.jpg,midsize
data/processed/car_sizes/suv/Ford_Edge_2011_36_18_280_35_6_76_67_184_18_AWD_5_4_4dr_pRv.jpg,suv
data/processed/car_sizes/suv/Volvo_XC90_2019_50_18_250_20_4_79_69_194_20_AWD_7_4_SUV_IrE.jpg,suv
data/processed/car_sizes/midsize/Honda_Civic_2012_16_15_140_18_4_69_55_176_nan_FWD_5_2_2dr_BDS.jpg,midsize
data/processed/car_sizes/suv/Jeep_Compass_2011_20_17_170_24_4_69_65_173_22_4WD_5_4_SUV_nhJ.jpg,suv
data/processed/car_sizes/midsize/Subaru_Impreza_2016_19_15_140_20_4_68_57_180_28_AWD_5_4_4dr_aJD.jpg,midsize
data/processed/car_sizes/suv/BMW_X3_2014_39_18_240_20_4_74_65_183_21_AWD_5_4_SUV_ais.jpg,suv
data/processed/car_sizes/suv/Jeep_Renegade_2015_23_16_160_14_4_74_66_166_24_4WD_5_4_SUV_fNY.jpg,suv
data/processed/car_sizes/suv/Honda_Pilot_2011_31_17_250_35_6_78_72_190_17_FWD_8_4_SUV_Xfz.jpg,suv
data/processed/car_sizes/midsize/Chevrolet_Malibu_2013_24_17_180_24_4_73_57_191_25_FWD_5_4_4dr_zHa.jpg,midsize
data/processed/car_sizes/suv/Jeep_Compass_2017_21_18_170_24_4_71_65_175_20_4WD_5_4_SUV_cga.jpg,suv
data/processed/car_sizes/suv/Toyota_Sequoia_2017_57_20_380_57_8_79_77_205_13_4WD_8_4_SUV_XzT.jpg,suv
data/processed/car_sizes/suv/Chevrolet_Traverse_2017_33_17_280_36_6_78_69_203_15_AWD_8_4_SUV_ZzO.jpg,suv
data/processed/car_sizes/suv/Ford_Explorer_2019_34_18_290_35_6_78_70_198_16_4WD_7_4_SUV_xwD.jpg,suv
data/processed/car_sizes/truck/Nissan_Titan_2015_32_18_310_56_8_79_74_224_13_RWD_6_4_Pickup_uYx.jpg,truck
data/processed/car_sizes/suv/Jeep_Wrangler_2011_28_18_200_38_6_73_- _152_15_4WD_4_2_SUV_WzY.jpg,suv
data/processed/car_sizes/suv/Jeep_Renegade_2015_23_16_160_14_4_74_66_166_24_4WD_5_4_SUV_FZz.jpg,suv
data/processed/car_sizes/midsize/Honda_Civic_2012_16_15_140_18_4_69_55_176_nan_FWD_5_2_2dr_UbN.jpg,midsize
data/processed/car_sizes/truck/Honda_Odyssey_2011_31_17_240_35_6_79_68_202_18_FWD_8_4_Van_UYk.jpg,truck
data/processed/car_sizes/truck/Honda_Odyssey_2011_31_17_240_35_6_79_68_202_18_FWD_8_4_Van_PDM.jpg,truck
data/processed/car_sizes/suv/Hyundai_Santa Fe_2015_31_18_290_33_6_74_66_193_18_AWD_7_4_SUV_wrF.jpg,suv
data/processed/car_sizes/suv/Jeep_Compass_2013_23_17_170_24_4_69_65_173_21_4WD_5_4_SUV_dis.jpg,suv
data/processed/car_sizes/suv/Ford_Edge_2011_36_18_280_35_6_76_67_184_18_AWD_5_4_4dr_nKH.jpg,suv
data/processed/car_sizes/truck/Honda_Odyssey_2011_31_17_240_35_6_79_68_202_18_FWD_8_4_Van_HoR.jpg,truck
data/processed/car_sizes/truck/Honda_Ridgeline_2008_28_17_240_35_6_76_70_206_15_4WD_5_4_Pickup_CUu.jpg,truck
data/processed/car_sizes/midsize/Audi_A5_2019_51_18_240_20_4_72_54_184_23_AWD_4_2_Convertible_rrT.jpg,midsize
data/processed/car_sizes/suv/Chevrolet_TrailBlazer_2005_28_17_270_42_6_74_75_nan_15_RWD_7_4_SUV_lgd.jpg,suv
data/processed/car_sizes/suv/Honda_Pilot_2011_31_17_250_35_6_78_72_190_17_FWD_8_4_SUV_oqL.jpg,suv
data/processed/car_sizes/truck/Volkswagen_Golf_2012_25_18_200_20_4_70_57_165_24_FWD_5_2_2dr_tzP.jpg,truck
data/processed/car_sizes/compact/Toyota_Yaris_2014_15_15_100_15_4_66_59_153_30_FWD_5_2_2dr_Iot.jpg,compact
data/processed/car_sizes/suv/Ford_Edge_2011_36_18_280_35_6_76_67_184_18_AWD_5_4_4dr_XpD.jpg,suv
data/processed/car_sizes/suv/Mazda_CX-5_2015_29_19_180_25_4_72_65_178_24_AWD_5_4_SUV_yOG.jpg,suv
data/processed/car_sizes/suv/Ford_Escape_2012_32_16_170_25_4_71_67_174_30_4WD_5_4_SUV_tYb.jpg,suv
data/processed/car_sizes/midsize/Audi_A5_2019_51_18_240_20_4_72_54_184_23_AWD_4_2_Convertible_mJg.jpg,midsize
data/processed/car_sizes/suv/Jeep_Wrangler_2011_28_18_200_38_6_73_- _152_15_4WD_4_2_SUV_pEX.jpg,suv
data/processed/car_sizes/midsize/Buick_Regal_2015_27_18_180_24_nan_73_58_190_19_FWD_5_4_4dr_BuB.jpg,midsize
data/processed/car_sizes/midsize/Nissan_Versa_2014_12_15_100_16_4_66_59_175_26_FWD_5_4_4dr_YRj.jpg,midsize
data/processed/car_sizes/full/Porsche_Panamera_2020_103_21_330_30_6_76_56_198_19_RWD_4_4_4dr_hFH.jpg,full
data/processed/car_sizes/suv/BMW_X6_2019_63_19_300_30_6_78_67_193_18_RWD_5_4_SUV_WjD.jpg,suv
data/processed/car_sizes/suv/Nissan_Pathfinder_2013_39_20_260_35_6_77_70_197_20_FWD_7_4_SUV_Upf.jpg,suv
data/processed/car_sizes/truck/Toyota_Tundra_2017_50_20_380_57_8_79_76_nan_13_4WD_5_4_Pickup_ZiK.jpg,truck
data/processed/car_sizes/compact/Jaguar_F-Type_2017_66_18_340_30_6_75_51_176_20_RWD_2_2_Convertible_rTs.jpg,compact
data/processed/car_sizes/suv/Acura_RDX_2012_34_18_240_23_4_73_65_182_17_AWD_5_4_SUV_izG.jpg,suv
data/processed/car_sizes/suv/Honda_CR-V_2014_25_17_180_24_4_71_64_178_23_FWD_5_4_SUV_yCf.jpg,suv
data/processed/car_sizes/truck/Volkswagen_Golf_2012_25_18_200_20_4_70_57_165_24_FWD_5_2_2dr_enE.jpg,truck
data/processed/car_sizes/compact/Audi_R8_2012_136_19_430_42_8_75_49_174_13_AWD_2_2_Convertible_OrL.jpg,compact
data/processed/car_sizes/suv/Subaru_Forester_2011_21_16_170_25_4_70_65_179_21_AWD_5_4_SUV_ENp.jpg,suv
data/processed/car_sizes/suv/Hyundai_Santa Fe_2012_24_17_170_24_4_74_67_184_20_AWD_5_4_SUV_MKY.jpg,suv
data/processed/car_sizes/compact/Audi_TT_2014_39_18_210_20_4_72_53_165_22_AWD_4_2_2dr_HyX.jpg,compact
data/processed/car_sizes/compact/Toyota_Yaris_2014_15_15_100_15_4_66_59_153_30_FWD_5_2_2dr_ITB.jpg,compact
data/processed/car_sizes/truck/Toyota_Sienna_2017_29_17_290_35_6_78_68_200_19_FWD_7_4_Van_wNg.jpg,truck
data/processed/car_sizes/suv/Porsche_Cayenne_2014_56_18_240_30_6_76_67_190_20_AWD_5_4_SUV_blP.jpg,suv
data/processed/car_sizes/midsize/Kia_Forte_2013_17_15_150_20_4_69_57_178_26_FWD_5_4_4dr_NiX.jpg,midsize
data/processed/car_sizes/suv/Nissan_Murano_2016_40_20_260_35_6_75_66_192_21_AWD_5_4_SUV_ZaJ.jpg,suv
data/processed/car_sizes/suv/Toyota_RAV4_2012_24_16_170_25_4_71_66_181_21_4WD_5_4_SUV_xfa.jpg,suv
data/processed/car_sizes/truck/Kia_Sedona_2010_28_17_240_38_6_78_69_202_17_FWD_7_4_Van_ZiJ.jpg,truck
data/processed/car_sizes/truck/Ford_Ranger_2007_16_15_140_23_4_69_66_nan_24_RWD_2_2_Pickup_yPa.jpg,truck
data/processed/car_sizes/suv/Jeep_Renegade_2015_23_16_160_14_4_74_66_166_24_4WD_5_4_SUV_TZb.jpg,suv
data/processed/car_sizes/suv/Jeep_Wrangler_2017_30_17_280_36_6_73_72_164_17_4WD_4_2_SUV_SPh.jpg,suv
data/processed/car_sizes/suv/BMW_X3_2017_40_18_240_20_4_74_66_183_21_RWD_5_4_SUV_aSX.jpg,suv
data/processed/car_sizes/suv/BMW_X3_2014_39_18_240_20_4_74_65_183_21_AWD_5_4_SUV_TfY.jpg,suv
data/processed/car_sizes/suv/Acura_MDX_2013_43_18_300_37_6_78_68_191_nan_AWD_7_4_SUV_QaT.jpg,suv
data/processed/car_sizes/suv/Chevrolet_TrailBlazer_2005_28_17_270_42_6_74_75_nan_15_RWD_7_4_SUV_wDh.jpg,suv
data/processed/car_sizes/suv/Lexus_GX_2013_53_18_300_46_8_74_74_189_15_4WD_7_4_SUV_gOD.jpg,suv
data/processed/car_sizes/midsize/Chevrolet_Malibu_2015_22_16_190_25_4_73_57_191_25_FWD_5_4_4dr_nkD.jpg,midsize
data/processed/car_sizes/suv/Lexus_RX_2015_42_18_270_35_6_74_66_187_18_AWD_5_4_SUV_EVl.jpg,suv
data/processed/car_sizes/truck/Volkswagen_Golf_2017_20_15_170_18_4_70_57_167_25_FWD_5_4_4dr_FFz.jpg,truck
data/processed/car_sizes/suv/Nissan_Pathfinder_2013_39_20_260_35_6_77_70_197_20_FWD_7_4_SUV_IOb.jpg,suv
data/processed/car_sizes/midsize/Honda_Civic_2012_16_15_140_18_4_69_55_176_nan_FWD_5_2_2dr_UPo.jpg,midsize
data/processed/car_sizes/midsize/Chevrolet_Malibu_2011_21_17_160_24_4_70_57_191_22_FWD_5_4_4dr_Cwl.jpg,midsize
data/processed/car_sizes/suv/Chevrolet_Traverse_2012_31_17_280_36_6_78_70_205_16_AWD_8_4_SUV_NIs.jpg,suv
data/processed/car_sizes/suv/Honda_Pilot_2019_34_18_280_35_6_78_70_196_19_FWD_8_4_SUV_BQo.jpg,suv
data/processed/car_sizes/suv/Nissan_Pathfinder_2013_39_20_260_35_6_77_70_197_20_FWD_7_4_SUV_NZw.jpg,suv
data/processed/car_sizes/suv/Honda_Pilot_2019_34_18_280_35_6_78_70_196_19_FWD_8_4_SUV_Dij.jpg,suv
data/processed/car_sizes/suv/Subaru_Forester_2011_21_16_170_25_4_70_65_179_21_AWD_5_4_SUV_VYb.jpg,suv
data/processed/car_sizes/suv/Mazda_CX-5_2017_30_19_180_25_4_72_65_179_23_AWD_5_4_SUV_wlq.jpg,suv
data/processed/car_sizes/truck/Toyota_Tundra_2017_50_20_380_57_8_79_76_nan_13_4WD_5_4_Pickup_PJN.jpg,truck
data/processed/car_sizes/midsize/Toyota_Corolla_2015_17_15_130_18_4_69_57_182_27_FWD_5_4_4dr_XOr.jpg,midsize
data/processed/car_sizes/truck/Toyota_Tundra_2017_50_20_380_57_8_79_76_nan_13_4WD_5_4_Pickup_zxU.jpg,truck
data/processed/car_sizes/midsize/Buick_Regal_2017_27_18_180_24_nan_73_58_190_19_FWD_5_4_4dr_YDo.jpg,midsize
data/processed/car_sizes/truck/Ford_Ranger_2009_20_15_200_40_6_69_66_nan_15_RWD_3_2_Pickup_ebF.jpg,truck
data/processed/car_sizes/suv/Porsche_Cayenne_2017_59_18_300_36_6_78_67_191_18_AWD_5_4_SUV_ViA.jpg,suv
data/processed/car_sizes/truck/Honda_Ridgeline_2008_28_17_240_35_6_76_70_206_15_4WD_5_4_Pickup_hJk.jpg,truck
data/processed/car_sizes/suv/Ford_Edge_2011_36_18_280_35_6_76_67_184_18_AWD_5_4_4dr_jnj.jpg,suv
data/processed/car_sizes/full/Jaguar_XF_2011_52_18_380_50_8_75_57_195_16_RWD_5_4_4dr_urL.jpg,full
data/processed/car_sizes/midsize/Subaru_Impreza_2014_18_15_140_20_4_68_57_180_27_AWD_5_4_4dr_YPk.jpg,midsize
data/processed/car_sizes/suv/Honda_Pilot_2015_32_18_250_35_6_78_70_191_18_FWD_8_4_SUV_jiB.jpg,suv
data/processed/car_sizes/suv/Mitsubishi_Outlander_2014_22_16_160_24_4_70_66_183_25_FWD_7_4_SUV_GFH.jpg,suv
data/processed/car_sizes/truck/Toyota_Tundra_2017_50_20_380_57_8_79_76_nan_13_4WD_5_4_Pickup_POw.jpg,truck
data/processed/car_sizes/midsize/Audi_A4_2015_37_17_220_20_4_71_56_185_22_AWD_5_4_4dr_dym.jpg,midsize
data/processed/car_sizes/suv/Jeep_Wrangler_2011_28_18_200_38_6_73_- _152_15_4WD_4_2_SUV_mYe.jpg,suv
data/processed/car_sizes/truck/Ford_Ranger_2009_20_15_200_40_6_69_66_nan_15_RWD_3_2_Pickup_wHe.jpg,truck
data/processed/car_sizes/suv/Kia_Sorento_2012_21_17_170_24_4_74_67_183_20_FWD_5_4_SUV_KPE.jpg,suv
data/processed/car_sizes/suv/Hyundai_Santa Fe_2012_24_17_170_24_4_74_67_184_20_AWD_5_4_SUV_eiO.jpg,suv
data/processed/car_sizes/suv/Kia_Sportage_2014_25_18_180_24_4_73_64_174_nan_FWD_5_4_SUV_QyC.jpg,suv
data/processed/car_sizes/suv/Mazda_CX-5_2017_30_19_180_25_4_72_65_179_23_AWD_5_4_SUV_Khl.jpg,suv
data/processed/car_sizes/truck/Toyota_Tundra_2013_27_18_270_40_6_79_75_nan_16_RWD_6_4_Pickup_rMj.jpg,truck
data/processed/car_sizes/full/Jaguar_XF_2011_52_18_380_50_8_75_57_195_16_RWD_5_4_4dr_OcH.jpg,full
data/processed/car_sizes/suv/Chevrolet_Tahoe_2013_40_17_320_53_8_79_76_nan_15_RWD_9_4_SUV_zzL.jpg,suv
data/processed/car_sizes/suv/Subaru_Forester_2011_21_16_170_25_4_70_65_179_21_AWD_5_4_SUV_Dpn.jpg,suv
data/processed/car_sizes/suv/Kia_Sorento_2015_24_17_190_24_4_74_66_184_20_FWD_5_4_SUV_oRH.jpg,suv
data/processed/car_sizes/midsize/Nissan_Sentra_2019_25_18_180_16_4_69_58_183_25_FWD_5_4_4dr_cSK.jpg,midsize
data/processed/car_sizes/full/Toyota_Camry_2017_26_16_200_25_4_71_57_190_42_FWD_5_4_4dr_XmG.jpg,full
data/processed/car_sizes/suv/Kia_Sportage_2014_25_18_180_24_4_73_64_174_nan_FWD_5_4_SUV_tYS.jpg,suv
data/processed/car_sizes/compact/Nissan_370Z_2012_33_18_330_37_6_72_51_167_19_RWD_2_2_2dr_oEh.jpg,compact
data/processed/car_sizes/midsize/Cadillac_ATS_2014_41_17_270_20_4_71_55_182_nan_AWD_5_4_4dr_gjO.jpg,midsize
data/processed/car_sizes/suv/Honda_Pilot_2011_31_17_250_35_6_78_72_190_17_FWD_8_4_SUV_DhV.jpg,suv
data/processed/car_sizes/suv/Honda_Pilot_2019_34_18_280_35_6_78_70_196_19_FWD_8_4_SUV_kOs.jpg,suv
data/processed/car_sizes/truck/Kia_Sedona_2010_28_17_240_38_6_78_69_202_17_FWD_7_4_Van_xwG.jpg,truck
data/processed/car_sizes/truck/Volkswagen_Golf_2012_25_18_200_20_4_70_57_165_24_FWD_5_2_2dr_Hfx.jpg,truck
data/processed/car_sizes/truck/Ford_Ranger_2009_20_15_200_40_6_69_66_nan_15_RWD_3_2_Pickup_gid.jpg,truck
data/processed/car_sizes/compact/Mitsubishi_Mirage_2015_14_14_740_12_3_65_59_148_37_FWD_5_4_4dr_fDX.jpg,compact
data/processed/car_sizes/suv/Land Rover_Discovery Sport_2019_49_20_280_20_4_74_67_180_20_4WD_5_4_SUV_fnr.jpg,suv
data/processed/car_sizes/full/Jaguar_XF_2020_54_18_240_20_4_78_57_195_23_AWD_5_4_4dr_EuN.jpg,full
data/processed/car_sizes/suv/Toyota_RAV4_2012_24_16_170_25_4_71_66_181_21_4WD_5_4_SUV_sZg.jpg,suv
data/processed/car_sizes/compact/Toyota_Yaris_2017_16_15_100_15_4_66_59_155_30_FWD_5_2_2dr_UAg.jpg,compact
data/processed/car_sizes/midsize/Toyota_Corolla_2015_17_15_130_18_4_69_57_182_27_FWD_5_4_4dr_gLH.jpg,midsize
data/processed/car_sizes/suv/Subaru_Forester_2016_29_18_250_20_4_70_68_180_23_AWD_5_4_SUV_Uue.jpg,suv
data/processed/car_sizes/midsize/Audi_A4_2015_37_17_220_20_4_71_56_185_22_AWD_5_4_4dr_ZtT.jpg,midsize
data/processed/car_sizes/midsize/Honda_Civic_2012_16_15_140_18_4_69_55_176_nan_FWD_5_2_2dr_IfS.jpg,midsize
data/processed/car_sizes/suv/Ford_Edge_2011_36_18_280_35_6_76_67_184_18_AWD_5_4_4dr_ikw.jpg,suv
data/processed/car_sizes/suv/Mazda_CX-9_2016_41_20_220_25_4_77_67_199_21_AWD_7_4_SUV_mXL.jpg,suv
data/processed/car_sizes/midsize/Toyota_Corolla_2015_17_15_130_18_4_69_57_182_27_FWD_5_4_4dr_JTQ.jpg,midsize
data/processed/car_sizes/truck/Toyota_Tundra_2017_50_20_380_57_8_79_76_nan_13_4WD_5_4_Pickup_hEj.jpg,truck
data/processed/car_sizes/midsize/Kia_Forte_2013_17_15_150_20_4_69_57_178_26_FWD_5_4_4dr_CUE.jpg,midsize
data/processed/car_sizes/truck/Kia_Sedona_2010_28_17_240_38_6_78_69_202_17_FWD_7_4_Van_Nhz.jpg,truck
data/processed/car_sizes/truck/Volkswagen_Golf_2012_25_18_200_20_4_70_57_165_24_FWD_5_2_2dr_IvH.jpg,truck
data/processed/car_sizes/truck/Volkswagen_Golf_2012_25_18_200_20_4_70_57_165_24_FWD_5_2_2dr_FtK.jpg,truck
data/processed/car_sizes/suv/Toyota_RAV4_2012_24_16_170_25_4_71_66_181_21_4WD_5_4_SUV_EYO.jpg,suv
data/processed/car_sizes/suv/Nissan_Pathfinder_2013_39_20_260_35_6_77_70_197_20_FWD_7_4_SUV_oIR.jpg,suv
data/processed/car_sizes/suv/Subaru_Forester_2011_21_16_170_25_4_70_65_179_21_AWD_5_4_SUV_Odg.jpg,suv
data/processed/car_sizes/suv/Chevrolet_Traverse_2017_33_17_280_36_6_78_69_203_15_AWD_8_4_SUV_NKr.jpg,suv
data/processed/car_sizes/truck/Ford_Ranger_2009_20_15_200_40_6_69_66_nan_15_RWD_3_2_Pickup_any.jpg,truck
data/processed/car_sizes/compact/Subaru_BRZ_2020_29_17_200_20_4_69_52_166_24_RWD_4_2_2dr_bXF.jpg,compact
data/processed/car_sizes/truck/Honda_Ridgeline_2008_28_17_240_35_6_76_70_206_15_4WD_5_4_Pickup_wjM.jpg,truck
data/processed/car_sizes/midsize/Kia_Forte_2019_21_17_140_20_4_70_56_182_30_FWD_5_4_4dr_WOP.jpg,midsize
data/processed/car_sizes/suv/Jeep_Wrangler_2011_28_18_200_38_6_73_- _152_15_4WD_4_2_SUV_TGb.jpg,suv
data/processed/car_sizes/suv/Nissan_Murano_2016_40_20_260_35_6_75_66_192_21_AWD_5_4_SUV_Tpz.jpg,suv
data/processed/car_sizes/truck/Volkswagen_Golf_2012_25_18_200_20_4_70_57_165_24_FWD_5_2_2dr_GDd.jpg,truck
data/processed/car_sizes/suv/Volvo_XC90_2014_41_18_240_32_6_76_70_189_16_AWD_7_4_SUV_lMl.jpg,suv
data/processed/car_sizes/truck/Toyota_Sienna_2017_29_17_290_35_6_78_68_200_19_FWD_7_4_Van_erP.jpg,truck
data/processed/car_sizes/suv/Jeep_Compass_2017_21_18_170_24_4_71_65_175_20_4WD_5_4_SUV_zwK.jpg,suv
data/processed/car_sizes/suv/Volvo_XC60_2017_42_18_240_20_4_74_67_182_nan_AWD_5_4_SUV_xDK.jpg,suv
data/processed/car_sizes/full/Lexus_LS_2012_69_18_350_46_8_73_58_199_16_AWD_5_4_4dr_zzq.jpg,full
data/processed/car_sizes/suv/Mazda_CX-9_2016_41_20_220_25_4_77_67_199_21_AWD_7_4_SUV_lhW.jpg,suv
data/processed/car_sizes/suv/Land Rover_Range Rover Evoque_2015_57_20_240_20_4_74_63_171_21_4WD_5_2_SUV_JzU.jpg,suv
data/processed/car_sizes/suv/Lexus_RX_2012_40_18_270_35_6_74_67_187_18_AWD_5_4_SUV_tKF.jpg,suv
data/processed/car_sizes/suv/Jeep_Compass_2017_21_18_170_24_4_71_65_175_20_4WD_5_4_SUV_EzS.jpg,suv
data/processed/car_sizes/suv/Audi_Q7_2015_53_19_240_30_6_78_68_200_19_AWD_7_4_SUV_RZz.jpg,suv
data/processed/car_sizes/suv/Ford_Escape_2012_32_16_170_25_4_71_67_174_30_4WD_5_4_SUV_xyy.jpg,suv
data/processed/car_sizes/truck/Honda_Odyssey_2011_31_17_240_35_6_79_68_202_18_FWD_8_4_Van_lve.jpg,truck
data/processed/car_sizes/truck/Honda_Odyssey_2011_31_17_240_35_6_79_68_202_18_FWD_8_4_Van_efm.jpg,truck
data/processed/car_sizes/suv/Toyota_Land Cruiser_2011_69_18_380_57_8_77_74_194_13_4WD_8_4_SUV_oHn.jpg,suv
data/processed/car_sizes/suv/Mitsubishi_Outlander_2017_23_18_160_24_4_71_66_184_25_FWD_7_4_SUV_aBS.jpg,suv
data/processed/car_sizes/full/Porsche_Panamera_2020_103_21_330_30_6_76_56_198_19_RWD_4_4_4dr_GYV.jpg,full
data/processed/car_sizes/suv/Jeep_Wrangler_2011_28_18_200_38_6_73_- _152_15_4WD_4_2_SUV_qhs.jpg,suv
data/processed/car_sizes/suv/Honda_Pilot_2011_31_17_250_35_6_78_72_190_17_FWD_8_4_SUV_Ztx.jpg,suv
data/processed/car_sizes/midsize/Honda_Civic_2012_16_15_140_18_4_69_55_176_nan_FWD_5_2_2dr_Bqc.jpg,midsize
data/processed/car_sizes/suv/Chevrolet_Tahoe_2013_40_17_320_53_8_79_76_nan_15_RWD_9_4_SUV_FbE.jpg,suv
data/processed/car_sizes/suv/Ford_Escape_2016_27_17_170_16_4_72_66_178_22_4WD_5_4_SUV_JcW.jpg,suv
data/processed/car_sizes/compact/Audi_R8_2012_136_19_430_42_8_75_49_174_13_AWD_2_2_Convertible_KYT.jpg,compact
data/processed/car_sizes/suv/Lexus_NX_2017_39_17_190_25_4_73_64_182_33_AWD_5_4_SUV_VSN.jpg,suv
data/processed/car_sizes/truck/Toyota_Sienna_2017_29_17_290_35_6_78_68_200_19_FWD_7_4_Van_BXN.jpg,truck
data/processed/car_sizes/suv/Ford_Explorer_2019_34_18_290_35_6_78_70_198_16_4WD_7_4_SUV_CYe.jpg,suv
data/processed/car_sizes/midsize/Honda_Civic_2012_16_15_140_18_4_69_55_176_nan_FWD_5_2_2dr_zqn.jpg,midsize
data/processed/car_sizes/midsize/Subaru_Impreza_2016_19_15_140_20_4_68_57_180_28_AWD_5_4_4dr_xUk.jpg,midsize
data/processed/car_sizes/midsize/Kia_Forte_2019_21_17_140_20_4_70_56_182_30_FWD_5_4_4dr_tBi.jpg,midsize
data/processed/car_sizes/suv/Subaru_Forester_2011_21_16_170_25_4_70_65_179_21_AWD_5_4_SUV_TNN.jpg,suv
data/processed/car_sizes/suv/Honda_Pilot_2011_31_17_250_35_6_78_72_190_17_FWD_8_4_SUV_xaG.jpg,suv
data/processed/car_sizes/suv/Mitsubishi_Outlander_2014_22_16_160_24_4_70_66_183_25_FWD_7_4_SUV_xcL.jpg,suv
data/processed/car_sizes/truck/Honda_Odyssey_2013_31_17_240_35_6_79_68_202_18_FWD_8_4_Van_bTN.jpg,truck
data/processed/car_sizes/suv/Chevrolet_TrailBlazer_2005_28_17_270_42_6_74_75_nan_15_RWD_7_4_SUV_dQy.jpg,suv
data/processed/car_sizes/suv/Honda_Pilot_2019_34_18_280_35_6_78_70_196_19_FWD_8_4_SUV_rxQ.jpg,suv
data/processed/car_sizes/full/Jaguar_XF_2011_52_18_380_50_8_75_57_195_16_RWD_5_4_4dr_KYP.jpg,full
data/processed/car_sizes/suv/Nissan_Pathfinder_2013_39_20_260_35_6_77_70_197_20_FWD_7_4_SUV_bsm.jpg,suv
data/processed/car_sizes/truck/Toyota_Tundra_2017_50_20_380_57_8_79_76_nan_13_4WD_5_4_Pickup_Jsm.jpg,truck
data/processed/car_sizes/truck/Volkswagen_Golf_2017_20_15_170_18_4_70_57_167_25_FWD_5_4_4dr_eNc.jpg,truck
data/processed/car_sizes/compact/Audi_R8_2015_175_19_520_52_10_75_49_174_13_AWD_2_2_Convertible_DaC.jpg,compact
data/processed/car_sizes/suv/Jeep_Renegade_2015_23_16_160_14_4_74_66_166_24_4WD_5_4_SUV_lVs.jpg,suv
data/processed/car_sizes/suv/Toyota_Highlander_2016_33_18_270_35_6_75_68_191_18_AWD_8_4_SUV_KDP.jpg,suv
data/processed/car_sizes/suv/Toyota_Highlander_2013_31_17_270_35_6_75_68_188_17_4WD_7_4_SUV_SCM.jpg,suv
data/processed/car_sizes/compact/Jaguar_F-Type_2017_66_18_340_30_6_75_51_176_20_RWD_2_2_Convertible_dzl.jpg,compact
data/processed/car_sizes/suv/Mazda_CX-5_2015_29_19_180_25_4_72_65_178_24_AWD_5_4_SUV_kDX.jpg,suv
data/processed/car_sizes/suv/Kia_Sorento_2017_33_18_240_20_4_74_66_187_19_AWD_5_4_SUV_pXN.jpg,suv
data/processed/car_sizes/suv/BMW_X3_2014_39_18_240_20_4_74_65_183_21_AWD_5_4_SUV_vpl.jpg,suv
data/processed/car_sizes/compact/Toyota_Yaris_2017_16_15_100_15_4_66_59_155_30_FWD_5_2_2dr_Aut.jpg,compact
data/processed/car_sizes/truck/Toyota_Sienna_2017_29_17_290_35_6_78_68_200_19_FWD_7_4_Van_dXg.jpg,truck
data/processed/car_sizes/midsize/Nissan_Versa_2014_12_15_100_16_4_66_59_175_26_FWD_5_4_4dr_wys.jpg,midsize
data/processed/car_sizes/midsize/Toyota_Corolla_2012_16_15_130_18_4_69_57_180_26_FWD_5_4_4dr_KUV.jpg,midsize
data/processed/car_sizes/suv/Volvo_XC90_2019_50_18_250_20_4_79_69_194_20_AWD_7_4_SUV_vWc.jpg,suv
data/processed/car_sizes/truck/Kia_Sedona_2010_28_17_240_38_6_78_69_202_17_FWD_7_4_Van_JOc.jpg,truck
data/processed/car_sizes/truck/Honda_Ridgeline_2008_28_17_240_35_6_76_70_206_15_4WD_5_4_Pickup_XIB.jpg,truck
data/processed/car_sizes/full/Jaguar_XF_2011_52_18_380_50_8_75_57_195_16_RWD_5_4_4dr_pXj.jpg,full
data/processed/car_sizes/suv/Jeep_Wrangler_2017_30_17_280_36_6_73_72_164_17_4WD_4_2_SUV_RkY.jpg,suv
data/processed/car_sizes/midsize/Audi_A5_2019_51_18_240_20_4_72_54_184_23_AWD_4_2_Convertible_TJk.jpg,midsize
data/processed/car_sizes/suv/Hyundai_Tucson_2015_23_17_160_20_4_71_65_173_21_AWD_5_4_SUV_ujy.jpg,suv
data/processed/car_sizes/suv/Lexus_RX_2015_42_18_270_35_6_74_66_187_18_AWD_5_4_SUV_kNE.jpg,suv
data/processed/car_sizes/suv/Jeep_Compass_2011_20_17_170_24_4_69_65_173_22_4WD_5_4_SUV_dBP.jpg,suv
data/processed/car_sizes/compact/Kia_Rio_2020_15_15_120_16_4_67_57_172_33_FWD_5_4_4dr_HXg.jpg,compact
data/processed/car_sizes/truck/Volkswagen_Golf_2017_20_15_170_18_4_70_57_167_25_FWD_5_4_4dr_aaQ.jpg,truck
data/processed/car_sizes/truck/Toyota_Tundra_2017_50_20_380_57_8_79_76_nan_13_4WD_5_4_Pickup_Ciz.jpg,truck
data/processed/car_sizes/midsize/Audi_A5_2019_51_18_240_20_4_72_54_184_23_AWD_4_2_Convertible_MOX.jpg,midsize
data/processed/car_sizes/compact/Nissan_370Z_2012_33_18_330_37_6_72_51_167_19_RWD_2_2_2dr_DVJ.jpg,compact
data/processed/car_sizes/midsize/Toyota_Corolla_2015_17_15_130_18_4_69_57_182_27_FWD_5_4_4dr_LNj.jpg,midsize
data/processed/car_sizes/suv/Subaru_Forester_2011_21_16_170_25_4_70_65_179_21_AWD_5_4_SUV_Ndw.jpg,suv
data/processed/car_sizes/truck/Volkswagen_Golf_2017_20_15_170_18_4_70_57_167_25_FWD_5_4_4dr_Sys.jpg,truck
data/processed/car_sizes/suv/Cadillac_Escalade_2014_63_18_400_62_8_79_75_nan_14_RWD_7_4_SUV_iin.jpg,suv
data/processed/car_sizes/suv/Mazda_CX-5_2017_30_19_180_25_4_72_65_179_23_AWD_5_4_SUV_SJj.jpg,suv
data/processed/car_sizes/compact/Hyundai_Accent_2017_16_14_130_16_4_66_57_162_26_FWD_5_4_4dr_YZY.jpg,compact
data/processed/car_sizes/truck/Honda_Ridgeline_2008_28_17_240_35_6_76_70_206_15_4WD_5_4_Pickup_aNh.jpg,truck
data/processed/car_sizes/suv/Mazda_CX-5_2017_30_19_180_25_4_72_65_179_23_AWD_5_4_SUV_ILQ.jpg,suv
data/processed/car_sizes/compact/Audi_R8_2015_175_19_520_52_10_75_49_174_13_AWD_2_2_Convertible_nnY.jpg,compact
data/processed/car_sizes/midsize/Nissan_Versa_2014_12_15_100_16_4_66_59_175_26_FWD_5_4_4dr_UBy.jpg,midsize
data/processed/car_sizes/midsize/Subaru_Legacy_2012_20_16_170_25_4_71_59_186_23_AWD_5_4_4dr_AJT.jpg,midsize
data/processed/car_sizes/suv/Jeep_Renegade_2015_23_16_160_14_4_74_66_166_24_4WD_5_4_SUV_BwS.jpg,suv
data/processed/car_sizes/suv/Land Rover_Range Rover Evoque_2015_57_20_240_20_4_74_63_171_21_4WD_5_2_SUV_gBU.jpg,suv
data/processed/car_sizes/midsize/Kia_Forte_2019_21_17_140_20_4_70_56_182_30_FWD_5_4_4dr_qzP.jpg,midsize
data/processed/car_sizes/midsize/Toyota_Corolla_2015_17_15_130_18_4_69_57_182_27_FWD_5_4_4dr_RMV.jpg,midsize
data/processed/car_sizes/suv/Dodge_Durango_2013_39_20_290_36_6_75_71_199_16_RWD_7_4_SUV_zsw.jpg,suv
data/processed/car_sizes/suv/Honda_CR-V_2014_25_17_180_24_4_71_64_178_23_FWD_5_4_SUV_wAC.jpg,suv
data/processed/car_sizes/compact/Jaguar_F-Type_2017_66_18_340_30_6_75_51_176_20_RWD_2_2_Convertible_nCn.jpg,compact
data/processed/car_sizes/suv/Jeep_Renegade_2015_23_16_160_14_4_74_66_166_24_4WD_5_4_SUV_YyA.jpg,suv
data/processed/car_sizes/suv/Audi_Q7_2015_53_19_240_30_6_78_68_200_19_AWD_7_4_SUV_Cyc.jpg,suv
data/processed/car_sizes/suv/Kia_Sportage_2016_26_18_180_24_4_73_64_174_19_AWD_5_4_SUV_RHc.jpg,suv
data/processed/car_sizes/suv/Toyota_RAV4_2012_24_16_170_25_4_71_66_181_21_4WD_5_4_SUV_KTZ.jpg,suv
data/processed/car_sizes/truck/Honda_Ridgeline_2008_28_17_240_35_6_76_70_206_15_4WD_5_4_Pickup_jTp.jpg,truck
data/processed/car_sizes/suv/Acura_RDX_2012_34_18_240_23_4_73_65_182_17_AWD_5_4_SUV_VjX.jpg,suv
data/processed/car_sizes/midsize/Nissan_Versa_2014_12_15_100_16_4_66_59_175_26_FWD_5_4_4dr_VXW.jpg,midsize
data/processed/car_sizes/suv/Hyundai_Tucson_2015_23_17_160_20_4_71_65_173_21_AWD_5_4_SUV_qcb.jpg,suv
data/processed/car_sizes/truck/Honda_Odyssey_2013_31_17_240_35_6_79_68_202_18_FWD_8_4_Van_nCB.jpg,truck
data/processed/car_sizes/suv/Lexus_NX_2017_39_17_190_25_4_73_64_182_33_AWD_5_4_SUV_RIB.jpg,suv
data/processed/car_sizes/midsize/Honda_Civic_2012_16_15_140_18_4_69_55_176_nan_FWD_5_2_2dr_sZj.jpg,midsize
data/processed/car_sizes/full/Cadillac_XTS_2012_nan_nan_nan_nan_nan_nan_nan_nan_nan_nan_nan_nan_nan_lSE.jpg,full
data/processed/car_sizes/suv/Nissan_Pathfinder_2013_39_20_260_35_6_77_70_197_20_FWD_7_4_SUV_EFy.jpg,suv
data/processed/car_sizes/truck/Kia_Sedona_2010_28_17_240_38_6_78_69_202_17_FWD_7_4_Van_WMU.jpg,truck
data/processed/car_sizes/midsize/Subaru_Impreza_2014_18_15_140_20_4_68_57_180_27_AWD_5_4_4dr_esf.jpg,midsize
data/processed/car_sizes/suv/Ford_Explorer_2019_34_18_290_35_6_78_70_198_16_4WD_7_4_SUV_zVX.jpg,suv
data/processed/car_sizes/suv/Nissan_Pathfinder_2013_39_20_260_35_6_77_70_197_20_FWD_7_4_SUV_SZC.jpg,suv
data/processed/car_sizes/suv/Ford_Edge_2011_36_18_280_35_6_76_67_184_18_AWD_5_4_4dr_wtB.jpg,suv
data/processed/car_sizes/suv/Jeep_Wrangler_2011_28_18_200_38_6_73_- _152_15_4WD_4_2_SUV_AUl.jpg,suv
data/processed/car_sizes/truck/Honda_Ridgeline_2008_28_17_240_35_6_76_70_206_15_4WD_5_4_Pickup_kwd.jpg,truck
data/processed/car_sizes/suv/Ford_Escape_2012_32_16_170_25_4_71_67_174_30_4WD_5_4_SUV_hNL.jpg,suv
data/processed/car_sizes/suv/Chevrolet_Traverse_2017_33_17_280_36_6_78_69_203_15_AWD_8_4_SUV_Eyx.jpg,suv
data/processed/car_sizes/midsize/Subaru_Impreza_2016_19_15_140_20_4_68_57_180_28_AWD_5_4_4dr_Sln.jpg,midsize
data/processed/car_sizes/truck/Volkswagen_Golf_2017_20_15_170_18_4_70_57_167_25_FWD_5_4_4dr_tWq.jpg,truck
data/processed/car_sizes/suv/Subaru_Forester_2011_21_16_170_25_4_70_65_179_21_AWD_5_4_SUV_jLO.jpg,suv
data/processed/car_sizes/suv/Ford_Explorer_2019_34_18_290_35_6_78_70_198_16_4WD_7_4_SUV_CSP.jpg,suv
data/processed/car_sizes/midsize/Nissan_Versa_2014_12_15_100_16_4_66_59_175_26_FWD_5_4_4dr_mUX.jpg,midsize
data/processed/car_sizes/suv/BMW_X6_2019_63_19_300_30_6_78_67_193_18_RWD_5_4_SUV_VFI.jpg,suv
data/processed/car_sizes/suv/BMW_X5_2013_56_18_260_30_6_76_69_191_nan_AWD_5_4_SUV_gFD.jpg,suv
data/processed/car_sizes/truck/Volkswagen_Golf_2017_20_15_170_18_4_70_57_167_25_FWD_5_4_4dr_NgF.jpg,truck
data/processed/car_sizes/full/Toyota_Camry_2017_26_16_200_25_4_71_57_190_42_FWD_5_4_4dr_lnu.jpg,full
data/processed/car_sizes/suv/Lincoln_Aviator_2003_39_17_300_46_8_73_70_193_13_RWD_6_4_SUV_wmF.jpg,suv
data/processed/car_sizes/truck/Toyota_Tacoma_2012_20_15_150_27_4_72_66_nan_19_RWD_4_2_Pickup_ELz.jpg,truck
data/processed/car_sizes/compact/Audi_R8_2012_136_19_430_42_8_75_49_174_13_AWD_2_2_Convertible_sLZ.jpg,compact
data/processed/car_sizes/suv/Mitsubishi_Outlander_2017_23_18_160_24_4_71_66_184_25_FWD_7_4_SUV_lFB.jpg,suv
data/processed/car_sizes/suv/Honda_CR-V_2012_24_17_180_24_4_71_65_178_23_FWD_5_4_SUV_ZYQ.jpg,suv
data/processed/car_sizes/midsize/Buick_Regal_2017_27_18_180_24_nan_73_58_190_19_FWD_5_4_4dr_Xmp.jpg,midsize
data/processed/car_sizes/truck/Ford_Ranger_2009_20_15_200_40_6_69_66_nan_15_RWD_3_2_Pickup_tYV.jpg,truck
data/processed/car_sizes/truck/Toyota_Tundra_2013_27_18_270_40_6_79_75_nan_16_RWD_6_4_Pickup_CYX.jpg,truck
data/processed/car_sizes/suv/BMW_X6_2019_63_19_300_30_6_78_67_193_18_RWD_5_4_SUV_JRZ.jpg,suv
data/processed/car_sizes/suv/Lexus_RX_2012_40_18_270_35_6_74_67_187_18_AWD_5_4_SUV_hIZ.jpg,suv
data/processed/car_sizes/suv/Acura_MDX_2013_43_18_300_37_6_78_68_191_nan_AWD_7_4_SUV_Quk.jpg,suv
data/processed/car_sizes/suv/Mitsubishi_Outlander_2014_22_16_160_24_4_70_66_183_25_FWD_7_4_SUV_hzH.jpg,suv
data/processed/car_sizes/suv/Honda_CR-V_2016_26_17_180_24_4_71_64_179_26_FWD_5_4_SUV_gkz.jpg,suv
data/processed/car_sizes/midsize/Audi_A5_2019_51_18_240_20_4_72_54_184_23_AWD_4_2_Convertible_eSV.jpg,midsize
data/processed/car_sizes/full/Jaguar_XF_2011_52_18_380_50_8_75_57_195_16_RWD_5_4_4dr_sOP.jpg,full
data/processed/car_sizes/suv/Ford_Escape_2012_32_16_170_25_4_71_67_174_30_4WD_5_4_SUV_fJo.jpg,suv
data/processed/car_sizes/suv/Toyota_Highlander_2013_31_17_270_35_6_75_68_188_17_4WD_7_4_SUV_Mfb.jpg,suv
data/processed/car_sizes/suv/Toyota_Sequoia_2017_57_20_380_57_8_79_77_205_13_4WD_8_4_SUV_wLz.jpg,suv
data/processed/car_sizes/suv/Jeep_Cherokee_2001_17_15_190_40_6_69_63_167_17_RWD_5_2_SUV_WHW.jpg,suv
data/processed/car_sizes/suv/Chevrolet_Traverse_2012_31_17_280_36_6_78_70_205_16_AWD_8_4_SUV_CkL.jpg,suv
data/processed/car_sizes/truck/Toyota_Sienna_2017_29_17_290_35_6_78_68_200_19_FWD_7_4_Van_idC.jpg,truck
data/processed/car_sizes/suv/Volvo_XC90_2019_50_18_250_20_4_79_69_194_20_AWD_7_4_SUV_DoX.jpg,suv
data/processed/car_sizes/midsize/Honda_Civic_2012_16_15_140_18_4_69_55_176_nan_FWD_5_2_2dr_lHE.jpg,midsize
data/processed/car_sizes/truck/Toyota_Tacoma_2012_20_15_150_27_4_72_66_nan_19_RWD_4_2_Pickup_xiM.jpg,truck
data/processed/car_sizes/suv/Audi_Q5_2016_40_18_220_20_4_74_65_182_20_AWD_5_4_SUV_vzp.jpg,suv
data/processed/car_sizes/truck/Volkswagen_Golf_2017_20_15_170_18_4_70_57_167_25_FWD_5_4_4dr_WtG.jpg,truck
data/processed/car_sizes/suv/Subaru_Forester_2011_21_16_170_25_4_70_65_179_21_AWD_5_4_SUV_bGZ.jpg,suv
data/processed/car_sizes/suv/Dodge_Durango_2013_39_20_290_36_6_75_71_199_16_RWD_7_4_SUV_wEj.jpg,suv
data/processed/car_sizes/suv/Kia_Sorento_2017_33_18_240_20_4_74_66_187_19_AWD_5_4_SUV_BId.jpg,suv
data/processed/car_sizes/truck/Honda_Ridgeline_2008_28_17_240_35_6_76_70_206_15_4WD_5_4_Pickup_CLU.jpg,truck
data/processed/car_sizes/suv/BMW_X6_2019_63_19_300_30_6_78_67_193_18_RWD_5_4_SUV_hAN.jpg,suv
data/processed/car_sizes/suv/Honda_CR-V_2016_26_17_180_24_4_71_64_179_26_FWD_5_4_SUV_xyk.jpg,suv
data/processed/car_sizes/suv/Lexus_RX_2015_42_18_270_35_6_74_66_187_18_AWD_5_4_SUV_AdB.jpg,suv
data/processed/car_sizes/suv/Ford_Expedition_2017_60_20_360_35_6_78_77_206_15_RWD_8_4_SUV_SfT.jpg,suv
data/processed/car_sizes/truck/Ford_Ranger_2007_16_15_140_23_4_69_66_nan_24_RWD_2_2_Pickup_Qcn.jpg,truck
data/processed/car_sizes/suv/Hyundai_Tucson_2015_23_17_160_20_4_71_65_173_21_AWD_5_4_SUV_VWu.jpg,suv
data/processed/car_sizes/suv/Jeep_Compass_2011_20_17_170_24_4_69_65_173_22_4WD_5_4_SUV_iRe.jpg,suv
data/processed/car_sizes/truck/Kia_Sedona_2010_28_17_240_38_6_78_69_202_17_FWD_7_4_Van_aLD.jpg,truck
data/processed/car_sizes/suv/Kia_Sportage_2014_25_18_180_24_4_73_64_174_nan_FWD_5_4_SUV_MnQ.jpg,suv
data/processed/car_sizes/suv/Hyundai_Santa Fe_2012_24_17_170_24_4_74_67_184_20_AWD_5_4_SUV_mgE.jpg,suv
data/processed/car_sizes/suv/Mitsubishi_Outlander_2017_23_18_160_24_4_71_66_184_25_FWD_7_4_SUV_sMS.jpg,suv
data/processed/car_sizes/midsize/Kia_Forte_2019_21_17_140_20_4_70_56_182_30_FWD_5_4_4dr_Gub.jpg,midsize
data/processed/car_sizes/suv/Honda_Pilot_2011_31_17_250_35_6_78_72_190_17_FWD_8_4_SUV_abC.jpg,suv
data/processed/car_sizes/midsize/Subaru_Impreza_2016_19_15_140_20_4_68_57_180_28_AWD_5_4_4dr_zZU.jpg,midsize
data/processed/car_sizes/truck/Honda_Odyssey_2011_31_17_240_35_6_79_68_202_18_FWD_8_4_Van_WWK.jpg,truck
data/processed/car_sizes/truck/Ford_Ranger_2007_16_15_140_23_4_69_66_nan_24_RWD_2_2_Pickup_BvD.jpg,truck
data/processed/car_sizes/compact/Audi_TT_2014_39_18_210_20_4_72_53_165_22_AWD_4_2_2dr_Gup.jpg,compact
data/processed/car_sizes/suv/Nissan_Pathfinder_2013_39_20_260_35_6_77_70_197_20_FWD_7_4_SUV_pXD.jpg,suv
data/processed/car_sizes/compact/Toyota_Yaris_2017_16_15_100_15_4_66_59_155_30_FWD_5_2_2dr_mlx.jpg,compact
data/processed/car_sizes/suv/Lexus_GX_2013_53_18_300_46_8_74_74_189_15_4WD_7_4_SUV_oqU.jpg,suv
data/processed/car_sizes/full/Jaguar_XF_2011_52_18_380_50_8_75_57_195_16_RWD_5_4_4dr_XSV.jpg,full
data/processed/car_sizes/suv/Hyundai_Santa Fe_2015_31_18_290_33_6_74_66_193_18_AWD_7_4_SUV_JwB.jpg,suv
data/processed/car_sizes/midsize/Kia_Forte_2019_21_17_140_20_4_70_56_182_30_FWD_5_4_4dr_QGw.jpg,midsize
data/processed/car_sizes/suv/Volvo_XC90_2019_50_18_250_20_4_79_69_194_20_AWD_7_4_SUV_mrE.jpg,suv
data/processed/car_sizes/truck/Toyota_Tundra_2017_50_20_380_57_8_79_76_nan_13_4WD_5_4_Pickup_pPD.jpg,truck
data/processed/car_sizes/suv/Ford_Expedition_2017_60_20_360_35_6_78_77_206_15_RWD_8_4_SUV_lFz.jpg,suv
data/processed/car_sizes/truck/Toyota_Tacoma_2012_20_15_150_27_4_72_66_nan_19_RWD_4_2_Pickup_URZ.jpg,truck
data/processed/car_sizes/suv/Kia_Sorento_2017_33_18_240_20_4_74_66_187_19_AWD_5_4_SUV_Sde.jpg,suv
data/processed/car_sizes/suv/Volvo_XC90_2014_41_18_240_32_6_76_70_189_16_AWD_7_4_SUV_gpD.jpg,suv
data/processed/car_sizes/suv/Jeep_Wrangler_2017_30_17_280_36_6_73_72_164_17_4WD_4_2_SUV_VUN.jpg,suv
data/processed/car_sizes/suv/Land Rover_Range Rover_2012_79_19_380_50_8_80_73_195_12_4WD_5_4_SUV_MMi.jpg,suv
data/processed/car_sizes/suv/Hyundai_Tucson_2015_23_17_160_20_4_71_65_173_21_AWD_5_4_SUV_sNb.jpg,suv
data/processed/car_sizes/suv/Lexus_NX_2017_39_17_190_25_4_73_64_182_33_AWD_5_4_SUV_TFe.jpg,suv
data/processed/car_sizes/compact/Mitsubishi_Mirage_2015_14_14_740_12_3_65_59_148_37_FWD_5_4_4dr_dlU.jpg,compact
data/processed/car_sizes/suv/Land Rover_Range Rover_2012_79_19_380_50_8_80_73_195_12_4WD_5_4_SUV_ZnF.jpg,suv
data/processed/car_sizes/truck/Nissan_Titan_2015_32_18_310_56_8_79_74_224_13_RWD_6_4_Pickup_ViC.jpg,truck
data/processed/car_sizes/suv/Honda_Pilot_2011_31_17_250_35_6_78_72_190_17_FWD_8_4_SUV_pXf.jpg,suv
data/processed/car_sizes/truck/Ford_Ranger_2009_20_15_200_40_6_69_66_nan_15_RWD_3_2_Pickup_Gxx.jpg,truck
data/processed/car_sizes/midsize/Buick_Regal_2017_27_18_180_24_nan_73_58_190_19_FWD_5_4_4dr_qaB.jpg,midsize
data/processed/car_sizes/suv/Kia_Sportage_2014_25_18_180_24_4_73_64_174_nan_FWD_5_4_SUV_bVB.jpg,suv
data/processed/car_sizes/suv/Lexus_NX_2017_39_17_190_25_4_73_64_182_33_AWD_5_4_SUV_aIP.jpg,suv
data/processed/car_sizes/truck/Toyota_Tacoma_2012_20_15_150_27_4_72_66_nan_19_RWD_4_2_Pickup_nVL.jpg,truck
data/processed/car_sizes/midsize/Chevrolet_Malibu_2013_24_17_180_24_4_73_57_191_25_FWD_5_4_4dr_fzR.jpg,midsize
data/processed/car_sizes/truck/Ford_Ranger_2007_16_15_140_23_4_69_66_nan_24_RWD_2_2_Pickup_Vbg.jpg,truck
data/processed/car_sizes/midsize/Audi_A3_2020_33_18_180_20_4_70_55_175_27_FWD_5_4_4dr_tTN.jpg,midsize
data/processed/car_sizes/midsize/Nissan_Versa_2014_12_15_100_16_4_66_59_175_26_FWD_5_4_4dr_AuF.jpg,midsize
data/processed/car_sizes/truck/Toyota_Tundra_2013_27_18_270_40_6_79_75_nan_16_RWD_6_4_Pickup_TmS.jpg,truck
data/processed/car_sizes/suv/BMW_X6_2019_63_19_300_30_6_78_67_193_18_RWD_5_4_SUV_HTy.jpg,suv
data/processed/car_sizes/compact/Nissan_370Z_2012_33_18_330_37_6_72_51_167_19_RWD_2_2_2dr_hFg.jpg,compact
data/processed/car_sizes/truck/Toyota_Tundra_2017_50_20_380_57_8_79_76_nan_13_4WD_5_4_Pickup_GeA.jpg,truck
data/processed/car_sizes/truck/Kia_Sedona_2010_28_17_240_38_6_78_69_202_17_FWD_7_4_Van_pDX.jpg,truck
data/processed/car_sizes/suv/Mitsubishi_Outlander_2014_22_16_160_24_4_70_66_183_25_FWD_7_4_SUV_YCg.jpg,suv
data/processed/car_sizes/suv/Toyota_Highlander_2016_33_18_270_35_6_75_68_191_18_AWD_8_4_SUV_CJa.jpg,suv
data/processed/car_sizes/suv/Porsche_Cayenne_2014_56_18_240_30_6_76_67_190_20_AWD_5_4_SUV_lxx.jpg,suv
data/processed/car_sizes/full/Porsche_Panamera_2020_103_21_330_30_6_76_56_198_19_RWD_4_4_4dr_szf.jpg,full
data/processed/car_sizes/suv/Jeep_Compass_2017_21_18_170_24_4_71_65_175_20_4WD_5_4_SUV_tQK.jpg,suv
data/processed/car_sizes/suv/Ford_Edge_2011_36_18_280_35_6_76_67_184_18_AWD_5_4_4dr_feb.jpg,suv
data/processed/car_sizes/suv/Mazda_CX-5_2017_30_19_180_25_4_72_65_179_23_AWD_5_4_SUV_Jzz.jpg,suv
data/processed/car_sizes/compact/Audi_R8_2012_136_19_430_42_8_75_49_174_13_AWD_2_2_Convertible_feA.jpg,compact
data/processed/car_sizes/midsize/Honda_Civic_2012_16_15_140_18_4_69_55_176_nan_FWD_5_2_2dr_nAA.jpg,midsize
data/processed/car_sizes/suv/Honda_CR-V_2012_24_17_180_24_4_71_65_178_23_FWD_5_4_SUV_Yxd.jpg,suv
data/processed/car_sizes/suv/Land Rover_Discovery Sport_2019_49_20_280_20_4_74_67_180_20_4WD_5_4_SUV_QcT.jpg,suv
data/processed/car_sizes/full/Porsche_Panamera_2020_103_21_330_30_6_76_56_198_19_RWD_4_4_4dr_HWs.jpg,full
data/processed/car_sizes/compact/Nissan_370Z_2012_33_18_330_37_6_72_51_167_19_RWD_2_2_2dr_utP.jpg,compact
data/processed/car_sizes/suv/Jeep_Wrangler_2011_28_18_200_38_6_73_- _152_15_4WD_4_2_SUV_DBf.jpg,suv
data/processed/car_sizes/suv/Mazda_CX-5_2017_30_19_180_25_4_72_65_179_23_AWD_5_4_SUV_baY.jpg,suv
data/processed/car_sizes/midsize/Audi_A4_2015_37_17_220_20_4_71_56_185_22_AWD_5_4_4dr_riS.jpg,midsize
data/processed/car_sizes/truck/Toyota_Tundra_2013_27_18_270_40_6_79_75_nan_16_RWD_6_4_Pickup_HVW.jpg,truck
data/processed/car_sizes/suv/Toyota_Land Cruiser_2011_69_18_380_57_8_77_74_194_13_4WD_8_4_SUV_rtK.jpg,suv
data/processed/car_sizes/full/Jaguar_XF_2011_52_18_380_50_8_75_57_195_16_RWD_5_4_4dr_dmD.jpg,full
data/processed/car_sizes/suv/Lexus_NX_2017_39_17_190_25_4_73_64_182_33_AWD_5_4_SUV_LCv.jpg,suv
data/processed/car_sizes/midsize/Audi_A4_2015_37_17_220_20_4_71_56_185_22_AWD_5_4_4dr_viG.jpg,midsize
data/processed/car_sizes/midsize/Buick_Regal_2017_27_18_180_24_nan_73_58_190_19_FWD_5_4_4dr_Qfo.jpg,midsize
data/processed/car_sizes/suv/Volvo_XC60_2017_42_18_240_20_4_74_67_182_nan_AWD_5_4_SUV_kJV.jpg,suv
data/processed/car_sizes/midsize/Chevrolet_Malibu_2013_24_17_180_24_4_73_57_191_25_FWD_5_4_4dr_ovr.jpg,midsize
data/processed/car_sizes/suv/Porsche_Cayenne_2017_59_18_300_36_6_78_67_191_18_AWD_5_4_SUV_wdS.jpg,suv
data/processed/car_sizes/suv/Mitsubishi_Outlander_2014_22_16_160_24_4_70_66_183_25_FWD_7_4_SUV_pFQ.jpg,suv
data/processed/car_sizes/suv/Volvo_XC90_2019_50_18_250_20_4_79_69_194_20_AWD_7_4_SUV_Dhf.jpg,suv
data/processed/car_sizes/suv/Subaru_Forester_2011_21_16_170_25_4_70_65_179_21_AWD_5_4_SUV_oQo.jpg,suv
data/processed/car_sizes/midsize/Toyota_Corolla_2015_17_15_130_18_4_69_57_182_27_FWD_5_4_4dr_ICE.jpg,midsize
data/processed/car_sizes/suv/Nissan_Pathfinder_2013_39_20_260_35_6_77_70_197_20_FWD_7_4_SUV_ScR.jpg,suv
data/processed/car_sizes/truck/Ford_Ranger_2007_16_15_140_23_4_69_66_nan_24_RWD_2_2_Pickup_VDA.jpg,truck
data/processed/car_sizes/compact/Toyota_Yaris_2017_16_15_100_15_4_66_59_155_30_FWD_5_2_2dr_NAL.jpg,compact
data/processed/car_sizes/midsize/Chevrolet_Malibu_2013_24_17_180_24_4_73_57_191_25_FWD_5_4_4dr_KNC.jpg,midsize
data/processed/car_sizes/suv/Chevrolet_TrailBlazer_2005_28_17_270_42_6_74_75_nan_15_RWD_7_4_SUV_aRz.jpg,suv
data/processed/car_sizes/midsize/Nissan_Sentra_2015_17_16_120_18_4_69_58_182_30_FWD_5_4_4dr_kYk.jpg,midsize
data/processed/car_sizes/compact/Kia_Rio_2020_15_15_120_16_4_67_57_172_33_FWD_5_4_4dr_QzZ.jpg,compact
data/processed/car_sizes/midsize/Chevrolet_Malibu_2013_24_17_180_24_4_73_57_191_25_FWD_5_4_4dr_fsQ.jpg,midsize
data/processed/car_sizes/truck/Ford_Ranger_2009_20_15_200_40_6_69_66_nan_15_RWD_3_2_Pickup_fnY.jpg,truck
data/processed/car_sizes/suv/Jeep_Wrangler_2011_28_18_200_38_6_73_- _152_15_4WD_4_2_SUV_DJw.jpg,suv
data/processed/car_sizes/suv/Chevrolet_Traverse_2012_31_17_280_36_6_78_70_205_16_AWD_8_4_SUV_eAD.jpg,suv
data/processed/car_sizes/midsize/Chevrolet_Malibu_2013_24_17_180_24_4_73_57_191_25_FWD_5_4_4dr_WXP.jpg,midsize
data/processed/car_sizes/suv/Jeep_Compass_2017_21_18_170_24_4_71_65_175_20_4WD_5_4_SUV_GAW.jpg,suv
data/processed/car_sizes/compact/Toyota_Yaris_2017_16_15_100_15_4_66_59_155_30_FWD_5_2_2dr_wID.jpg,compact
data/processed/car_sizes/suv/BMW_X6_2019_63_19_300_30_6_78_67_193_18_RWD_5_4_SUV_Cse.jpg,suv
data/processed/car_sizes/truck/Honda_Odyssey_2011_31_17_240_35_6_79_68_202_18_FWD_8_4_Van_HBF.jpg,truck
data/processed/car_sizes/suv/Jeep_Renegade_2015_23_16_160_14_4_74_66_166_24_4WD_5_4_SUV_oFr.jpg,suv
data/processed/car_sizes/midsize/Honda_Civic_2012_16_15_140_18_4_69_55_176_nan_FWD_5_2_2dr_vRz.jpg,midsize
data/processed/car_sizes/suv/Volkswagen_Tiguan_2011_24_16_200_20_4_71_66_174_20_FWD_5_4_SUV_qUa.jpg,suv
data/processed/car_sizes/suv/Land Rover_Range Rover_2012_79_19_380_50_8_80_73_195_12_4WD_5_4_SUV_djM.jpg,suv
data/processed/car_sizes/truck/Toyota_Sienna_2017_29_17_290_35_6_78_68_200_19_FWD_7_4_Van_zWD.jpg,truck
data/processed/car_sizes/truck/Kia_Sedona_2010_28_17_240_38_6_78_69_202_17_FWD_7_4_Van_uNo.jpg,truck
data/processed/car_sizes/suv/Hyundai_Santa Fe_2015_31_18_290_33_6_74_66_193_18_AWD_7_4_SUV_YNd.jpg,suv
data/processed/car_sizes/suv/Toyota_Land Cruiser_2011_69_18_380_57_8_77_74_194_13_4WD_8_4_SUV_QBW.jpg,suv
data/processed/car_sizes/midsize/Honda_Civic_2012_16_15_140_18_4_69_55_176_nan_FWD_5_2_2dr_dbA.jpg,midsize
data/processed/car_sizes/suv/Lexus_LX_2015_83_20_380_57_8_77_73_197_12_4WD_8_4_SUV_TcY.jpg,suv
data/processed/car_sizes/suv/Volkswagen_Tiguan_2011_24_16_200_20_4_71_66_174_20_FWD_5_4_SUV_oyS.jpg,suv
data/processed/car_sizes/compact/Jaguar_F-Type_2017_66_18_340_30_6_75_51_176_20_RWD_2_2_Convertible_wTN.jpg,compact
data/processed/car_sizes/suv/Honda_CR-V_2014_25_17_180_24_4_71_64_178_23_FWD_5_4_SUV_CDL.jpg,suv
data/processed/car_sizes/midsize/Subaru_Impreza_2016_19_15_140_20_4_68_57_180_28_AWD_5_4_4dr_wbf.jpg,midsize
data/processed/car_sizes/suv/Honda_Pilot_2019_34_18_280_35_6_78_70_196_19_FWD_8_4_SUV_pbd.jpg,suv
data/processed/car_sizes/midsize/Chevrolet_Malibu_2011_21_17_160_24_4_70_57_191_22_FWD_5_4_4dr_gJm.jpg,midsize
data/processed/car_sizes/midsize/Kia_Forte_2019_21_17_140_20_4_70_56_182_30_FWD_5_4_4dr_DIX.jpg,midsize
data/processed/car_sizes/suv/Jeep_Wrangler_2017_30_17_280_36_6_73_72_164_17_4WD_4_2_SUV_nhg.jpg,suv
data/processed/car_sizes/truck/Toyota_Tundra_2017_50_20_380_57_8_79_76_nan_13_4WD_5_4_Pickup_LCd.jpg,truck
data/processed/car_sizes/suv/Dodge_Durango_2013_39_20_290_36_6_75_71_199_16_RWD_7_4_SUV_WZG.jpg,suv
data/processed/car_sizes/suv/Ford_Escape_2016_27_17_170_16_4_72_66_178_22_4WD_5_4_SUV_nVo.jpg,suv
data/processed/car_sizes/compact/Mitsubishi_Mirage_2015_14_14_740_12_3_65_59_148_37_FWD_5_4_4dr_GGU.jpg,compact
data/processed/car_sizes/suv/Volvo_XC90_2019_50_18_250_20_4_79_69_194_20_AWD_7_4_SUV_pzo.jpg,suv
data/processed/car_sizes/suv/Ford_Escape_2012_32_16_170_25_4_71_67_174_30_4WD_5_4_SUV_tQk.jpg,suv
data/processed/car_sizes/compact/Toyota_Yaris_2017_16_15_100_15_4_66_59_155_30_FWD_5_2_2dr_cIM.jpg,compact
data/processed/car_sizes/truck/Nissan_Titan_2015_32_18_310_56_8_79_74_224_13_RWD_6_4_Pickup_tBy.jpg,truck
data/processed/car_sizes/suv/Land Rover_Range Rover_2017_94_20_250_30_6_78_72_196_22_4WD_5_4_SUV_gLy.jpg,suv
data/processed/car_sizes/midsize/Buick_Regal_2015_27_18_180_24_nan_73_58_190_19_FWD_5_4_4dr_WnX.jpg,midsize
data/processed/car_sizes/suv/Ford_Explorer_2019_34_18_290_35_6_78_70_198_16_4WD_7_4_SUV_RMV.jpg,suv
data/processed/car_sizes/compact/Jaguar_F-Type_2017_66_18_340_30_6_75_51_176_20_RWD_2_2_Convertible_tDz.jpg,compact
data/processed/car_sizes/midsize/Nissan_Versa_2014_12_15_100_16_4_66_59_175_26_FWD_5_4_4dr_MVu.jpg,midsize
data/processed/car_sizes/suv/Jeep_Compass_2013_23_17_170_24_4_69_65_173_21_4WD_5_4_SUV_FTC.jpg,suv
data/processed/car_sizes/full/Porsche_Panamera_2020_103_21_330_30_6_76_56_198_19_RWD_4_4_4dr_fVY.jpg,full
data/processed/car_sizes/suv/Mazda_CX-5_2017_30_19_180_25_4_72_65_179_23_AWD_5_4_SUV_yRe.jpg,suv
data/processed/car_sizes/suv/Jeep_Wrangler_2017_30_17_280_36_6_73_72_164_17_4WD_4_2_SUV_Hhb.jpg,suv
data/processed/car_sizes/midsize/Nissan_Sentra_2019_25_18_180_16_4_69_58_183_25_FWD_5_4_4dr_gYH.jpg,midsize
data/processed/car_sizes/suv/Nissan_Pathfinder_2013_39_20_260_35_6_77_70_197_20_FWD_7_4_SUV_Srv.jpg,suv
data/processed/car_sizes/suv/Ford_Edge_2011_36_18_280_35_6_76_67_184_18_AWD_5_4_4dr_XND.jpg,suv
data/processed/car_sizes/truck/Kia_Sedona_2010_28_17_240_38_6_78_69_202_17_FWD_7_4_Van_vmp.jpg,truck
data/processed/car_sizes/suv/BMW_X6_2019_63_19_300_30_6_78_67_193_18_RWD_5_4_SUV_ykf.jpg,suv
data/processed/car_sizes/truck/Kia_Sedona_2010_28_17_240_38_6_78_69_202_17_FWD_7_4_Van_cuo.jpg,truck
data/processed/car_sizes/compact/Hyundai_Accent_2017_16_14_130_16_4_66_57_162_26_FWD_5_4_4dr_fbd.jpg,compact
data/processed/car_sizes/midsize/Chevrolet_Malibu_2013_24_17_180_24_4_73_57_191_25_FWD_5_4_4dr_VCa.jpg,midsize
data/processed/car_sizes/suv/Chevrolet_Traverse_2012_31_17_280_36_6_78_70_205_16_AWD_8_4_SUV_hHR.jpg,suv
data/processed/car_sizes/midsize/Honda_Civic_2012_16_15_140_18_4_69_55_176_nan_FWD_5_2_2dr_scV.jpg,midsize
data/processed/car_sizes/suv/Volkswagen_Tiguan_2011_24_16_200_20_4_71_66_174_20_FWD_5_4_SUV_wjI.jpg,suv
data/processed/car_sizes/compact/Mitsubishi_Mirage_2015_14_14_740_12_3_65_59_148_37_FWD_5_4_4dr_vod.jpg,compact
data/processed/car_sizes/suv/Honda_Pilot_2011_31_17_250_35_6_78_72_190_17_FWD_8_4_SUV_bZh.jpg,suv
data/processed/car_sizes/suv/Mazda_CX-5_2017_30_19_180_25_4_72_65_179_23_AWD_5_4_SUV_GOd.jpg,suv
data/processed/car_sizes/suv/BMW_X6_2019_63_19_300_30_6_78_67_193_18_RWD_5_4_SUV_mIp.jpg,suv
data/processed/car_sizes/suv/Volvo_XC90_2014_41_18_240_32_6_76_70_189_16_AWD_7_4_SUV_WKp.jpg,suv
data/processed/car_sizes/truck/Volkswagen_Golf_2012_25_18_200_20_4_70_57_165_24_FWD_5_2_2dr_Rbe.jpg,truck
data/processed/car_sizes/truck/Volkswagen_Golf_2012_25_18_200_20_4_70_57_165_24_FWD_5_2_2dr_tqT.jpg,truck
data/processed/car_sizes/suv/Nissan_Pathfinder_2013_39_20_260_35_6_77_70_197_20_FWD_7_4_SUV_ICi.jpg,suv
data/processed/car_sizes/suv/Chevrolet_Blazer_2003_23_15_190_43_6_67_64_nan_15_4WD_4_2_SUV_DnM.jpg,suv
data/processed/car_sizes/suv/Jeep_Wrangler_2017_30_17_280_36_6_73_72_164_17_4WD_4_2_SUV_tmE.jpg,suv
data/processed/car_sizes/suv/Jeep_Renegade_2015_23_16_160_14_4_74_66_166_24_4WD_5_4_SUV_Kwj.jpg,suv
data/processed/car_sizes/midsize/Chevrolet_Malibu_2013_24_17_180_24_4_73_57_191_25_FWD_5_4_4dr_oUb.jpg,midsize
data/processed/car_sizes/suv/Honda_Pilot_2019_34_18_280_35_6_78_70_196_19_FWD_8_4_SUV_wPj.jpg,suv
data/processed/car_sizes/suv/Honda_Pilot_2011_31_17_250_35_6_78_72_190_17_FWD_8_4_SUV_NYa.jpg,suv
data/processed/car_sizes/truck/Volkswagen_Golf_2012_25_18_200_20_4_70_57_165_24_FWD_5_2_2dr_HSO.jpg,truck
data/processed/car_sizes/truck/Toyota_Tundra_2013_27_18_270_40_6_79_75_nan_16_RWD_6_4_Pickup_AMY.jpg,truck
data/processed/car_sizes/suv/Audi_Q5_2016_40_18_220_20_4_74_65_182_20_AWD_5_4_SUV_AJZ.jpg,suv
data/processed/car_sizes/suv/BMW_X6_2012_59_19_300_30_6_78_66_192_16_AWD_4_4_SUV_mhN.jpg,suv
data/processed/car_sizes/compact/Kia_Rio_2020_15_15_120_16_4_67_57_172_33_FWD_5_4_4dr_VQL.jpg,compact
data/processed/car_sizes/truck/Toyota_Tacoma_2012_20_15_150_27_4_72_66_nan_19_RWD_4_2_Pickup_FSs.jpg,truck
data/processed/car_sizes/midsize/Audi_A5_2019_51_18_240_20_4_72_54_184_23_AWD_4_2_Convertible_VVV.jpg,midsize
data/processed/car_sizes/suv/Ford_Explorer_2015_32_18_290_35_6_78_71_197_17_4WD_7_4_SUV_qSf.jpg,suv
data/processed/car_sizes/full/Porsche_Panamera_2020_103_21_330_30_6_76_56_198_19_RWD_4_4_4dr_OQo.jpg,full
data/processed/car_sizes/suv/Mazda_CX-5_2015_29_19_180_25_4_72_65_178_24_AWD_5_4_SUV_FZF.jpg,suv
data/processed/car_sizes/compact/Subaru_BRZ_2020_29_17_200_20_4_69_52_166_24_RWD_4_2_2dr_gci.jpg,compact
data/processed/car_sizes/suv/BMW_X3_2017_40_18_240_20_4_74_66_183_21_RWD_5_4_SUV_vUA.jpg,suv
data/processed/car_sizes/suv/Subaru_Forester_2011_21_16_170_25_4_70_65_179_21_AWD_5_4_SUV_baC.jpg,suv
data/processed/car_sizes/midsize/Nissan_Versa_2014_12_15_100_16_4_66_59_175_26_FWD_5_4_4dr_Zsk.jpg,midsize
data/processed/car_sizes/suv/Porsche_Cayenne_2014_56_18_240_30_6_76_67_190_20_AWD_5_4_SUV_AGI.jpg,suv
data/processed/car_sizes/suv/Mitsubishi_Outlander_2014_22_16_160_24_4_70_66_183_25_FWD_7_4_SUV_tGt.jpg,suv
data/processed/car_sizes/midsize/Subaru_Impreza_2014_18_15_140_20_4_68_57_180_27_AWD_5_4_4dr_KnI.jpg,midsize
data/processed/car_sizes/suv/Kia_Sportage_2014_25_18_180_24_4_73_64_174_nan_FWD_5_4_SUV_gTE.jpg,suv
data/processed/car_sizes/compact/Toyota_Yaris_2017_16_15_100_15_4_66_59_155_30_FWD_5_2_2dr_DFu.jpg,compact
data/processed/car_sizes/suv/BMW_X3_2014_39_18_240_20_4_74_65_183_21_AWD_5_4_SUV_jxF.jpg,suv
data/processed/car_sizes/compact/Jaguar_F-Type_2017_66_18_340_30_6_75_51_176_20_RWD_2_2_Convertible_SCL.jpg,compact
data/processed/car_sizes/suv/Kia_Sorento_2015_24_17_190_24_4_74_66_184_20_FWD_5_4_SUV_Oly.jpg,suv
data/processed/car_sizes/suv/Audi_Q7_2015_53_19_240_30_6_78_68_200_19_AWD_7_4_SUV_ejM.jpg,suv
data/processed/car_sizes/compact/Mitsubishi_Mirage_2015_14_14_740_12_3_65_59_148_37_FWD_5_4_4dr_NLd.jpg,compact
data/processed/car_sizes/midsize/Nissan_Versa_2014_12_15_100_16_4_66_59_175_26_FWD_5_4_4dr_kDb.jpg,midsize
data/processed/car_sizes/compact/Audi_TT_2014_39_18_210_20_4_72_53_165_22_AWD_4_2_2dr_hqb.jpg,compact
data/processed/car_sizes/full/Toyota_Camry_2017_26_16_200_25_4_71_57_190_42_FWD_5_4_4dr_cwh.jpg,full
data/processed/car_sizes/suv/Ford_Expedition_2017_60_20_360_35_6_78_77_206_15_RWD_8_4_SUV_PWG.jpg,suv
data/processed/car_sizes/compact/Audi_R8_2015_175_19_520_52_10_75_49_174_13_AWD_2_2_Convertible_hdV.jpg,compact
data/processed/car_sizes/suv/Porsche_Cayenne_2014_56_18_240_30_6_76_67_190_20_AWD_5_4_SUV_NvF.jpg,suv
data/processed/car_sizes/suv/BMW_X6_2019_63_19_300_30_6_78_67_193_18_RWD_5_4_SUV_lFG.jpg,suv
data/processed/car_sizes/midsize/Kia_Forte_2016_19_17_170_20_4_70_56_179_24_FWD_5_4_4dr_LoK.jpg,midsize
data/processed/car_sizes/truck/Toyota_Sienna_2017_29_17_290_35_6_78_68_200_19_FWD_7_4_Van_NQw.jpg,truck
data/processed/car_sizes/suv/Ford_Edge_2011_36_18_280_35_6_76_67_184_18_AWD_5_4_4dr_cdO.jpg,suv
data/processed/car_sizes/suv/Ford_Edge_2011_36_18_280_35_6_76_67_184_18_AWD_5_4_4dr_fBJ.jpg,suv
data/processed/car_sizes/truck/Honda_Ridgeline_2008_28_17_240_35_6_76_70_206_15_4WD_5_4_Pickup_ase.jpg,truck
data/processed/car_sizes/full/Toyota_Avalon_2015_39_18_260_35_6_72_57_195_21_FWD_5_4_4dr_BVk.jpg,full
data/processed/car_sizes/suv/Jeep_Wrangler_2011_28_18_200_38_6_73_- _152_15_4WD_4_2_SUV_qXn.jpg,suv
data/processed/car_sizes/suv/Lexus_GX_2013_53_18_300_46_8_74_74_189_15_4WD_7_4_SUV_Cuq.jpg,suv
data/processed/car_sizes/suv/Ford_Escape_2012_32_16_170_25_4_71_67_174_30_4WD_5_4_SUV_nWa.jpg,suv
data/processed/car_sizes/midsize/Nissan_Sentra_2019_25_18_180_16_4_69_58_183_25_FWD_5_4_4dr_MCW.jpg,midsize
data/processed/car_sizes/suv/Volvo_XC90_2019_50_18_250_20_4_79_69_194_20_AWD_7_4_SUV_erB.jpg,suv
data/processed/car_sizes/truck/Volkswagen_Golf_2012_25_18_200_20_4_70_57_165_24_FWD_5_2_2dr_gbs.jpg,truck
data/processed/car_sizes/truck/Ford_Ranger_2009_20_15_200_40_6_69_66_nan_15_RWD_3_2_Pickup_NjE.jpg,truck
data/processed/car_sizes/suv/Honda_Pilot_2019_34_18_280_35_6_78_70_196_19_FWD_8_4_SUV_VRX.jpg,suv
data/processed/car_sizes/suv/Jeep_Wrangler_2011_28_18_200_38_6_73_- _152_15_4WD_4_2_SUV_IrI.jpg,suv
data/processed/car_sizes/suv/Subaru_Forester_2011_21_16_170_25_4_70_65_179_21_AWD_5_4_SUV_Ghe.jpg,suv
data/processed/car_sizes/suv/Ford_Edge_2011_36_18_280_35_6_76_67_184_18_AWD_5_4_4dr_nKR.jpg,suv
data/processed/car_sizes/suv/BMW_X3_2014_39_18_240_20_4_74_65_183_21_AWD_5_4_SUV_oYX.jpg,suv
data/processed/car_sizes/suv/Nissan_Pathfinder_2013_39_20_260_35_6_77_70_197_20_FWD_7_4_SUV_uCK.jpg,suv
data/processed/car_sizes/truck/Toyota_Tundra_2017_50_20_380_57_8_79_76_nan_13_4WD_5_4_Pickup_WmU.jpg,truck
data/processed/car_sizes/suv/Subaru_Forester_2011_21_16_170_25_4_70_65_179_21_AWD_5_4_SUV_Xgt.jpg,suv
data/processed/car_sizes/midsize/Toyota_Corolla_2015_17_15_130_18_4_69_57_182_27_FWD_5_4_4dr_GEf.jpg,midsize
data/processed/car_sizes/suv/Toyota_RAV4_2012_24_16_170_25_4_71_66_181_21_4WD_5_4_SUV_xPg.jpg,suv
data/processed/car_sizes/suv/Honda_CR-V_2014_25_17_180_24_4_71_64_178_23_FWD_5_4_SUV_AMQ.jpg,suv
data/processed/car_sizes/suv/Kia_Sportage_2016_26_18_180_24_4_73_64_174_19_AWD_5_4_SUV_PKO.jpg,suv
data/processed/car_sizes/truck/Volkswagen_Golf_2012_25_18_200_20_4_70_57_165_24_FWD_5_2_2dr_NSd.jpg,truck
data/processed/car_sizes/compact/Audi_R8_2012_136_19_430_42_8_75_49_174_13_AWD_2_2_Convertible_MaW.jpg,compact
data/processed/car_sizes/suv/Volkswagen_Tiguan_2016_28_19_200_20_4_71_67_174_21_FWD_5_4_SUV_tuz.jpg,suv
data/processed/car_sizes/midsize/Subaru_Impreza_2016_19_15_140_20_4_68_57_180_28_AWD_5_4_4dr_RDU.jpg,midsize
data/processed/car_sizes/compact/Nissan_370Z_2012_33_18_330_37_6_72_51_167_19_RWD_2_2_2dr_Ybr.jpg,compact
data/processed/car_sizes/compact/Jaguar_F-Type_2017_66_18_340_30_6_75_51_176_20_RWD_2_2_Convertible_mdv.jpg,compact
data/processed/car_sizes/suv/Toyota_Highlander_2016_33_18_270_35_6_75_68_191_18_AWD_8_4_SUV_BtQ.jpg,suv
data/processed/car_sizes/midsize/Chevrolet_Malibu_2013_24_17_180_24_4_73_57_191_25_FWD_5_4_4dr_eFJ.jpg,midsize
data/processed/car_sizes/truck/Toyota_Tundra_2017_50_20_380_57_8_79_76_nan_13_4WD_5_4_Pickup_xEc.jpg,truck
data/processed/car_sizes/suv/Volvo_XC60_2017_42_18_240_20_4_74_67_182_nan_AWD_5_4_SUV_ESi.jpg,suv
data/processed/car_sizes/full/Porsche_Panamera_2020_103_21_330_30_6_76_56_198_19_RWD_4_4_4dr_bum.jpg,full
data/processed/car_sizes/midsize/Chevrolet_Malibu_2011_21_17_160_24_4_70_57_191_22_FWD_5_4_4dr_vns.jpg,midsize
data/processed/car_sizes/suv/Toyota_Land Cruiser_2011_69_18_380_57_8_77_74_194_13_4WD_8_4_SUV_Aij.jpg,suv
data/processed/car_sizes/truck/Honda_Odyssey_2011_31_17_240_35_6_79_68_202_18_FWD_8_4_Van_tRa.jpg,truck
data/processed/car_sizes/suv/Lexus_RX_2015_42_18_270_35_6_74_66_187_18_AWD_5_4_SUV_DIV.jpg,suv
data/processed/car_sizes/suv/Land Rover_Discovery_2004_40_18_210_46_8_74_76_185_12_4WD_5_4_SUV_yCF.jpg,suv
data/processed/car_sizes/truck/Honda_Odyssey_2011_31_17_240_35_6_79_68_202_18_FWD_8_4_Van_rLm.jpg,truck
data/processed/car_sizes/midsize/Chevrolet_Malibu_2011_21_17_160_24_4_70_57_191_22_FWD_5_4_4dr_jal.jpg,midsize
data/processed/car_sizes/suv/Honda_CR-V_2016_26_17_180_24_4_71_64_179_26_FWD_5_4_SUV_NRF.jpg,suv
data/processed/car_sizes/compact/Toyota_Yaris_2017_16_15_100_15_4_66_59_155_30_FWD_5_2_2dr_EVy.jpg,compact
data/processed/car_sizes/suv/Kia_Sorento_2012_21_17_170_24_4_74_67_183_20_FWD_5_4_SUV_GVr.jpg,suv
data/processed/car_sizes/suv/Dodge_Durango_2013_39_20_290_36_6_75_71_199_16_RWD_7_4_SUV_bDE.jpg,suv
data/processed/car_sizes/suv/Porsche_Cayenne_2014_56_18_240_30_6_76_67_190_20_AWD_5_4_SUV_dXt.jpg,suv
data/processed/car_sizes/suv/Porsche_Cayenne_2014_56_18_240_30_6_76_67_190_20_AWD_5_4_SUV_Xaj.jpg,suv
data/processed/car_sizes/suv/Toyota_Land Cruiser_2011_69_18_380_57_8_77_74_194_13_4WD_8_4_SUV_RbR.jpg,suv
data/processed/car_sizes/suv/Volkswagen_Tiguan_2011_24_16_200_20_4_71_66_174_20_FWD_5_4_SUV_dTu.jpg,suv
data/processed/car_sizes/suv/Hyundai_Santa Fe_2012_24_17_170_24_4_74_67_184_20_AWD_5_4_SUV_tog.jpg,suv
data/processed/car_sizes/midsize/Cadillac_ATS_2014_41_17_270_20_4_71_55_182_nan_AWD_5_4_4dr_lun.jpg,midsize
data/processed/car_sizes/suv/Jeep_Grand Cherokee_2013_29_17_290_36_6_76_69_189_16_4WD_5_4_SUV_WpN.jpg,suv
data/processed/car_sizes/suv/Volvo_XC90_2019_50_18_250_20_4_79_69_194_20_AWD_7_4_SUV_oet.jpg,suv
data/processed/car_sizes/suv/Mitsubishi_Outlander_2014_22_16_160_24_4_70_66_183_25_FWD_7_4_SUV_aHf.jpg,suv
data/processed/car_sizes/suv/Audi_Q5_2012_35_18_210_20_4_74_65_182_20_AWD_5_4_SUV_oxy.jpg,suv
data/processed/car_sizes/truck/Kia_Sedona_2010_28_17_240_38_6_78_69_202_17_FWD_7_4_Van_obL.jpg,truck
data/processed/car_sizes/suv/Volkswagen_Tiguan_2011_24_16_200_20_4_71_66_174_20_FWD_5_4_SUV_mhG.jpg,suv
data/processed/car_sizes/suv/Honda_Pilot_2019_34_18_280_35_6_78_70_196_19_FWD_8_4_SUV_QnD.jpg,suv
data/processed/car_sizes/midsize/Buick_Regal_2017_27_18_180_24_nan_73_58_190_19_FWD_5_4_4dr_ZDi.jpg,midsize
data/processed/car_sizes/midsize/Buick_Regal_2017_27_18_180_24_nan_73_58_190_19_FWD_5_4_4dr_YLw.jpg,midsize
data/processed/car_sizes/midsize/Honda_Civic_2012_16_15_140_18_4_69_55_176_nan_FWD_5_2_2dr_UAV.jpg,midsize
data/processed/car_sizes/compact/Audi_TT_2014_39_18_210_20_4_72_53_165_22_AWD_4_2_2dr_fnB.jpg,compact
data/processed/car_sizes/truck/Toyota_Sienna_2017_29_17_290_35_6_78_68_200_19_FWD_7_4_Van_ToE.jpg,truck
data/processed/car_sizes/full/Audi_A8_2013_72_19_330_30_6_76_57_202_18_AWD_5_4_4dr_rnt.jpg,full
data/processed/car_sizes/truck/Ford_Ranger_2007_16_15_140_23_4_69_66_nan_24_RWD_2_2_Pickup_yvR.jpg,truck
data/processed/car_sizes/midsize/Toyota_Corolla_2012_16_15_130_18_4_69_57_180_26_FWD_5_4_4dr_zeP.jpg,midsize
data/processed/car_sizes/suv/BMW_X3_2014_39_18_240_20_4_74_65_183_21_AWD_5_4_SUV_qVR.jpg,suv
data/processed/car_sizes/suv/Jeep_Cherokee_2001_17_15_190_40_6_69_63_167_17_RWD_5_2_SUV_uqI.jpg,suv
data/processed/car_sizes/suv/Subaru_Forester_2011_21_16_170_25_4_70_65_179_21_AWD_5_4_SUV_FuN.jpg,suv
data/processed/car_sizes/suv/Honda_Pilot_2011_31_17_250_35_6_78_72_190_17_FWD_8_4_SUV_nFX.jpg,suv
data/processed/car_sizes/suv/Jeep_Wrangler_2011_28_18_200_38_6_73_- _152_15_4WD_4_2_SUV_woa.jpg,suv
data/processed/car_sizes/suv/Lexus_RX_2012_40_18_270_35_6_74_67_187_18_AWD_5_4_SUV_oPV.jpg,suv
data/processed/car_sizes/suv/Volkswagen_Tiguan_2016_28_19_200_20_4_71_67_174_21_FWD_5_4_SUV_vXX.jpg,suv
data/processed/car_sizes/suv/Nissan_Pathfinder_2013_39_20_260_35_6_77_70_197_20_FWD_7_4_SUV_yDl.jpg,suv
data/processed/car_sizes/suv/Lexus_RX_2012_40_18_270_35_6_74_67_187_18_AWD_5_4_SUV_zqK.jpg,suv
data/processed/car_sizes/truck/Honda_Ridgeline_2008_28_17_240_35_6_76_70_206_15_4WD_5_4_Pickup_uoH.jpg,truck
data/processed/car_sizes/suv/Porsche_Cayenne_2017_59_18_300_36_6_78_67_191_18_AWD_5_4_SUV_hUS.jpg,suv
data/processed/car_sizes/midsize/Kia_Forte_2019_21_17_140_20_4_70_56_182_30_FWD_5_4_4dr_cMC.jpg,midsize
data/processed/car_sizes/suv/Lincoln_Aviator_2003_39_17_300_46_8_73_70_193_13_RWD_6_4_SUV_HQi.jpg,suv
data/processed/car_sizes/suv/Mazda_CX-9_2016_41_20_220_25_4_77_67_199_21_AWD_7_4_SUV_pwz.jpg,suv
data/processed/car_sizes/suv/Hyundai_Santa Fe_2012_24_17_170_24_4_74_67_184_20_AWD_5_4_SUV_wPE.jpg,suv
data/processed/car_sizes/midsize/Toyota_Corolla_2012_16_15_130_18_4_69_57_180_26_FWD_5_4_4dr_EcS.jpg,midsize
data/processed/car_sizes/suv/Subaru_Forester_2016_29_18_250_20_4_70_68_180_23_AWD_5_4_SUV_yEx.jpg,suv
data/processed/car_sizes/suv/Toyota_RAV4_2015_25_17_170_25_4_72_65_179_22_AWD_5_4_SUV_IOT.jpg,suv
data/processed/car_sizes/suv/Honda_Pilot_2011_31_17_250_35_6_78_72_190_17_FWD_8_4_SUV_JiF.jpg,suv
data/processed/car_sizes/suv/BMW_X6_2019_63_19_300_30_6_78_67_193_18_RWD_5_4_SUV_qeR.jpg,suv
data/processed/car_sizes/suv/Volvo_XC60_2013_34_18_240_32_6_74_67_182_19_AWD_5_4_SUV_GpY.jpg,suv
data/processed/car_sizes/suv/BMW_X6_2019_63_19_300_30_6_78_67_193_18_RWD_5_4_SUV_itw.jpg,suv
data/processed/car_sizes/midsize/Kia_Forte_2019_21_17_140_20_4_70_56_182_30_FWD_5_4_4dr_idz.jpg,midsize
data/processed/car_sizes/full/Cadillac_XTS_2012_nan_nan_nan_nan_nan_nan_nan_nan_nan_nan_nan_nan_nan_JlB.jpg,full
data/processed/car_sizes/suv/Audi_Q5_2012_35_18_210_20_4_74_65_182_20_AWD_5_4_SUV_Jqo.jpg,suv
data/processed/car_sizes/suv/BMW_X6_2019_63_19_300_30_6_78_67_193_18_RWD_5_4_SUV_huy.jpg,suv
data/processed/car_sizes/midsize/Audi_A5_2019_51_18_240_20_4_72_54_184_23_AWD_4_2_Convertible_zOQ.jpg,midsize
data/processed/car_sizes/truck/Honda_Ridgeline_2008_28_17_240_35_6_76_70_206_15_4WD_5_4_Pickup_XyW.jpg,truck
data/processed/car_sizes/truck/Toyota_Tacoma_2012_20_15_150_27_4_72_66_nan_19_RWD_4_2_Pickup_tAj.jpg,truck
data/processed/car_sizes/suv/Mazda_CX-5_2017_30_19_180_25_4_72_65_179_23_AWD_5_4_SUV_OxT.jpg,suv
data/processed/car_sizes/suv/Porsche_Cayenne_2017_59_18_300_36_6_78_67_191_18_AWD_5_4_SUV_UNx.jpg,suv
data/processed/car_sizes/suv/Jeep_Wrangler_2011_28_18_200_38_6_73_- _152_15_4WD_4_2_SUV_ZDY.jpg,suv
data/processed/car_sizes/compact/Audi_R8_2015_175_19_520_52_10_75_49_174_13_AWD_2_2_Convertible_yZR.jpg,compact
data/processed/car_sizes/suv/Honda_CR-V_2016_26_17_180_24_4_71_64_179_26_FWD_5_4_SUV_qxB.jpg,suv
data/processed/car_sizes/suv/Volkswagen_Tiguan_2016_28_19_200_20_4_71_67_174_21_FWD_5_4_SUV_ODt.jpg,suv
data/processed/car_sizes/suv/Toyota_RAV4_2015_25_17_170_25_4_72_65_179_22_AWD_5_4_SUV_xSr.jpg,suv
data/processed/car_sizes/suv/Toyota_4Runner_2013_41_20_270_40_6_75_70_189_17_4WD_5_4_SUV_LvI.jpg,suv
data/processed/car_sizes/suv/Volkswagen_Tiguan_2011_24_16_200_20_4_71_66_174_20_FWD_5_4_SUV_fHd.jpg,suv
data/processed/car_sizes/suv/Honda_CR-V_2014_25_17_180_24_4_71_64_178_23_FWD_5_4_SUV_TbZ.jpg,suv
data/processed/car_sizes/suv/Nissan_Murano_2016_40_20_260_35_6_75_66_192_21_AWD_5_4_SUV_vgO.jpg,suv
data/processed/car_sizes/truck/Toyota_Sienna_2017_29_17_290_35_6_78_68_200_19_FWD_7_4_Van_VtZ.jpg,truck
data/processed/car_sizes/suv/Land Rover_Range Rover Evoque_2015_57_20_240_20_4_74_63_171_21_4WD_5_2_SUV_NCU.jpg,suv
data/processed/car_sizes/truck/Toyota_Tacoma_2012_20_15_150_27_4_72_66_nan_19_RWD_4_2_Pickup_aOd.jpg,truck
data/processed/car_sizes/suv/Mazda_CX-5_2015_29_19_180_25_4_72_65_178_24_AWD_5_4_SUV_VUa.jpg,suv
data/processed/car_sizes/suv/Subaru_Forester_2011_21_16_170_25_4_70_65_179_21_AWD_5_4_SUV_eZq.jpg,suv
data/processed/car_sizes/suv/Mazda_CX-5_2017_30_19_180_25_4_72_65_179_23_AWD_5_4_SUV_KzL.jpg,suv
data/processed/car_sizes/suv/Hyundai_Tucson_2015_23_17_160_20_4_71_65_173_21_AWD_5_4_SUV_Ouk.jpg,suv
data/processed/car_sizes/suv/Land Rover_Range Rover_2017_94_20_250_30_6_78_72_196_22_4WD_5_4_SUV_pWM.jpg,suv
data/processed/car_sizes/suv/Subaru_Forester_2011_21_16_170_25_4_70_65_179_21_AWD_5_4_SUV_hDE.jpg,suv
data/processed/car_sizes/full/Lexus_LS_2012_69_18_350_46_8_73_58_199_16_AWD_5_4_4dr_NeJ.jpg,full
data/processed/car_sizes/midsize/Chevrolet_Malibu_2013_24_17_180_24_4_73_57_191_25_FWD_5_4_4dr_xyk.jpg,midsize
data/processed/car_sizes/suv/Honda_Pilot_2019_34_18_280_35_6_78_70_196_19_FWD_8_4_SUV_xAQ.jpg,suv
data/processed/car_sizes/suv/Lexus_LX_2015_83_20_380_57_8_77_73_197_12_4WD_8_4_SUV_qAQ.jpg,suv
data/processed/car_sizes/suv/Honda_CR-V_2012_24_17_180_24_4_71_65_178_23_FWD_5_4_SUV_uCY.jpg,suv
data/processed/car_sizes/suv/Jeep_Grand Cherokee_2013_29_17_290_36_6_76_69_189_16_4WD_5_4_SUV_YeO.jpg,suv
data/processed/car_sizes/suv/Ford_Explorer_2019_34_18_290_35_6_78_70_198_16_4WD_7_4_SUV_Pvw.jpg,suv
data/processed/car_sizes/compact/Kia_Rio_2020_15_15_120_16_4_67_57_172_33_FWD_5_4_4dr_zSo.jpg,compact
data/processed/car_sizes/compact/Toyota_Yaris_2014_15_15_100_15_4_66_59_153_30_FWD_5_2_2dr_ixt.jpg,compact
data/processed/car_sizes/truck/Ford_Ranger_2009_20_15_200_40_6_69_66_nan_15_RWD_3_2_Pickup_pDo.jpg,truck
data/processed/car_sizes/suv/Nissan_Murano_2016_40_20_260_35_6_75_66_192_21_AWD_5_4_SUV_cFv.jpg,suv
data/processed/car_sizes/midsize/Cadillac_ATS_2014_41_17_270_20_4_71_55_182_nan_AWD_5_4_4dr_Wen.jpg,midsize
data/processed/car_sizes/compact/Subaru_BRZ_2020_29_17_200_20_4_69_52_166_24_RWD_4_2_2dr_vXz.jpg,compact
data/processed/car_sizes/full/Porsche_Panamera_2016_78_18_310_36_6_76_55_197_18_RWD_4_4_4dr_sia.jpg,full
data/processed/car_sizes/suv/Land Rover_Range Rover Sport_2013_60_19_370_50_8_76_71_188_13_4WD_5_4_SUV_YGf.jpg,suv
data/processed/car_sizes/suv/Mazda_CX-5_2015_29_19_180_25_4_72_65_178_24_AWD_5_4_SUV_jTB.jpg,suv
data/processed/car_sizes/suv/Nissan_Pathfinder_2013_39_20_260_35_6_77_70_197_20_FWD_7_4_SUV_gHz.jpg,suv
data/processed/car_sizes/compact/Toyota_Yaris_2017_16_15_100_15_4_66_59_155_30_FWD_5_2_2dr_ivy.jpg,compact
data/processed/car_sizes/suv/Mazda_CX-9_2016_41_20_220_25_4_77_67_199_21_AWD_7_4_SUV_nID.jpg,suv
data/processed/car_sizes/suv/Lexus_RX_2015_42_18_270_35_6_74_66_187_18_AWD_5_4_SUV_STO.jpg,suv
data/processed/car_sizes/suv/Ford_Escape_2012_32_16_170_25_4_71_67_174_30_4WD_5_4_SUV_TUb.jpg,suv
data/processed/car_sizes/truck/Honda_Odyssey_2013_31_17_240_35_6_79_68_202_18_FWD_8_4_Van_wbI.jpg,truck
data/processed/car_sizes/midsize/Honda_Civic_2012_16_15_140_18_4_69_55_176_nan_FWD_5_2_2dr_oof.jpg,midsize
data/processed/car_sizes/truck/Toyota_Tacoma_2012_20_15_150_27_4_72_66_nan_19_RWD_4_2_Pickup_hbm.jpg,truck
data/processed/car_sizes/truck/Volkswagen_Golf_2017_20_15_170_18_4_70_57_167_25_FWD_5_4_4dr_KXS.jpg,truck
data/processed/car_sizes/compact/Hyundai_Accent_2017_16_14_130_16_4_66_57_162_26_FWD_5_4_4dr_reU.jpg,compact
data/processed/car_sizes/full/Toyota_Avalon_2015_39_18_260_35_6_72_57_195_21_FWD_5_4_4dr_fsy.jpg,full
data/processed/car_sizes/compact/Hyundai_Accent_2017_16_14_130_16_4_66_57_162_26_FWD_5_4_4dr_hjW.jpg,compact
data/processed/car_sizes/suv/Subaru_Forester_2011_21_16_170_25_4_70_65_179_21_AWD_5_4_SUV_adP.jpg,suv
data/processed/car_sizes/suv/Volkswagen_Tiguan_2011_24_16_200_20_4_71_66_174_20_FWD_5_4_SUV_oXd.jpg,suv
data/processed/car_sizes/suv/BMW_X6_2019_63_19_300_30_6_78_67_193_18_RWD_5_4_SUV_RIx.jpg,suv
data/processed/car_sizes/suv/BMW_X6_2012_59_19_300_30_6_78_66_192_16_AWD_4_4_SUV_Agu.jpg,suv
data/processed/car_sizes/suv/Lexus_NX_2017_39_17_190_25_4_73_64_182_33_AWD_5_4_SUV_bao.jpg,suv
data/processed/car_sizes/truck/Ford_Ranger_2009_20_15_200_40_6_69_66_nan_15_RWD_3_2_Pickup_Ojf.jpg,truck
data/processed/car_sizes/suv/Hyundai_Santa Fe_2012_24_17_170_24_4_74_67_184_20_AWD_5_4_SUV_KTR.jpg,suv
data/processed/car_sizes/midsize/Subaru_Impreza_2016_19_15_140_20_4_68_57_180_28_AWD_5_4_4dr_Fmt.jpg,midsize
data/processed/car_sizes/compact/Toyota_Yaris_2017_16_15_100_15_4_66_59_155_30_FWD_5_2_2dr_eTR.jpg,compact
data/processed/car_sizes/suv/BMW_X6_2019_63_19_300_30_6_78_67_193_18_RWD_5_4_SUV_kTL.jpg,suv
data/processed/car_sizes/truck/Honda_Odyssey_2011_31_17_240_35_6_79_68_202_18_FWD_8_4_Van_sfS.jpg,truck
data/processed/car_sizes/suv/Land Rover_Range Rover Evoque_2015_57_20_240_20_4_74_63_171_21_4WD_5_2_SUV_ygi.jpg,suv
data/processed/car_sizes/suv/Toyota_RAV4_2012_24_16_170_25_4_71_66_181_21_4WD_5_4_SUV_Qju.jpg,suv
data/processed/car_sizes/suv/Kia_Sorento_2017_33_18_240_20_4_74_66_187_19_AWD_5_4_SUV_yfg.jpg,suv
data/processed/car_sizes/suv/Jeep_Compass_2011_20_17_170_24_4_69_65_173_22_4WD_5_4_SUV_Xst.jpg,suv
data/processed/car_sizes/suv/Volkswagen_Tiguan_2011_24_16_200_20_4_71_66_174_20_FWD_5_4_SUV_paw.jpg,suv
data/processed/car_sizes/truck/Kia_Sedona_2010_28_17_240_38_6_78_69_202_17_FWD_7_4_Van_CJf.jpg,truck
data/processed/car_sizes/midsize/Honda_Civic_2012_16_15_140_18_4_69_55_176_nan_FWD_5_2_2dr_OCz.jpg,midsize
data/processed/car_sizes/suv/Mitsubishi_Outlander_2014_22_16_160_24_4_70_66_183_25_FWD_7_4_SUV_IBf.jpg,suv
data/processed/car_sizes/suv/Mitsubishi_Outlander_2017_23_18_160_24_4_71_66_184_25_FWD_7_4_SUV_JkP.jpg,suv
data/processed/car_sizes/truck/Ford_Ranger_2009_20_15_200_40_6_69_66_nan_15_RWD_3_2_Pickup_ViB.jpg,truck
data/processed/car_sizes/suv/Honda_Pilot_2019_34_18_280_35_6_78_70_196_19_FWD_8_4_SUV_TpR.jpg,suv
data/processed/car_sizes/compact/Toyota_Yaris_2014_15_15_100_15_4_66_59_153_30_FWD_5_2_2dr_WPR.jpg,compact
data/processed/car_sizes/midsize/Buick_Regal_2015_27_18_180_24_nan_73_58_190_19_FWD_5_4_4dr_efZ.jpg,midsize
data/processed/car_sizes/full/Audi_A8_2013_72_19_330_30_6_76_57_202_18_AWD_5_4_4dr_pXT.jpg,full
data/processed/car_sizes/suv/Chevrolet_Traverse_2017_33_17_280_36_6_78_69_203_15_AWD_8_4_SUV_qSX.jpg,suv
data/processed/car_sizes/midsize/Lexus_IS_2020_41_17_260_35_6_71_56_184_18_AWD_5_4_4dr_kAr.jpg,midsize
data/processed/car_sizes/compact/Kia_Rio_2020_15_15_120_16_4_67_57_172_33_FWD_5_4_4dr_ygT.jpg,compact
data/processed/car_sizes/full/Toyota_Avalon_2015_39_18_260_35_6_72_57_195_21_FWD_5_4_4dr_Jbb.jpg,full
data/processed/car_sizes/suv/Ford_Escape_2016_27_17_170_16_4_72_66_178_22_4WD_5_4_SUV_aOx.jpg,suv
data/processed/car_sizes/suv/Honda_Pilot_2011_31_17_250_35_6_78_72_190_17_FWD_8_4_SUV_Ews.jpg,suv
data/processed/car_sizes/suv/Kia_Sportage_2014_25_18_180_24_4_73_64_174_nan_FWD_5_4_SUV_gvd.jpg,suv
data/processed/car_sizes/truck/Honda_Odyssey_2011_31_17_240_35_6_79_68_202_18_FWD_8_4_Van_tUB.jpg,truck
data/processed/car_sizes/suv/Subaru_Forester_2011_21_16_170_25_4_70_65_179_21_AWD_5_4_SUV_WnP.jpg,suv
data/processed/car_sizes/suv/Honda_CR-V_2016_26_17_180_24_4_71_64_179_26_FWD_5_4_SUV_DpT.jpg,suv
data/processed/car_sizes/suv/Honda_Pilot_2019_34_18_280_35_6_78_70_196_19_FWD_8_4_SUV_ZPR.jpg,suv
data/processed/car_sizes/midsize/Subaru_Impreza_2016_19_15_140_20_4_68_57_180_28_AWD_5_4_4dr_jaF.jpg,midsize
data/processed/car_sizes/suv/Mazda_CX-9_2012_35_20_270_37_6_76_68_200_16_AWD_7_4_SUV_GLn.jpg,suv
data/processed/car_sizes/compact/Hyundai_Accent_2017_16_14_130_16_4_66_57_162_26_FWD_5_4_4dr_cnT.jpg,compact
data/processed/car_sizes/suv/Mazda_CX-5_2015_29_19_180_25_4_72_65_178_24_AWD_5_4_SUV_Laj.jpg,suv
data/processed/car_sizes/suv/Honda_CR-V_2012_24_17_180_24_4_71_65_178_23_FWD_5_4_SUV_Juo.jpg,suv
data/processed/car_sizes/suv/Chevrolet_Traverse_2012_31_17_280_36_6_78_70_205_16_AWD_8_4_SUV_VtX.jpg,suv
data/processed/car_sizes/midsize/Chevrolet_Malibu_2013_24_17_180_24_4_73_57_191_25_FWD_5_4_4dr_HJq.jpg,midsize
data/processed/car_sizes/suv/Volkswagen_Tiguan_2011_24_16_200_20_4_71_66_174_20_FWD_5_4_SUV_OCe.jpg,suv
data/processed/car_sizes/suv/Jeep_Compass_2011_20_17_170_24_4_69_65_173_22_4WD_5_4_SUV_ShD.jpg,suv
data/processed/car_sizes/suv/Jeep_Wrangler_2017_30_17_280_36_6_73_72_164_17_4WD_4_2_SUV_iHe.jpg,suv
data/processed/car_sizes/suv/Porsche_Cayenne_2014_56_18_240_30_6_76_67_190_20_AWD_5_4_SUV_GMe.jpg,suv
data/processed/car_sizes/suv/Audi_Q5_2012_35_18_210_20_4_74_65_182_20_AWD_5_4_SUV_SXp.jpg,suv
data/processed/car_sizes/truck/Volkswagen_Golf_2012_25_18_200_20_4_70_57_165_24_FWD_5_2_2dr_miQ.jpg,truck
data/processed/car_sizes/full/Toyota_Avalon_2015_39_18_260_35_6_72_57_195_21_FWD_5_4_4dr_eUq.jpg,full
data/processed/car_sizes/full/Cadillac_XTS_2012_nan_nan_nan_nan_nan_nan_nan_nan_nan_nan_nan_nan_nan_leT.jpg,full
data/processed/car_sizes/truck/Ford_Ranger_2007_16_15_140_23_4_69_66_nan_24_RWD_2_2_Pickup_nRt.jpg,truck
data/processed/car_sizes/suv/Jeep_Wrangler_2011_28_18_200_38_6_73_- _152_15_4WD_4_2_SUV_QVL.jpg,suv
data/processed/car_sizes/suv/Lexus_LX_2015_83_20_380_57_8_77_73_197_12_4WD_8_4_SUV_XMJ.jpg,suv
data/processed/car_sizes/suv/Mazda_CX-5_2015_29_19_180_25_4_72_65_178_24_AWD_5_4_SUV_gDw.jpg,suv
data/processed/car_sizes/compact/Subaru_BRZ_2020_29_17_200_20_4_69_52_166_24_RWD_4_2_2dr_RnK.jpg,compact
data/processed/car_sizes/compact/Kia_Rio_2020_15_15_120_16_4_67_57_172_33_FWD_5_4_4dr_JMz.jpg,compact
data/processed/car_sizes/compact/Nissan_370Z_2012_33_18_330_37_6_72_51_167_19_RWD_2_2_2dr_XSz.jpg,compact
data/processed/car_sizes/midsize/Audi_A3_2020_33_18_180_20_4_70_55_175_27_FWD_5_4_4dr_feG.jpg,midsize
data/processed/car_sizes/truck/Honda_Odyssey_2011_31_17_240_35_6_79_68_202_18_FWD_8_4_Van_JXd.jpg,truck
data/processed/car_sizes/suv/Cadillac_Escalade_2014_63_18_400_62_8_79_75_nan_14_RWD_7_4_SUV_rns.jpg,suv
data/processed/car_sizes/suv/Honda_Pilot_2011_31_17_250_35_6_78_72_190_17_FWD_8_4_SUV_Mpg.jpg,suv
data/processed/car_sizes/truck/Ford_Ranger_2009_20_15_200_40_6_69_66_nan_15_RWD_3_2_Pickup_jOs.jpg,truck
data/processed/car_sizes/suv/Land Rover_Range Rover_2012_79_19_380_50_8_80_73_195_12_4WD_5_4_SUV_DxZ.jpg,suv
data/processed/car_sizes/suv/Land Rover_Range Rover_2017_94_20_250_30_6_78_72_196_22_4WD_5_4_SUV_Vhq.jpg,suv
data/processed/car_sizes/suv/Honda_CR-V_2016_26_17_180_24_4_71_64_179_26_FWD_5_4_SUV_ZeG.jpg,suv
data/processed/car_sizes/midsize/Nissan_Versa_2014_12_15_100_16_4_66_59_175_26_FWD_5_4_4dr_tmh.jpg,midsize
data/processed/car_sizes/suv/Honda_Pilot_2019_34_18_280_35_6_78_70_196_19_FWD_8_4_SUV_SEi.jpg,suv
data/processed/car_sizes/compact/Toyota_Yaris_2017_16_15_100_15_4_66_59_155_30_FWD_5_2_2dr_hiq.jpg,compact
data/processed/car_sizes/suv/Volkswagen_Tiguan_2011_24_16_200_20_4_71_66_174_20_FWD_5_4_SUV_qAF.jpg,suv
data/processed/car_sizes/suv/Ford_Edge_2011_36_18_280_35_6_76_67_184_18_AWD_5_4_4dr_KbD.jpg,suv
data/processed/car_sizes/compact/Kia_Rio_2020_15_15_120_16_4_67_57_172_33_FWD_5_4_4dr_qbT.jpg,compact
data/processed/car_sizes/suv/Ford_Edge_2011_36_18_280_35_6_76_67_184_18_AWD_5_4_4dr_aiI.jpg,suv
data/processed/car_sizes/suv/Toyota_RAV4_2012_24_16_170_25_4_71_66_181_21_4WD_5_4_SUV_kam.jpg,suv
data/processed/car_sizes/suv/BMW_X6_2019_63_19_300_30_6_78_67_193_18_RWD_5_4_SUV_FwO.jpg,suv
data/processed/car_sizes/suv/Lexus_RX_2012_40_18_270_35_6_74_67_187_18_AWD_5_4_SUV_ycO.jpg,suv
data/processed/car_sizes/midsize/Kia_Forte_2016_19_17_170_20_4_70_56_179_24_FWD_5_4_4dr_Fec.jpg,midsize
data/processed/car_sizes/suv/Toyota_RAV4_2012_24_16_170_25_4_71_66_181_21_4WD_5_4_SUV_IJN.jpg,suv
data/processed/car_sizes/suv/Volvo_XC90_2019_50_18_250_20_4_79_69_194_20_AWD_7_4_SUV_VVk.jpg,suv
data/processed/car_sizes/suv/BMW_X1_2015_33_17_240_20_4_70_60_176_22_AWD_5_4_SUV_hdQ.jpg,suv
data/processed/car_sizes/suv/Mitsubishi_Outlander_2017_23_18_160_24_4_71_66_184_25_FWD_7_4_SUV_bhG.jpg,suv
data/processed/car_sizes/truck/Kia_Sedona_2010_28_17_240_38_6_78_69_202_17_FWD_7_4_Van_ZZu.jpg,truck
data/processed/car_sizes/full/Porsche_Panamera_2020_103_21_330_30_6_76_56_198_19_RWD_4_4_4dr_Ami.jpg,full
data/processed/car_sizes/suv/Volkswagen_Tiguan_2011_24_16_200_20_4_71_66_174_20_FWD_5_4_SUV_mdF.jpg,suv
data/processed/car_sizes/compact/Jaguar_F-Type_2017_66_18_340_30_6_75_51_176_20_RWD_2_2_Convertible_kju.jpg,compact
data/processed/car_sizes/suv/Subaru_Forester_2011_21_16_170_25_4_70_65_179_21_AWD_5_4_SUV_Kkc.jpg,suv
data/processed/car_sizes/suv/Mazda_CX-5_2015_29_19_180_25_4_72_65_178_24_AWD_5_4_SUV_lHv.jpg,suv
data/processed/car_sizes/compact/Nissan_370Z_2012_33_18_330_37_6_72_51_167_19_RWD_2_2_2dr_zRw.jpg,compact
data/processed/car_sizes/midsize/Buick_Regal_2017_27_18_180_24_nan_73_58_190_19_FWD_5_4_4dr_Dut.jpg,midsize
data/processed/car_sizes/suv/Mazda_CX-5_2017_30_19_180_25_4_72_65_179_23_AWD_5_4_SUV_IMi.jpg,suv
data/processed/car_sizes/compact/Jaguar_F-Type_2017_66_18_340_30_6_75_51_176_20_RWD_2_2_Convertible_FBv.jpg,compact
data/processed/car_sizes/compact/Audi_R8_2012_136_19_430_42_8_75_49_174_13_AWD_2_2_Convertible_qxj.jpg,compact
data/processed/car_sizes/compact/Toyota_Yaris_2017_16_15_100_15_4_66_59_155_30_FWD_5_2_2dr_kFt.jpg,compact
data/processed/car_sizes/suv/Mitsubishi_Outlander_2014_22_16_160_24_4_70_66_183_25_FWD_7_4_SUV_xAg.jpg,suv
data/processed/car_sizes/suv/Subaru_Forester_2011_21_16_170_25_4_70_65_179_21_AWD_5_4_SUV_nGZ.jpg,suv
data/processed/car_sizes/suv/Nissan_Pathfinder_2013_39_20_260_35_6_77_70_197_20_FWD_7_4_SUV_FBQ.jpg,suv
data/processed/car_sizes/truck/Toyota_Sienna_2017_29_17_290_35_6_78_68_200_19_FWD_7_4_Van_dDj.jpg,truck
data/processed/car_sizes/suv/Ford_Expedition_2017_60_20_360_35_6_78_77_206_15_RWD_8_4_SUV_bZi.jpg,suv
data/processed/car_sizes/suv/Mitsubishi_Outlander_2014_22_16_160_24_4_70_66_183_25_FWD_7_4_SUV_uXr.jpg,suv
data/processed/car_sizes/full/Toyota_Camry_2017_26_16_200_25_4_71_57_190_42_FWD_5_4_4dr_MyR.jpg,full
data/processed/car_sizes/suv/Chevrolet_Traverse_2017_33_17_280_36_6_78_69_203_15_AWD_8_4_SUV_dSb.jpg,suv
data/processed/car_sizes/suv/BMW_X3_2017_40_18_240_20_4_74_66_183_21_RWD_5_4_SUV_QqF.jpg,suv
data/processed/car_sizes/suv/Honda_Pilot_2011_31_17_250_35_6_78_72_190_17_FWD_8_4_SUV_dOc.jpg,suv
data/processed/car_sizes/suv/Honda_CR-V_2016_26_17_180_24_4_71_64_179_26_FWD_5_4_SUV_yMq.jpg,suv
data/processed/car_sizes/suv/Toyota_Highlander_2013_31_17_270_35_6_75_68_188_17_4WD_7_4_SUV_IZZ.jpg,suv
data/processed/car_sizes/suv/Volvo_XC90_2019_50_18_250_20_4_79_69_194_20_AWD_7_4_SUV_gdV.jpg,suv
data/processed/car_sizes/suv/Mazda_CX-9_2016_41_20_220_25_4_77_67_199_21_AWD_7_4_SUV_Lpo.jpg,suv
data/processed/car_sizes/suv/Toyota_Highlander_2016_33_18_270_35_6_75_68_191_18_AWD_8_4_SUV_XDB.jpg,suv
data/processed/car_sizes/suv/Dodge_Durango_2013_39_20_290_36_6_75_71_199_16_RWD_7_4_SUV_OCY.jpg,suv
data/processed/car_sizes/suv/Lexus_RX_2015_42_18_270_35_6_74_66_187_18_AWD_5_4_SUV_pmX.jpg,suv
data/processed/car_sizes/full/Jaguar_XF_2011_52_18_380_50_8_75_57_195_16_RWD_5_4_4dr_voY.jpg,full
data/processed/car_sizes/suv/Volvo_XC90_2019_50_18_250_20_4_79_69_194_20_AWD_7_4_SUV_iao.jpg,suv
data/processed/car_sizes/midsize/Buick_Regal_2015_27_18_180_24_nan_73_58_190_19_FWD_5_4_4dr_yaf.jpg,midsize
data/processed/car_sizes/compact/Jaguar_F-Type_2017_66_18_340_30_6_75_51_176_20_RWD_2_2_Convertible_rjI.jpg,compact
data/processed/car_sizes/suv/Land Rover_Range Rover Sport_2017_72_20_250_30_6_78_70_191_22_4WD_5_4_SUV_huj.jpg,suv
data/processed/car_sizes/suv/Subaru_Forester_2011_21_16_170_25_4_70_65_179_21_AWD_5_4_SUV_MFa.jpg,suv
data/processed/car_sizes/compact/Jaguar_F-Type_2017_66_18_340_30_6_75_51_176_20_RWD_2_2_Convertible_ZqE.jpg,compact
data/processed/car_sizes/suv/Lexus_NX_2017_39_17_190_25_4_73_64_182_33_AWD_5_4_SUV_qjL.jpg,suv
data/processed/car_sizes/suv/Mazda_CX-5_2017_30_19_180_25_4_72_65_179_23_AWD_5_4_SUV_KTk.jpg,suv
data/processed/car_sizes/suv/Nissan_Pathfinder_2013_39_20_260_35_6_77_70_197_20_FWD_7_4_SUV_ctK.jpg,suv
data/processed/car_sizes/truck/Toyota_Sienna_2017_29_17_290_35_6_78_68_200_19_FWD_7_4_Van_TtX.jpg,truck
data/processed/car_sizes/suv/Volkswagen_Tiguan_2011_24_16_200_20_4_71_66_174_20_FWD_5_4_SUV_YPr.jpg,suv
data/processed/car_sizes/midsize/Kia_Forte_2013_17_15_150_20_4_69_57_178_26_FWD_5_4_4dr_UMW.jpg,midsize
data/processed/car_sizes/midsize/Audi_A5_2019_51_18_240_20_4_72_54_184_23_AWD_4_2_Convertible_ijd.jpg,midsize
data/processed/car_sizes/truck/Ford_Ranger_2009_20_15_200_40_6_69_66_nan_15_RWD_3_2_Pickup_JGC.jpg,truck
data/processed/car_sizes/truck/Ford_Ranger_2007_16_15_140_23_4_69_66_nan_24_RWD_2_2_Pickup_Qft.jpg,truck
data/processed/car_sizes/suv/Lexus_RX_2015_42_18_270_35_6_74_66_187_18_AWD_5_4_SUV_pkJ.jpg,suv
data/processed/car_sizes/midsize/Nissan_Sentra_2019_25_18_180_16_4_69_58_183_25_FWD_5_4_4dr_QhW.jpg,midsize
data/processed/car_sizes/truck/Ford_Ranger_2007_16_15_140_23_4_69_66_nan_24_RWD_2_2_Pickup_Mzr.jpg,truck
data/processed/car_sizes/midsize/Chevrolet_Malibu_2011_21_17_160_24_4_70_57_191_22_FWD_5_4_4dr_EuF.jpg,midsize
data/processed/car_sizes/midsize/Toyota_Corolla_2012_16_15_130_18_4_69_57_180_26_FWD_5_4_4dr_zaG.jpg,midsize
data/processed/car_sizes/midsize/Chevrolet_Malibu_2011_21_17_160_24_4_70_57_191_22_FWD_5_4_4dr_ihC.jpg,midsize
data/processed/car_sizes/midsize/Honda_Civic_2012_16_15_140_18_4_69_55_176_nan_FWD_5_2_2dr_fEC.jpg,midsize
data/processed/car_sizes/suv/Honda_Pilot_2011_31_17_250_35_6_78_72_190_17_FWD_8_4_SUV_zht.jpg,suv
data/processed/car_sizes/suv/Mazda_CX-5_2017_30_19_180_25_4_72_65_179_23_AWD_5_4_SUV_Ens.jpg,suv
data/processed/car_sizes/truck/Ford_Ranger_2009_20_15_200_40_6_69_66_nan_15_RWD_3_2_Pickup_vCN.jpg,truck
data/processed/car_sizes/suv/Hyundai_Santa Fe_2012_24_17_170_24_4_74_67_184_20_AWD_5_4_SUV_FhN.jpg,suv
data/processed/car_sizes/full/Jaguar_XF_2011_52_18_380_50_8_75_57_195_16_RWD_5_4_4dr_Hsj.jpg,full
data/processed/car_sizes/suv/Honda_Pilot_2019_34_18_280_35_6_78_70_196_19_FWD_8_4_SUV_YUg.jpg,suv
data/processed/car_sizes/truck/Ford_Ranger_2009_20_15_200_40_6_69_66_nan_15_RWD_3_2_Pickup_IGQ.jpg,truck
data/processed/car_sizes/full/Audi_A8_2013_72_19_330_30_6_76_57_202_18_AWD_5_4_4dr_ltQ.jpg,full
data/processed/car_sizes/suv/Honda_CR-V_2014_25_17_180_24_4_71_64_178_23_FWD_5_4_SUV_quJ.jpg,suv
data/processed/car_sizes/truck/Volkswagen_Golf_2012_25_18_200_20_4_70_57_165_24_FWD_5_2_2dr_PFS.jpg,truck
data/processed/car_sizes/suv/Volvo_XC60_2013_34_18_240_32_6_74_67_182_19_AWD_5_4_SUV_byn.jpg,suv
data/processed/car_sizes/suv/Toyota_RAV4_2012_24_16_170_25_4_71_66_181_21_4WD_5_4_SUV_qXZ.jpg,suv
data/processed/car_sizes/suv/Volkswagen_Tiguan_2016_28_19_200_20_4_71_67_174_21_FWD_5_4_SUV_ROr.jpg,suv
data/processed/car_sizes/compact/Nissan_370Z_2012_33_18_330_37_6_72_51_167_19_RWD_2_2_2dr_nSy.jpg,compact
data/processed/car_sizes/suv/Nissan_Murano_2016_40_20_260_35_6_75_66_192_21_AWD_5_4_SUV_BPL.jpg,suv
data/processed/car_sizes/suv/Volkswagen_Tiguan_2011_24_16_200_20_4_71_66_174_20_FWD_5_4_SUV_OGe.jpg,suv
data/processed/car_sizes/full/Toyota_Avalon_2015_39_18_260_35_6_72_57_195_21_FWD_5_4_4dr_Yev.jpg,full
data/processed/car_sizes/midsize/Buick_Regal_2017_27_18_180_24_nan_73_58_190_19_FWD_5_4_4dr_iQL.jpg,midsize
data/processed/car_sizes/compact/Toyota_Yaris_2014_15_15_100_15_4_66_59_153_30_FWD_5_2_2dr_ciJ.jpg,compact
data/processed/car_sizes/truck/Kia_Sedona_2010_28_17_240_38_6_78_69_202_17_FWD_7_4_Van_xyp.jpg,truck
data/processed/car_sizes/midsize/Kia_Forte_2016_19_17_170_20_4_70_56_179_24_FWD_5_4_4dr_VBo.jpg,midsize
data/processed/car_sizes/suv/Subaru_Forester_2011_21_16_170_25_4_70_65_179_21_AWD_5_4_SUV_spp.jpg,suv
data/processed/car_sizes/midsize/Buick_Regal_2015_27_18_180_24_nan_73_58_190_19_FWD_5_4_4dr_VRS.jpg,midsize
data/processed/car_sizes/truck/Ford_Ranger_2007_16_15_140_23_4_69_66_nan_24_RWD_2_2_Pickup_nKn.jpg,truck
data/processed/car_sizes/full/Porsche_Panamera_2020_103_21_330_30_6_76_56_198_19_RWD_4_4_4dr_Sxz.jpg,full
data/processed/car_sizes/truck/Volkswagen_Golf_2012_25_18_200_20_4_70_57_165_24_FWD_5_2_2dr_CdT.jpg,truck
data/processed/car_sizes/suv/Land Rover_Range Rover Evoque_2015_57_20_240_20_4_74_63_171_21_4WD_5_2_SUV_Rrm.jpg,suv
data/processed/car_sizes/suv/Toyota_Highlander_2016_33_18_270_35_6_75_68_191_18_AWD_8_4_SUV_QMD.jpg,suv
data/processed/car_sizes/compact/Audi_R8_2012_136_19_430_42_8_75_49_174_13_AWD_2_2_Convertible_eTQ.jpg,compact
data/processed/car_sizes/suv/Chevrolet_Tahoe_2013_40_17_320_53_8_79_76_nan_15_RWD_9_4_SUV_RrT.jpg,suv
data/processed/car_sizes/suv/Jeep_Compass_2011_20_17_170_24_4_69_65_173_22_4WD_5_4_SUV_Lzh.jpg,suv
data/processed/car_sizes/truck/Toyota_Tundra_2017_50_20_380_57_8_79_76_nan_13_4WD_5_4_Pickup_xdD.jpg,truck
data/processed/car_sizes/truck/Volkswagen_Golf_2017_20_15_170_18_4_70_57_167_25_FWD_5_4_4dr_tZv.jpg,truck
data/processed/car_sizes/suv/Kia_Sorento_2017_33_18_240_20_4_74_66_187_19_AWD_5_4_SUV_Dxn.jpg,suv
data/processed/car_sizes/midsize/Audi_A4_2015_37_17_220_20_4_71_56_185_22_AWD_5_4_4dr_CWK.jpg,midsize
data/processed/car_sizes/suv/Chevrolet_Traverse_2017_33_17_280_36_6_78_69_203_15_AWD_8_4_SUV_euP.jpg,suv
data/processed/car_sizes/full/Jaguar_XF_2011_52_18_380_50_8_75_57_195_16_RWD_5_4_4dr_Vru.jpg,full
data/processed/car_sizes/midsize/Chevrolet_Malibu_2015_22_16_190_25_4_73_57_191_25_FWD_5_4_4dr_axj.jpg,midsize
data/processed/car_sizes/suv/Jeep_Wrangler_2011_28_18_200_38_6_73_- _152_15_4WD_4_2_SUV_Myx.jpg,suv
data/processed/car_sizes/full/Jaguar_XF_2011_52_18_380_50_8_75_57_195_16_RWD_5_4_4dr_OXs.jpg,full
data/processed/car_sizes/midsize/Kia_Forte_2013_17_15_150_20_4_69_57_178_26_FWD_5_4_4dr_tTp.jpg,midsize
data/processed/car_sizes/suv/Jeep_Wrangler_2017_30_17_280_36_6_73_72_164_17_4WD_4_2_SUV_BsT.jpg,suv
data/processed/car_sizes/suv/Cadillac_Escalade_2014_63_18_400_62_8_79_75_nan_14_RWD_7_4_SUV_rTu.jpg,suv
data/processed/car_sizes/suv/Nissan_Murano_2016_40_20_260_35_6_75_66_192_21_AWD_5_4_SUV_cNs.jpg,suv
data/processed/car_sizes/suv/BMW_X6_2019_63_19_300_30_6_78_67_193_18_RWD_5_4_SUV_WTa.jpg,suv
data/processed/car_sizes/suv/Mazda_CX-9_2016_41_20_220_25_4_77_67_199_21_AWD_7_4_SUV_JVt.jpg,suv
data/processed/car_sizes/midsize/Lexus_IS_2020_41_17_260_35_6_71_56_184_18_AWD_5_4_4dr_jba.jpg,midsize
data/processed/car_sizes/midsize/Subaru_Impreza_2014_18_15_140_20_4_68_57_180_27_AWD_5_4_4dr_ooz.jpg,midsize
data/processed/car_sizes/full/Lexus_LS_2012_69_18_350_46_8_73_58_199_16_AWD_5_4_4dr_tdz.jpg,full
data/processed/car_sizes/truck/Volkswagen_Golf_2017_20_15_170_18_4_70_57_167_25_FWD_5_4_4dr_kqZ.jpg,truck
data/processed/car_sizes/midsize/Chevrolet_Malibu_2011_21_17_160_24_4_70_57_191_22_FWD_5_4_4dr_qQZ.jpg,midsize
data/processed/car_sizes/suv/Mazda_CX-5_2015_29_19_180_25_4_72_65_178_24_AWD_5_4_SUV_Yqw.jpg,suv
data/processed/car_sizes/suv/Volkswagen_Tiguan_2011_24_16_200_20_4_71_66_174_20_FWD_5_4_SUV_GVP.jpg,suv
data/processed/car_sizes/truck/Honda_Odyssey_2013_31_17_240_35_6_79_68_202_18_FWD_8_4_Van_EOx.jpg,truck
data/processed/car_sizes/suv/Porsche_Cayenne_2014_56_18_240_30_6_76_67_190_20_AWD_5_4_SUV_BKS.jpg,suv
data/processed/car_sizes/suv/Honda_Pilot_2019_34_18_280_35_6_78_70_196_19_FWD_8_4_SUV_Yqy.jpg,suv
data/processed/car_sizes/suv/Toyota_Highlander_2013_31_17_270_35_6_75_68_188_17_4WD_7_4_SUV_bed.jpg,suv
data/processed/car_sizes/suv/Toyota_RAV4_2015_25_17_170_25_4_72_65_179_22_AWD_5_4_SUV_iam.jpg,suv
data/processed/car_sizes/midsize/Nissan_Versa_2014_12_15_100_16_4_66_59_175_26_FWD_5_4_4dr_hts.jpg,midsize
data/processed/car_sizes/suv/Jeep_Compass_2011_20_17_170_24_4_69_65_173_22_4WD_5_4_SUV_cSd.jpg,suv
data/processed/car_sizes/compact/Audi_R8_2012_136_19_430_42_8_75_49_174_13_AWD_2_2_Convertible_yzm.jpg,compact
data/processed/car_sizes/truck/Honda_Odyssey_2013_31_17_240_35_6_79_68_202_18_FWD_8_4_Van_VMG.jpg,truck
data/processed/car_sizes/truck/Volkswagen_Golf_2012_25_18_200_20_4_70_57_165_24_FWD_5_2_2dr_lTm.jpg,truck
data/processed/car_sizes/suv/Jeep_Compass_2011_20_17_170_24_4_69_65_173_22_4WD_5_4_SUV_WWF.jpg,suv
data/processed/car_sizes/compact/Subaru_BRZ_2020_29_17_200_20_4_69_52_166_24_RWD_4_2_2dr_LjB.jpg,compact
data/processed/car_sizes/suv/Kia_Sportage_2014_25_18_180_24_4_73_64_174_nan_FWD_5_4_SUV_Mlw.jpg,suv
data/processed/car_sizes/suv/Jeep_Wrangler_2017_30_17_280_36_6_73_72_164_17_4WD_4_2_SUV_HIT.jpg,suv
data/processed/car_sizes/compact/Jaguar_F-Type_2017_66_18_340_30_6_75_51_176_20_RWD_2_2_Convertible_xRr.jpg,compact
data/processed/car_sizes/full/Audi_A8_2013_72_19_330_30_6_76_57_202_18_AWD_5_4_4dr_zWn.jpg,full
data/processed/car_sizes/midsize/Honda_Civic_2012_16_15_140_18_4_69_55_176_nan_FWD_5_2_2dr_tpP.jpg,midsize
data/processed/car_sizes/suv/Honda_Pilot_2011_31_17_250_35_6_78_72_190_17_FWD_8_4_SUV_HCD.jpg,suv
data/processed/car_sizes/suv/Ford_Escape_2012_32_16_170_25_4_71_67_174_30_4WD_5_4_SUV_Hde.jpg,suv
data/processed/car_sizes/midsize/Chevrolet_Malibu_2013_24_17_180_24_4_73_57_191_25_FWD_5_4_4dr_ilr.jpg,midsize
data/processed/car_sizes/compact/Toyota_Yaris_2014_15_15_100_15_4_66_59_153_30_FWD_5_2_2dr_VRY.jpg,compact
data/processed/car_sizes/suv/Audi_Q5_2016_40_18_220_20_4_74_65_182_20_AWD_5_4_SUV_jCq.jpg,suv
data/processed/car_sizes/suv/Ford_Edge_2011_36_18_280_35_6_76_67_184_18_AWD_5_4_4dr_MAr.jpg,suv
data/processed/car_sizes/midsize/Nissan_Sentra_2019_25_18_180_16_4_69_58_183_25_FWD_5_4_4dr_pNj.jpg,midsize
data/processed/car_sizes/suv/Hyundai_Santa Fe_2015_31_18_290_33_6_74_66_193_18_AWD_7_4_SUV_ztj.jpg,suv
data/processed/car_sizes/suv/Mitsubishi_Outlander_2014_22_16_160_24_4_70_66_183_25_FWD_7_4_SUV_Uyy.jpg,suv
data/processed/car_sizes/full/Toyota_Camry_2017_26_16_200_25_4_71_57_190_42_FWD_5_4_4dr_HoG.jpg,full
data/processed/car_sizes/compact/Kia_Rio_2020_15_15_120_16_4_67_57_172_33_FWD_5_4_4dr_kRa.jpg,compact
data/processed/car_sizes/compact/Audi_R8_2012_136_19_430_42_8_75_49_174_13_AWD_2_2_Convertible_AVg.jpg,compact
data/processed/car_sizes/suv/Jeep_Wrangler_2011_28_18_200_38_6_73_- _152_15_4WD_4_2_SUV_Cfl.jpg,suv
data/processed/car_sizes/suv/Ford_Edge_2011_36_18_280_35_6_76_67_184_18_AWD_5_4_4dr_tLt.jpg,suv
data/processed/car_sizes/truck/Ford_Ranger_2009_20_15_200_40_6_69_66_nan_15_RWD_3_2_Pickup_opR.jpg,truck
data/processed/car_sizes/suv/Mazda_CX-5_2017_30_19_180_25_4_72_65_179_23_AWD_5_4_SUV_OPz.jpg,suv
data/processed/car_sizes/truck/Honda_Ridgeline_2008_28_17_240_35_6_76_70_206_15_4WD_5_4_Pickup_UfG.jpg,truck
data/processed/car_sizes/suv/Chevrolet_Tahoe_2013_40_17_320_53_8_79_76_nan_15_RWD_9_4_SUV_CnC.jpg,suv
data/processed/car_sizes/suv/BMW_X6_2012_59_19_300_30_6_78_66_192_16_AWD_4_4_SUV_tfM.jpg,suv
data/processed/car_sizes/truck/Toyota_Tundra_2017_50_20_380_57_8_79_76_nan_13_4WD_5_4_Pickup_Fsp.jpg,truck
data/processed/car_sizes/truck/Toyota_Tundra_2013_27_18_270_40_6_79_75_nan_16_RWD_6_4_Pickup_crV.jpg,truck
data/processed/car_sizes/suv/BMW_X6_2019_63_19_300_30_6_78_67_193_18_RWD_5_4_SUV_QGd.jpg,suv
data/processed/car_sizes/midsize/Kia_Forte_2019_21_17_140_20_4_70_56_182_30_FWD_5_4_4dr_ljn.jpg,midsize
data/processed/car_sizes/suv/Honda_Pilot_2011_31_17_250_35_6_78_72_190_17_FWD_8_4_SUV_rai.jpg,suv
data/processed/car_sizes/suv/BMW_X1_2019_34_18_220_20_4_71_62_175_23_FWD_5_4_SUV_rIu.jpg,suv
data/processed/car_sizes/full/Porsche_Panamera_2020_103_21_330_30_6_76_56_198_19_RWD_4_4_4dr_xzf.jpg,full
data/processed/car_sizes/truck/Honda_Ridgeline_2008_28_17_240_35_6_76_70_206_15_4WD_5_4_Pickup_hdV.jpg,truck
data/processed/car_sizes/midsize/Nissan_Versa_2014_12_15_100_16_4_66_59_175_26_FWD_5_4_4dr_Nat.jpg,midsize
data/processed/car_sizes/suv/Honda_Pilot_2019_34_18_280_35_6_78_70_196_19_FWD_8_4_SUV_Mer.jpg,suv
data/processed/car_sizes/full/Cadillac_XTS_2012_nan_nan_nan_nan_nan_nan_nan_nan_nan_nan_nan_nan_nan_XqG.jpg,full
data/processed/car_sizes/suv/Jeep_Compass_2017_21_18_170_24_4_71_65_175_20_4WD_5_4_SUV_nks.jpg,suv
data/processed/car_sizes/midsize/Honda_Civic_2012_16_15_140_18_4_69_55_176_nan_FWD_5_2_2dr_tnS.jpg,midsize
data/processed/car_sizes/full/Porsche_Panamera_2020_103_21_330_30_6_76_56_198_19_RWD_4_4_4dr_Otz.jpg,full
data/processed/car_sizes/truck/Honda_Ridgeline_2008_28_17_240_35_6_76_70_206_15_4WD_5_4_Pickup_ELX.jpg,truck
data/processed/car_sizes/suv/Chevrolet_TrailBlazer_2005_28_17_270_42_6_74_75_nan_15_RWD_7_4_SUV_TmP.jpg,suv
data/processed/car_sizes/full/Porsche_Panamera_2020_103_21_330_30_6_76_56_198_19_RWD_4_4_4dr_lhr.jpg,full
data/processed/car_sizes/suv/Volkswagen_Tiguan_2011_24_16_200_20_4_71_66_174_20_FWD_5_4_SUV_FTK.jpg,suv
data/processed/car_sizes/midsize/Nissan_Sentra_2019_25_18_180_16_4_69_58_183_25_FWD_5_4_4dr_lbu.jpg,midsize
data/processed/car_sizes/suv/Jeep_Compass_2013_23_17_170_24_4_69_65_173_21_4WD_5_4_SUV_Lzg.jpg,suv
data/processed/car_sizes/truck/Honda_Odyssey_2011_31_17_240_35_6_79_68_202_18_FWD_8_4_Van_OAz.jpg,truck
data/processed/car_sizes/suv/BMW_X6_2019_63_19_300_30_6_78_67_193_18_RWD_5_4_SUV_UKq.jpg,suv
data/processed/car_sizes/suv/Toyota_Highlander_2016_33_18_270_35_6_75_68_191_18_AWD_8_4_SUV_dmQ.jpg,suv
data/processed/car_sizes/midsize/Audi_A5_2019_51_18_240_20_4_72_54_184_23_AWD_4_2_Convertible_nEn.jpg,midsize
data/processed/car_sizes/suv/Acura_RDX_2012_34_18_240_23_4_73_65_182_17_AWD_5_4_SUV_Zqz.jpg,suv
data/processed/car_sizes/suv/Toyota_Highlander_2016_33_18_270_35_6_75_68_191_18_AWD_8_4_SUV_QSV.jpg,suv
data/processed/car_sizes/suv/Ford_Explorer_2019_34_18_290_35_6_78_70_198_16_4WD_7_4_SUV_FJH.jpg,suv
data/processed/car_sizes/midsize/Honda_Civic_2012_16_15_140_18_4_69_55_176_nan_FWD_5_2_2dr_jjr.jpg,midsize
data/processed/car_sizes/truck/Nissan_Titan_2015_32_18_310_56_8_79_74_224_13_RWD_6_4_Pickup_XsQ.jpg,truck
data/processed/car_sizes/suv/Toyota_Sequoia_2017_57_20_380_57_8_79_77_205_13_4WD_8_4_SUV_smZ.jpg,suv
data/processed/car_sizes/compact/Mitsubishi_Mirage_2015_14_14_740_12_3_65_59_148_37_FWD_5_4_4dr_aLP.jpg,compact
data/processed/car_sizes/suv/Jeep_Wrangler_2011_28_18_200_38_6_73_- _152_15_4WD_4_2_SUV_iUw.jpg,suv
data/processed/car_sizes/midsize/Chevrolet_Malibu_2015_22_16_190_25_4_73_57_191_25_FWD_5_4_4dr_iLP.jpg,midsize
data/processed/car_sizes/compact/Audi_R8_2012_136_19_430_42_8_75_49_174_13_AWD_2_2_Convertible_sEM.jpg,compact
data/processed/car_sizes/compact/Jaguar_F-Type_2017_66_18_340_30_6_75_51_176_20_RWD_2_2_Convertible_dub.jpg,compact
data/processed/car_sizes/suv/Volvo_XC60_2017_42_18_240_20_4_74_67_182_nan_AWD_5_4_SUV_Udp.jpg,suv
data/processed/car_sizes/suv/Lexus_NX_2017_39_17_190_25_4_73_64_182_33_AWD_5_4_SUV_Evr.jpg,suv
data/processed/car_sizes/suv/Jeep_Grand Cherokee_2013_29_17_290_36_6_76_69_189_16_4WD_5_4_SUV_EvJ.jpg,suv
data/processed/car_sizes/suv/Toyota_Land Cruiser_2015_80_18_380_57_8_77_74_194_13_4WD_8_4_SUV_kwj.jpg,suv
data/processed/car_sizes/suv/Jeep_Compass_2011_20_17_170_24_4_69_65_173_22_4WD_5_4_SUV_IcE.jpg,suv
data/processed/car_sizes/truck/Volkswagen_Golf_2017_20_15_170_18_4_70_57_167_25_FWD_5_4_4dr_bxE.jpg,truck
data/processed/car_sizes/suv/Toyota_4Runner_2013_41_20_270_40_6_75_70_189_17_4WD_5_4_SUV_LmU.jpg,suv
data/processed/car_sizes/suv/Subaru_Forester_2011_21_16_170_25_4_70_65_179_21_AWD_5_4_SUV_eQV.jpg,suv
data/processed/car_sizes/suv/Mitsubishi_Outlander_2017_23_18_160_24_4_71_66_184_25_FWD_7_4_SUV_eIV.jpg,suv
data/processed/car_sizes/compact/Mitsubishi_Mirage_2015_14_14_740_12_3_65_59_148_37_FWD_5_4_4dr_ALy.jpg,compact
data/processed/car_sizes/suv/Jeep_Compass_2017_21_18_170_24_4_71_65_175_20_4WD_5_4_SUV_SGY.jpg,suv
data/processed/car_sizes/truck/Toyota_Sienna_2017_29_17_290_35_6_78_68_200_19_FWD_7_4_Van_gxz.jpg,truck
data/processed/car_sizes/suv/Hyundai_Santa Fe_2015_31_18_290_33_6_74_66_193_18_AWD_7_4_SUV_YjG.jpg,suv
data/processed/car_sizes/compact/Audi_TT_2014_39_18_210_20_4_72_53_165_22_AWD_4_2_2dr_blV.jpg,compact
data/processed/car_sizes/suv/Jeep_Wrangler_2017_30_17_280_36_6_73_72_164_17_4WD_4_2_SUV_VcC.jpg,suv
data/processed/car_sizes/suv/Jeep_Compass_2017_21_18_170_24_4_71_65_175_20_4WD_5_4_SUV_aXZ.jpg,suv
data/processed/car_sizes/suv/Toyota_RAV4_2012_24_16_170_25_4_71_66_181_21_4WD_5_4_SUV_UpL.jpg,suv
data/processed/car_sizes/truck/Toyota_Tundra_2017_50_20_380_57_8_79_76_nan_13_4WD_5_4_Pickup_kqF.jpg,truck
data/processed/car_sizes/compact/Hyundai_Accent_2017_16_14_130_16_4_66_57_162_26_FWD_5_4_4dr_pHT.jpg,compact
data/processed/car_sizes/compact/Nissan_370Z_2012_33_18_330_37_6_72_51_167_19_RWD_2_2_2dr_LBl.jpg,compact
data/processed/car_sizes/midsize/Kia_Forte_2016_19_17_170_20_4_70_56_179_24_FWD_5_4_4dr_klV.jpg,midsize
data/processed/car_sizes/suv/Honda_Pilot_2015_32_18_250_35_6_78_70_191_18_FWD_8_4_SUV_RnX.jpg,suv
data/processed/car_sizes/compact/Jaguar_F-Type_2017_66_18_340_30_6_75_51_176_20_RWD_2_2_Convertible_kID.jpg,compact
data/processed/car_sizes/compact/Toyota_Yaris_2017_16_15_100_15_4_66_59_155_30_FWD_5_2_2dr_jWB.jpg,compact
data/processed/car_sizes/suv/BMW_X3_2017_40_18_240_20_4_74_66_183_21_RWD_5_4_SUV_gDb.jpg,suv
data/processed/car_sizes/truck/Toyota_Tundra_2017_50_20_380_57_8_79_76_nan_13_4WD_5_4_Pickup_WEp.jpg,truck
data/processed/car_sizes/midsize/Nissan_Sentra_2019_25_18_180_16_4_69_58_183_25_FWD_5_4_4dr_zWI.jpg,midsize
data/processed/car_sizes/suv/Land Rover_Range Rover_2012_79_19_380_50_8_80_73_195_12_4WD_5_4_SUV_ljC.jpg,suv
data/processed/car_sizes/truck/Ford_Ranger_2009_20_15_200_40_6_69_66_nan_15_RWD_3_2_Pickup_yfu.jpg,truck
data/processed/car_sizes/suv/Subaru_Forester_2011_21_16_170_25_4_70_65_179_21_AWD_5_4_SUV_guI.jpg,suv
data/processed/car_sizes/compact/Subaru_BRZ_2020_29_17_200_20_4_69_52_166_24_RWD_4_2_2dr_tnd.jpg,compact
data/processed/car_sizes/truck/Ford_Ranger_2009_20_15_200_40_6_69_66_nan_15_RWD_3_2_Pickup_GHb.jpg,truck
data/processed/car_sizes/suv/Volvo_XC90_2014_41_18_240_32_6_76_70_189_16_AWD_7_4_SUV_SYo.jpg,suv
data/processed/car_sizes/suv/Volvo_XC90_2019_50_18_250_20_4_79_69_194_20_AWD_7_4_SUV_YXw.jpg,suv
data/processed/car_sizes/midsize/Chevrolet_Malibu_2011_21_17_160_24_4_70_57_191_22_FWD_5_4_4dr_ftH.jpg,midsize
data/processed/car_sizes/midsize/Subaru_Impreza_2014_18_15_140_20_4_68_57_180_27_AWD_5_4_4dr_Vyz.jpg,midsize
data/processed/car_sizes/truck/Ford_Ranger_2007_16_15_140_23_4_69_66_nan_24_RWD_2_2_Pickup_VcO.jpg,truck
data/processed/car_sizes/suv/Ford_Escape_2012_32_16_170_25_4_71_67_174_30_4WD_5_4_SUV_eDt.jpg,suv
data/processed/car_sizes/midsize/Audi_A4_2015_37_17_220_20_4_71_56_185_22_AWD_5_4_4dr_zcy.jpg,midsize
data/processed/car_sizes/truck/Ford_Ranger_2007_16_15_140_23_4_69_66_nan_24_RWD_2_2_Pickup_uCI.jpg,truck
data/processed/car_sizes/suv/Mazda_CX-5_2017_30_19_180_25_4_72_65_179_23_AWD_5_4_SUV_mgj.jpg,suv
data/processed/car_sizes/truck/Toyota_Sienna_2017_29_17_290_35_6_78_68_200_19_FWD_7_4_Van_fOM.jpg,truck
data/processed/car_sizes/midsize/Nissan_Sentra_2019_25_18_180_16_4_69_58_183_25_FWD_5_4_4dr_WoY.jpg,midsize
data/processed/car_sizes/truck/Ford_Ranger_2007_16_15_140_23_4_69_66_nan_24_RWD_2_2_Pickup_CdQ.jpg,truck
data/processed/car_sizes/suv/Mazda_CX-5_2015_29_19_180_25_4_72_65_178_24_AWD_5_4_SUV_iHl.jpg,suv
data/processed/car_sizes/truck/Toyota_Tundra_2017_50_20_380_57_8_79_76_nan_13_4WD_5_4_Pickup_riF.jpg,truck
data/processed/car_sizes/midsize/Subaru_Legacy_2012_20_16_170_25_4_71_59_186_23_AWD_5_4_4dr_TFx.jpg,midsize
data/processed/car_sizes/suv/Volvo_XC60_2013_34_18_240_32_6_74_67_182_19_AWD_5_4_SUV_SQK.jpg,suv
data/processed/car_sizes/midsize/Chevrolet_Malibu_2013_24_17_180_24_4_73_57_191_25_FWD_5_4_4dr_Ksx.jpg,midsize
data/processed/car_sizes/suv/BMW_X6_2019_63_19_300_30_6_78_67_193_18_RWD_5_4_SUV_vSA.jpg,suv
data/processed/car_sizes/truck/Volkswagen_Golf_2012_25_18_200_20_4_70_57_165_24_FWD_5_2_2dr_snr.jpg,truck
data/processed/car_sizes/suv/Dodge_Durango_2013_39_20_290_36_6_75_71_199_16_RWD_7_4_SUV_Nut.jpg,suv
data/processed/car_sizes/full/Jaguar_XJ_2015_77_19_340_30_6_74_57_201_16_AWD_5_4_4dr_uEe.jpg,full
data/processed/car_sizes/suv/Land Rover_Range Rover Sport_2013_60_19_370_50_8_76_71_188_13_4WD_5_4_SUV_ldB.jpg,suv
data/processed/car_sizes/suv/Dodge_Durango_2013_39_20_290_36_6_75_71_199_16_RWD_7_4_SUV_jWi.jpg,suv
data/processed/car_sizes/compact/Audi_TT_2014_39_18_210_20_4_72_53_165_22_AWD_4_2_2dr_wyP.jpg,compact
data/processed/car_sizes/truck/Ford_Ranger_2007_16_15_140_23_4_69_66_nan_24_RWD_2_2_Pickup_ige.jpg,truck
data/processed/car_sizes/suv/Toyota_RAV4_2012_24_16_170_25_4_71_66_181_21_4WD_5_4_SUV_UeD.jpg,suv
data/processed/car_sizes/suv/Jeep_Compass_2011_20_17_170_24_4_69_65_173_22_4WD_5_4_SUV_zhi.jpg,suv
data/processed/car_sizes/compact/Hyundai_Accent_2017_16_14_130_16_4_66_57_162_26_FWD_5_4_4dr_tuM.jpg,compact
data/processed/car_sizes/suv/Jeep_Wrangler_2011_28_18_200_38_6_73_- _152_15_4WD_4_2_SUV_Lhc.jpg,suv
data/processed/car_sizes/truck/Ford_Ranger_2007_16_15_140_23_4_69_66_nan_24_RWD_2_2_Pickup_YRr.jpg,truck
data/processed/car_sizes/full/Jaguar_XF_2011_52_18_380_50_8_75_57_195_16_RWD_5_4_4dr_iPf.jpg,full
data/processed/car_sizes/midsize/Chevrolet_Malibu_2015_22_16_190_25_4_73_57_191_25_FWD_5_4_4dr_dxz.jpg,midsize
data/processed/car_sizes/suv/Volkswagen_Tiguan_2011_24_16_200_20_4_71_66_174_20_FWD_5_4_SUV_wPO.jpg,suv
data/processed/car_sizes/suv/Kia_Sorento_2012_21_17_170_24_4_74_67_183_20_FWD_5_4_SUV_IiS.jpg,suv
data/processed/car_sizes/suv/Chevrolet_Traverse_2017_33_17_280_36_6_78_69_203_15_AWD_8_4_SUV_Ozz.jpg,suv
data/processed/car_sizes/midsize/Nissan_Versa_2014_12_15_100_16_4_66_59_175_26_FWD_5_4_4dr_GKD.jpg,midsize
data/processed/car_sizes/truck/Ford_Ranger_2009_20_15_200_40_6_69_66_nan_15_RWD_3_2_Pickup_uSl.jpg,truck
data/processed/car_sizes/midsize/Chevrolet_Malibu_2011_21_17_160_24_4_70_57_191_22_FWD_5_4_4dr_Tth.jpg,midsize
data/processed/car_sizes/suv/Subaru_Forester_2016_29_18_250_20_4_70_68_180_23_AWD_5_4_SUV_mej.jpg,suv
data/processed/car_sizes/midsize/Kia_Forte_2013_17_15_150_20_4_69_57_178_26_FWD_5_4_4dr_BiI.jpg,midsize
data/processed/car_sizes/suv/Nissan_Pathfinder_2013_39_20_260_35_6_77_70_197_20_FWD_7_4_SUV_CZL.jpg,suv
data/processed/car_sizes/midsize/Chevrolet_Malibu_2013_24_17_180_24_4_73_57_191_25_FWD_5_4_4dr_PrY.jpg,midsize
data/processed/car_sizes/full/Toyota_Avalon_2015_39_18_260_35_6_72_57_195_21_FWD_5_4_4dr_MMr.jpg,full
data/processed/car_sizes/suv/Ford_Explorer_2019_34_18_290_35_6_78_70_198_16_4WD_7_4_SUV_UCS.jpg,suv
data/processed/car_sizes/truck/Toyota_Tacoma_2012_20_15_150_27_4_72_66_nan_19_RWD_4_2_Pickup_VRm.jpg,truck
data/processed/car_sizes/suv/BMW_X3_2017_40_18_240_20_4_74_66_183_21_RWD_5_4_SUV_JXM.jpg,suv
data/processed/car_sizes/suv/Chevrolet_TrailBlazer_2005_28_17_270_42_6_74_75_nan_15_RWD_7_4_SUV_Dns.jpg,suv
data/processed/car_sizes/suv/Volvo_XC60_2013_34_18_240_32_6_74_67_182_19_AWD_5_4_SUV_PJB.jpg,suv
data/processed/car_sizes/truck/Ford_Ranger_2007_16_15_140_23_4_69_66_nan_24_RWD_2_2_Pickup_ErE.jpg,truck
data/processed/car_sizes/suv/Jeep_Wrangler_2017_30_17_280_36_6_73_72_164_17_4WD_4_2_SUV_kdG.jpg,suv
data/processed/car_sizes/suv/Ford_Explorer_2019_34_18_290_35_6_78_70_198_16_4WD_7_4_SUV_iWJ.jpg,suv
data/processed/car_sizes/suv/Volvo_XC90_2019_50_18_250_20_4_79_69_194_20_AWD_7_4_SUV_SQq.jpg,suv
data/processed/car_sizes/suv/Volkswagen_Tiguan_2011_24_16_200_20_4_71_66_174_20_FWD_5_4_SUV_tLM.jpg,suv
data/processed/car_sizes/suv/Honda_CR-V_2016_26_17_180_24_4_71_64_179_26_FWD_5_4_SUV_GCC.jpg,suv
data/processed/car_sizes/full/Jaguar_XJ_2015_77_19_340_30_6_74_57_201_16_AWD_5_4_4dr_jSt.jpg,full
data/processed/car_sizes/suv/Nissan_Murano_2016_40_20_260_35_6_75_66_192_21_AWD_5_4_SUV_swQ.jpg,suv
data/processed/car_sizes/suv/Ford_Explorer_2019_34_18_290_35_6_78_70_198_16_4WD_7_4_SUV_EXT.jpg,suv
data/processed/car_sizes/suv/BMW_X5_2013_56_18_260_30_6_76_69_191_nan_AWD_5_4_SUV_OJT.jpg,suv
data/processed/car_sizes/suv/Land Rover_Range Rover_2017_94_20_250_30_6_78_72_196_22_4WD_5_4_SUV_hnz.jpg,suv
data/processed/car_sizes/midsize/Honda_Civic_2012_16_15_140_18_4_69_55_176_nan_FWD_5_2_2dr_SLY.jpg,midsize
data/processed/car_sizes/full/Audi_A8_2013_72_19_330_30_6_76_57_202_18_AWD_5_4_4dr_hLJ.jpg,full
data/processed/car_sizes/suv/Subaru_Forester_2011_21_16_170_25_4_70_65_179_21_AWD_5_4_SUV_wCT.jpg,suv
data/processed/car_sizes/suv/Mitsubishi_Outlander_2015_23_16_160_24_4_70_66_183_25_FWD_7_4_SUV_JmK.jpg,suv
data/processed/car_sizes/suv/Hyundai_Tucson_2015_23_17_160_20_4_71_65_173_21_AWD_5_4_SUV_bEO.jpg,suv
data/processed/car_sizes/suv/BMW_X6_2014_60_19_300_30_6_78_66_192_17_AWD_4_4_SUV_Jye.jpg,suv
data/processed/car_sizes/suv/Chevrolet_TrailBlazer_2005_28_17_270_42_6_74_75_nan_15_RWD_7_4_SUV_bnY.jpg,suv
data/processed/car_sizes/suv/Cadillac_Escalade_2014_63_18_400_62_8_79_75_nan_14_RWD_7_4_SUV_VqF.jpg,suv
data/processed/car_sizes/suv/Honda_Pilot_2019_34_18_280_35_6_78_70_196_19_FWD_8_4_SUV_dbR.jpg,suv
data/processed/car_sizes/truck/Toyota_Tundra_2017_50_20_380_57_8_79_76_nan_13_4WD_5_4_Pickup_cSi.jpg,truck
data/processed/car_sizes/suv/Kia_Sorento_2017_33_18_240_20_4_74_66_187_19_AWD_5_4_SUV_rQH.jpg,suv
data/processed/car_sizes/compact/Toyota_Yaris_2017_16_15_100_15_4_66_59_155_30_FWD_5_2_2dr_XhA.jpg,compact
data/processed/car_sizes/full/Porsche_Panamera_2020_103_21_330_30_6_76_56_198_19_RWD_4_4_4dr_DPy.jpg,full
data/processed/car_sizes/midsize/Nissan_Versa_2014_12_15_100_16_4_66_59_175_26_FWD_5_4_4dr_qiV.jpg,midsize
data/processed/car_sizes/suv/Lexus_RX_2012_40_18_270_35_6_74_67_187_18_AWD_5_4_SUV_Qyr.jpg,suv
data/processed/car_sizes/compact/Subaru_BRZ_2020_29_17_200_20_4_69_52_166_24_RWD_4_2_2dr_Zyw.jpg,compact
data/processed/car_sizes/suv/Toyota_RAV4_2012_24_16_170_25_4_71_66_181_21_4WD_5_4_SUV_Mjm.jpg,suv
data/processed/car_sizes/suv/Acura_RDX_2012_34_18_240_23_4_73_65_182_17_AWD_5_4_SUV_edI.jpg,suv
data/processed/car_sizes/compact/Audi_R8_2015_175_19_520_52_10_75_49_174_13_AWD_2_2_Convertible_cYe.jpg,compact
data/processed/car_sizes/midsize/Buick_Regal_2017_27_18_180_24_nan_73_58_190_19_FWD_5_4_4dr_vJZ.jpg,midsize
data/processed/car_sizes/suv/Subaru_Forester_2011_21_16_170_25_4_70_65_179_21_AWD_5_4_SUV_eIh.jpg,suv
data/processed/car_sizes/midsize/Chevrolet_Malibu_2013_24_17_180_24_4_73_57_191_25_FWD_5_4_4dr_quL.jpg,midsize
data/processed/car_sizes/full/Lexus_LS_2012_69_18_350_46_8_73_58_199_16_AWD_5_4_4dr_eRa.jpg,full
data/processed/car_sizes/suv/Jeep_Compass_2017_21_18_170_24_4_71_65_175_20_4WD_5_4_SUV_xOL.jpg,suv
data/processed/car_sizes/midsize/Chevrolet_Malibu_2013_24_17_180_24_4_73_57_191_25_FWD_5_4_4dr_pPZ.jpg,midsize
data/processed/car_sizes/midsize/Toyota_Corolla_2012_16_15_130_18_4_69_57_180_26_FWD_5_4_4dr_nxR.jpg,midsize
data/processed/car_sizes/truck/Honda_Odyssey_2011_31_17_240_35_6_79_68_202_18_FWD_8_4_Van_NMZ.jpg,truck
data/processed/car_sizes/suv/Lexus_LX_2015_83_20_380_57_8_77_73_197_12_4WD_8_4_SUV_Ohw.jpg,suv
data/processed/car_sizes/suv/Chevrolet_TrailBlazer_2005_28_17_270_42_6_74_75_nan_15_RWD_7_4_SUV_JzK.jpg,suv
data/processed/car_sizes/suv/Toyota_RAV4_2015_25_17_170_25_4_72_65_179_22_AWD_5_4_SUV_NNz.jpg,suv
data/processed/car_sizes/suv/Ford_Edge_2011_36_18_280_35_6_76_67_184_18_AWD_5_4_4dr_Qls.jpg,suv
data/processed/car_sizes/suv/Hyundai_Tucson_2015_23_17_160_20_4_71_65_173_21_AWD_5_4_SUV_CIW.jpg,suv
data/processed/car_sizes/suv/Honda_Pilot_2019_34_18_280_35_6_78_70_196_19_FWD_8_4_SUV_xZl.jpg,suv
data/processed/car_sizes/full/Jaguar_XF_2011_52_18_380_50_8_75_57_195_16_RWD_5_4_4dr_jjq.jpg,full
data/processed/car_sizes/truck/Ford_Ranger_2009_20_15_200_40_6_69_66_nan_15_RWD_3_2_Pickup_ork.jpg,truck
data/processed/car_sizes/truck/Kia_Sedona_2010_28_17_240_38_6_78_69_202_17_FWD_7_4_Van_wtz.jpg,truck
data/processed/car_sizes/suv/Mazda_CX-9_2016_41_20_220_25_4_77_67_199_21_AWD_7_4_SUV_JrU.jpg,suv
data/processed/car_sizes/suv/Jeep_Renegade_2015_23_16_160_14_4_74_66_166_24_4WD_5_4_SUV_WiA.jpg,suv
data/processed/car_sizes/suv/BMW_X3_2017_40_18_240_20_4_74_66_183_21_RWD_5_4_SUV_fJV.jpg,suv
data/processed/car_sizes/midsize/Buick_Regal_2015_27_18_180_24_nan_73_58_190_19_FWD_5_4_4dr_BHd.jpg,midsize
data/processed/car_sizes/truck/Honda_Ridgeline_2008_28_17_240_35_6_76_70_206_15_4WD_5_4_Pickup_izG.jpg,truck
data/processed/car_sizes/midsize/Chevrolet_Malibu_2011_21_17_160_24_4_70_57_191_22_FWD_5_4_4dr_jCZ.jpg,midsize
data/processed/car_sizes/compact/Audi_R8_2012_136_19_430_42_8_75_49_174_13_AWD_2_2_Convertible_ADZ.jpg,compact
data/processed/car_sizes/suv/Jeep_Wrangler_2011_28_18_200_38_6_73_- _152_15_4WD_4_2_SUV_dMI.jpg,suv
data/processed/car_sizes/truck/Toyota_Sienna_2017_29_17_290_35_6_78_68_200_19_FWD_7_4_Van_KMF.jpg,truck
data/processed/car_sizes/truck/Volkswagen_Golf_2012_25_18_200_20_4_70_57_165_24_FWD_5_2_2dr_AXc.jpg,truck
data/processed/car_sizes/suv/Toyota_Land Cruiser_2015_80_18_380_57_8_77_74_194_13_4WD_8_4_SUV_xmX.jpg,suv
data/processed/car_sizes/midsize/Chevrolet_Malibu_2013_24_17_180_24_4_73_57_191_25_FWD_5_4_4dr_Sks.jpg,midsize
data/processed/car_sizes/midsize/Kia_Forte_2019_21_17_140_20_4_70_56_182_30_FWD_5_4_4dr_Efm.jpg,midsize
data/processed/car_sizes/midsize/Buick_Regal_2015_27_18_180_24_nan_73_58_190_19_FWD_5_4_4dr_nSx.jpg,midsize
data/processed/car_sizes/truck/Volkswagen_Golf_2017_20_15_170_18_4_70_57_167_25_FWD_5_4_4dr_dsS.jpg,truck
data/processed/car_sizes/truck/Honda_Odyssey_2013_31_17_240_35_6_79_68_202_18_FWD_8_4_Van_zVw.jpg,truck
data/processed/car_sizes/suv/BMW_X1_2015_33_17_240_20_4_70_60_176_22_AWD_5_4_SUV_CoB.jpg,suv
data/processed/car_sizes/truck/Ford_Ranger_2007_16_15_140_23_4_69_66_nan_24_RWD_2_2_Pickup_LiW.jpg,truck
data/processed/car_sizes/suv/Hyundai_Santa Fe_2015_31_18_290_33_6_74_66_193_18_AWD_7_4_SUV_xua.jpg,suv
data/processed/car_sizes/suv/Honda_Pilot_2011_31_17_250_35_6_78_72_190_17_FWD_8_4_SUV_ESa.jpg,suv
data/processed/car_sizes/suv/Jeep_Wrangler_2011_28_18_200_38_6_73_- _152_15_4WD_4_2_SUV_bnk.jpg,suv
data/processed/car_sizes/suv/Ford_Expedition_2017_60_20_360_35_6_78_77_206_15_RWD_8_4_SUV_Atm.jpg,suv
data/processed/car_sizes/suv/Lexus_RX_2012_40_18_270_35_6_74_67_187_18_AWD_5_4_SUV_KBx.jpg,suv
data/processed/car_sizes/truck/Toyota_Sienna_2017_29_17_290_35_6_78_68_200_19_FWD_7_4_Van_NAq.jpg,truck
data/processed/car_sizes/suv/Ford_Edge_2011_36_18_280_35_6_76_67_184_18_AWD_5_4_4dr_siH.jpg,suv
data/processed/car_sizes/suv/Jeep_Wrangler_2017_30_17_280_36_6_73_72_164_17_4WD_4_2_SUV_xgh.jpg,suv
data/processed/car_sizes/midsize/Nissan_Sentra_2019_25_18_180_16_4_69_58_183_25_FWD_5_4_4dr_pLe.jpg,midsize
data/processed/car_sizes/compact/Nissan_370Z_2012_33_18_330_37_6_72_51_167_19_RWD_2_2_2dr_yKC.jpg,compact
data/processed/car_sizes/suv/Toyota_Highlander_2016_33_18_270_35_6_75_68_191_18_AWD_8_4_SUV_GGN.jpg,suv
data/processed/car_sizes/midsize/Chevrolet_Malibu_2013_24_17_180_24_4_73_57_191_25_FWD_5_4_4dr_AKd.jpg,midsize
data/processed/car_sizes/truck/Honda_Odyssey_2011_31_17_240_35_6_79_68_202_18_FWD_8_4_Van_krl.jpg,truck
data/processed/car_sizes/suv/Mazda_CX-9_2016_41_20_220_25_4_77_67_199_21_AWD_7_4_SUV_tZW.jpg,suv
data/processed/car_sizes/truck/Volkswagen_Golf_2012_25_18_200_20_4_70_57_165_24_FWD_5_2_2dr_ZYC.jpg,truck
data/processed/car_sizes/midsize/Honda_Civic_2012_16_15_140_18_4_69_55_176_nan_FWD_5_2_2dr_NFu.jpg,midsize
data/processed/car_sizes/compact/Audi_R8_2015_175_19_520_52_10_75_49_174_13_AWD_2_2_Convertible_Rke.jpg,compact
data/processed/car_sizes/midsize/Kia_Forte_2016_19_17_170_20_4_70_56_179_24_FWD_5_4_4dr_Dwb.jpg,midsize
data/processed/car_sizes/truck/Kia_Sedona_2010_28_17_240_38_6_78_69_202_17_FWD_7_4_Van_Hni.jpg,truck
data/processed/car_sizes/suv/Honda_CR-V_2016_26_17_180_24_4_71_64_179_26_FWD_5_4_SUV_Xlv.jpg,suv
data/processed/car_sizes/suv/Mazda_CX-5_2015_29_19_180_25_4_72_65_178_24_AWD_5_4_SUV_ytq.jpg,suv
data/processed/car_sizes/suv/Mitsubishi_Outlander_2017_23_18_160_24_4_71_66_184_25_FWD_7_4_SUV_xle.jpg,suv
data/processed/car_sizes/suv/Land Rover_Range Rover Sport_2013_60_19_370_50_8_76_71_188_13_4WD_5_4_SUV_oOx.jpg,suv
data/processed/car_sizes/suv/Ford_Edge_2011_36_18_280_35_6_76_67_184_18_AWD_5_4_4dr_Zlt.jpg,suv
data/processed/car_sizes/suv/Jeep_Grand Cherokee_2013_29_17_290_36_6_76_69_189_16_4WD_5_4_SUV_jAW.jpg,suv
data/processed/car_sizes/compact/Jaguar_F-Type_2017_66_18_340_30_6_75_51_176_20_RWD_2_2_Convertible_ppi.jpg,compact
data/processed/car_sizes/full/Porsche_Panamera_2020_103_21_330_30_6_76_56_198_19_RWD_4_4_4dr_DhB.jpg,full
data/processed/car_sizes/suv/Nissan_Pathfinder_2013_39_20_260_35_6_77_70_197_20_FWD_7_4_SUV_ice.jpg,suv
data/processed/car_sizes/truck/Toyota_Tundra_2013_27_18_270_40_6_79_75_nan_16_RWD_6_4_Pickup_ngh.jpg,truck
data/processed/car_sizes/truck/Volkswagen_Golf_2017_20_15_170_18_4_70_57_167_25_FWD_5_4_4dr_IKW.jpg,truck
data/processed/car_sizes/truck/Volkswagen_Golf_2017_20_15_170_18_4_70_57_167_25_FWD_5_4_4dr_oKj.jpg,truck
data/processed/car_sizes/full/Toyota_Avalon_2015_39_18_260_35_6_72_57_195_21_FWD_5_4_4dr_SOR.jpg,full
data/processed/car_sizes/compact/Nissan_370Z_2012_33_18_330_37_6_72_51_167_19_RWD_2_2_2dr_Pdn.jpg,compact
data/processed/car_sizes/suv/BMW_X6_2019_63_19_300_30_6_78_67_193_18_RWD_5_4_SUV_gBS.jpg,suv
data/processed/car_sizes/suv/Jeep_Renegade_2015_23_16_160_14_4_74_66_166_24_4WD_5_4_SUV_YRE.jpg,suv
data/processed/car_sizes/truck/Ford_Ranger_2009_20_15_200_40_6_69_66_nan_15_RWD_3_2_Pickup_uhU.jpg,truck
data/processed/car_sizes/suv/Chevrolet_Traverse_2017_33_17_280_36_6_78_69_203_15_AWD_8_4_SUV_vnv.jpg,suv
data/processed/car_sizes/full/Audi_A8_2013_72_19_330_30_6_76_57_202_18_AWD_5_4_4dr_YAv.jpg,full
data/processed/car_sizes/full/Lexus_LS_2012_69_18_350_46_8_73_58_199_16_AWD_5_4_4dr_rPW.jpg,full
data/processed/car_sizes/midsize/Nissan_Versa_2014_12_15_100_16_4_66_59_175_26_FWD_5_4_4dr_inb.jpg,midsize
data/processed/car_sizes/suv/Porsche_Cayenne_2014_56_18_240_30_6_76_67_190_20_AWD_5_4_SUV_vDT.jpg,suv
data/processed/car_sizes/suv/Audi_Q5_2016_40_18_220_20_4_74_65_182_20_AWD_5_4_SUV_HuU.jpg,suv
data/processed/car_sizes/suv/Ford_Edge_2011_36_18_280_35_6_76_67_184_18_AWD_5_4_4dr_wbt.jpg,suv
data/processed/car_sizes/suv/Honda_CR-V_2016_26_17_180_24_4_71_64_179_26_FWD_5_4_SUV_VdS.jpg,suv
data/processed/car_sizes/suv/Mitsubishi_Outlander_2017_23_18_160_24_4_71_66_184_25_FWD_7_4_SUV_RnQ.jpg,suv
data/processed/car_sizes/truck/Ford_Ranger_2007_16_15_140_23_4_69_66_nan_24_RWD_2_2_Pickup_RTi.jpg,truck
data/processed/car_sizes/compact/Subaru_BRZ_2020_29_17_200_20_4_69_52_166_24_RWD_4_2_2dr_aMT.jpg,compact
data/processed/car_sizes/full/Porsche_Panamera_2016_78_18_310_36_6_76_55_197_18_RWD_4_4_4dr_lxI.jpg,full
data/processed/car_sizes/truck/Honda_Odyssey_2011_31_17_240_35_6_79_68_202_18_FWD_8_4_Van_Oqf.jpg,truck
data/processed/car_sizes/suv/Honda_Pilot_2019_34_18_280_35_6_78_70_196_19_FWD_8_4_SUV_wzX.jpg,suv
data/processed/car_sizes/suv/Toyota_RAV4_2012_24_16_170_25_4_71_66_181_21_4WD_5_4_SUV_rKT.jpg,suv
data/processed/car_sizes/suv/Jeep_Wrangler_2017_30_17_280_36_6_73_72_164_17_4WD_4_2_SUV_FgH.jpg,suv
data/processed/car_sizes/suv/Mazda_CX-5_2017_30_19_180_25_4_72_65_179_23_AWD_5_4_SUV_ZHB.jpg,suv
data/processed/car_sizes/suv/Jeep_Wrangler_2017_30_17_280_36_6_73_72_164_17_4WD_4_2_SUV_Pzq.jpg,suv
data/processed/car_sizes/suv/Hyundai_Tucson_2015_23_17_160_20_4_71_65_173_21_AWD_5_4_SUV_gzl.jpg,suv
data/processed/car_sizes/suv/Honda_Pilot_2011_31_17_250_35_6_78_72_190_17_FWD_8_4_SUV_hST.jpg,suv
data/processed/car_sizes/midsize/Cadillac_ATS_2014_41_17_270_20_4_71_55_182_nan_AWD_5_4_4dr_FnR.jpg,midsize
data/processed/car_sizes/suv/Jeep_Compass_2011_20_17_170_24_4_69_65_173_22_4WD_5_4_SUV_wJD.jpg,suv
data/processed/car_sizes/midsize/Nissan_Sentra_2019_25_18_180_16_4_69_58_183_25_FWD_5_4_4dr_YIf.jpg,midsize
data/processed/car_sizes/suv/Volkswagen_Tiguan_2011_24_16_200_20_4_71_66_174_20_FWD_5_4_SUV_wMH.jpg,suv
data/processed/car_sizes/truck/Toyota_Tundra_2017_50_20_380_57_8_79_76_nan_13_4WD_5_4_Pickup_LMJ.jpg,truck
data/processed/car_sizes/compact/Jaguar_F-Type_2017_66_18_340_30_6_75_51_176_20_RWD_2_2_Convertible_vng.jpg,compact
data/processed/car_sizes/midsize/Kia_Forte_2019_21_17_140_20_4_70_56_182_30_FWD_5_4_4dr_lFB.jpg,midsize
data/processed/car_sizes/midsize/Kia_Forte_2019_21_17_140_20_4_70_56_182_30_FWD_5_4_4dr_GPY.jpg,midsize
data/processed/car_sizes/suv/Ford_Explorer_2019_34_18_290_35_6_78_70_198_16_4WD_7_4_SUV_Ape.jpg,suv
data/processed/car_sizes/suv/Kia_Sorento_2012_21_17_170_24_4_74_67_183_20_FWD_5_4_SUV_Exv.jpg,suv
data/processed/car_sizes/compact/Audi_R8_2012_136_19_430_42_8_75_49_174_13_AWD_2_2_Convertible_Ils.jpg,compact
data/processed/car_sizes/suv/Mazda_CX-5_2015_29_19_180_25_4_72_65_178_24_AWD_5_4_SUV_Dvp.jpg,suv
data/processed/car_sizes/truck/Toyota_Tundra_2017_50_20_380_57_8_79_76_nan_13_4WD_5_4_Pickup_aAE.jpg,truck
data/processed/car_sizes/suv/Lexus_LX_2015_83_20_380_57_8_77_73_197_12_4WD_8_4_SUV_sRM.jpg,suv
data/processed/car_sizes/suv/Ford_Explorer_2019_34_18_290_35_6_78_70_198_16_4WD_7_4_SUV_aHQ.jpg,suv
data/processed/car_sizes/midsize/Nissan_Sentra_2015_17_16_120_18_4_69_58_182_30_FWD_5_4_4dr_wyP.jpg,midsize
data/processed/car_sizes/suv/Honda_Pilot_2019_34_18_280_35_6_78_70_196_19_FWD_8_4_SUV_XEX.jpg,suv
data/processed/car_sizes/full/Toyota_Avalon_2015_39_18_260_35_6_72_57_195_21_FWD_5_4_4dr_MtI.jpg,full
data/processed/car_sizes/midsize/Honda_Civic_2012_16_15_140_18_4_69_55_176_nan_FWD_5_2_2dr_MbG.jpg,midsize
data/processed/car_sizes/suv/Volvo_XC90_2019_50_18_250_20_4_79_69_194_20_AWD_7_4_SUV_wMm.jpg,suv
data/processed/car_sizes/suv/Land Rover_Range Rover_2017_94_20_250_30_6_78_72_196_22_4WD_5_4_SUV_ONA.jpg,suv
data/processed/car_sizes/truck/Toyota_Tundra_2013_27_18_270_40_6_79_75_nan_16_RWD_6_4_Pickup_CuS.jpg,truck
data/processed/car_sizes/suv/Mazda_CX-9_2016_41_20_220_25_4_77_67_199_21_AWD_7_4_SUV_AwS.jpg,suv
data/processed/car_sizes/suv/Ford_Escape_2012_32_16_170_25_4_71_67_174_30_4WD_5_4_SUV_mBm.jpg,suv
data/processed/car_sizes/midsize/Toyota_Corolla_2015_17_15_130_18_4_69_57_182_27_FWD_5_4_4dr_ABp.jpg,midsize
data/processed/car_sizes/suv/Ford_Explorer_2015_32_18_290_35_6_78_71_197_17_4WD_7_4_SUV_sup.jpg,suv
data/processed/car_sizes/suv/Hyundai_Santa Fe_2015_31_18_290_33_6_74_66_193_18_AWD_7_4_SUV_bKT.jpg,suv
data/processed/car_sizes/midsize/Cadillac_ATS_2014_41_17_270_20_4_71_55_182_nan_AWD_5_4_4dr_Bnb.jpg,midsize
data/processed/car_sizes/full/Jaguar_XF_2011_52_18_380_50_8_75_57_195_16_RWD_5_4_4dr_COd.jpg,full
data/processed/car_sizes/suv/Honda_Pilot_2011_31_17_250_35_6_78_72_190_17_FWD_8_4_SUV_gkJ.jpg,suv
data/processed/car_sizes/suv/Lexus_NX_2017_39_17_190_25_4_73_64_182_33_AWD_5_4_SUV_LrU.jpg,suv
data/processed/car_sizes/suv/Ford_Explorer_2019_34_18_290_35_6_78_70_198_16_4WD_7_4_SUV_XdG.jpg,suv
data/processed/car_sizes/suv/Lexus_RX_2015_42_18_270_35_6_74_66_187_18_AWD_5_4_SUV_VbD.jpg,suv
data/processed/car_sizes/midsize/Nissan_Versa_2014_12_15_100_16_4_66_59_175_26_FWD_5_4_4dr_Hxy.jpg,midsize
data/processed/car_sizes/midsize/Honda_Civic_2012_16_15_140_18_4_69_55_176_nan_FWD_5_2_2dr_JzP.jpg,midsize
data/processed/car_sizes/full/Porsche_Panamera_2013_75_18_300_36_6_76_55_195_18_RWD_4_4_4dr_PFH.jpg,full
data/processed/car_sizes/truck/Honda_Odyssey_2011_31_17_240_35_6_79_68_202_18_FWD_8_4_Van_JNx.jpg,truck
data/processed/car_sizes/suv/Honda_CR-V_2012_24_17_180_24_4_71_65_178_23_FWD_5_4_SUV_YiJ.jpg,suv
data/processed/car_sizes/truck/Honda_Ridgeline_2008_28_17_240_35_6_76_70_206_15_4WD_5_4_Pickup_OQE.jpg,truck
data/processed/car_sizes/compact/Kia_Rio_2020_15_15_120_16_4_67_57_172_33_FWD_5_4_4dr_IlX.jpg,compact
data/processed/car_sizes/full/Lexus_LS_2012_69_18_350_46_8_73_58_199_16_AWD_5_4_4dr_FIh.jpg,full
data/processed/car_sizes/suv/Volvo_XC90_2019_50_18_250_20_4_79_69_194_20_AWD_7_4_SUV_Irn.jpg,suv
data/processed/car_sizes/midsize/Toyota_Corolla_2012_16_15_130_18_4_69_57_180_26_FWD_5_4_4dr_XTS.jpg,midsize
data/processed/car_sizes/suv/Jeep_Compass_2011_20_17_170_24_4_69_65_173_22_4WD_5_4_SUV_pYU.jpg,suv
data/processed/car_sizes/suv/Toyota_RAV4_2012_24_16_170_25_4_71_66_181_21_4WD_5_4_SUV_Giy.jpg,suv
data/processed/car_sizes/suv/Honda_Pilot_2019_34_18_280_35_6_78_70_196_19_FWD_8_4_SUV_bdx.jpg,suv
data/processed/car_sizes/midsize/Chevrolet_Malibu_2015_22_16_190_25_4_73_57_191_25_FWD_5_4_4dr_vVW.jpg,midsize
data/processed/car_sizes/truck/Volkswagen_Golf_2017_20_15_170_18_4_70_57_167_25_FWD_5_4_4dr_lgg.jpg,truck
data/processed/car_sizes/suv/Mitsubishi_Outlander_2017_23_18_160_24_4_71_66_184_25_FWD_7_4_SUV_QLx.jpg,suv
data/processed/car_sizes/suv/Lexus_RX_2012_40_18_270_35_6_74_67_187_18_AWD_5_4_SUV_Ghs.jpg,suv
data/processed/car_sizes/compact/Audi_R8_2012_136_19_430_42_8_75_49_174_13_AWD_2_2_Convertible_NOl.jpg,compact
data/processed/car_sizes/compact/Audi_R8_2012_136_19_430_42_8_75_49_174_13_AWD_2_2_Convertible_riz.jpg,compact
data/processed/car_sizes/suv/Jeep_Wrangler_2011_28_18_200_38_6_73_- _152_15_4WD_4_2_SUV_boh.jpg,suv
data/processed/car_sizes/suv/Honda_Pilot_2011_31_17_250_35_6_78_72_190_17_FWD_8_4_SUV_lXO.jpg,suv
data/processed/car_sizes/full/Porsche_Panamera_2020_103_21_330_30_6_76_56_198_19_RWD_4_4_4dr_Xnl.jpg,full
data/processed/car_sizes/truck/Toyota_Tacoma_2012_20_15_150_27_4_72_66_nan_19_RWD_4_2_Pickup_AhC.jpg,truck
data/processed/car_sizes/compact/Audi_TT_2014_39_18_210_20_4_72_53_165_22_AWD_4_2_2dr_ZBA.jpg,compact
data/processed/car_sizes/suv/Mazda_CX-9_2016_41_20_220_25_4_77_67_199_21_AWD_7_4_SUV_srl.jpg,suv
data/processed/car_sizes/truck/Ford_Ranger_2007_16_15_140_23_4_69_66_nan_24_RWD_2_2_Pickup_QjH.jpg,truck
data/processed/car_sizes/truck/Toyota_Tundra_2013_27_18_270_40_6_79_75_nan_16_RWD_6_4_Pickup_Qpt.jpg,truck
data/processed/car_sizes/suv/Honda_CR-V_2014_25_17_180_24_4_71_64_178_23_FWD_5_4_SUV_mmg.jpg,suv
data/processed/car_sizes/suv/Jeep_Wrangler_2017_30_17_280_36_6_73_72_164_17_4WD_4_2_SUV_QZq.jpg,suv
data/processed/car_sizes/suv/Dodge_Durango_2013_39_20_290_36_6_75_71_199_16_RWD_7_4_SUV_DhY.jpg,suv
data/processed/car_sizes/suv/Toyota_RAV4_2012_24_16_170_25_4_71_66_181_21_4WD_5_4_SUV_UNU.jpg,suv
data/processed/car_sizes/suv/Honda_Pilot_2011_31_17_250_35_6_78_72_190_17_FWD_8_4_SUV_GiL.jpg,suv
data/processed/car_sizes/full/Toyota_Avalon_2015_39_18_260_35_6_72_57_195_21_FWD_5_4_4dr_ZAX.jpg,full
data/processed/car_sizes/suv/BMW_X6_2019_63_19_300_30_6_78_67_193_18_RWD_5_4_SUV_ema.jpg,suv
data/processed/car_sizes/suv/Volkswagen_Tiguan_2011_24_16_200_20_4_71_66_174_20_FWD_5_4_SUV_pWx.jpg,suv
data/processed/car_sizes/suv/Toyota_Highlander_2016_33_18_270_35_6_75_68_191_18_AWD_8_4_SUV_vLc.jpg,suv
data/processed/car_sizes/truck/Ford_Ranger_2009_20_15_200_40_6_69_66_nan_15_RWD_3_2_Pickup_maz.jpg,truck
data/processed/car_sizes/truck/Ford_Ranger_2007_16_15_140_23_4_69_66_nan_24_RWD_2_2_Pickup_naJ.jpg,truck
data/processed/car_sizes/suv/Hyundai_Tucson_2015_23_17_160_20_4_71_65_173_21_AWD_5_4_SUV_ksE.jpg,suv
data/processed/car_sizes/full/Jaguar_XF_2011_52_18_380_50_8_75_57_195_16_RWD_5_4_4dr_eYW.jpg,full
data/processed/car_sizes/truck/Honda_Odyssey_2011_31_17_240_35_6_79_68_202_18_FWD_8_4_Van_cZD.jpg,truck
data/processed/car_sizes/suv/Ford_Edge_2011_36_18_280_35_6_76_67_184_18_AWD_5_4_4dr_aom.jpg,suv
data/processed/car_sizes/midsize/Cadillac_ATS_2014_41_17_270_20_4_71_55_182_nan_AWD_5_4_4dr_nwK.jpg,midsize
data/processed/car_sizes/truck/Kia_Sedona_2010_28_17_240_38_6_78_69_202_17_FWD_7_4_Van_jdH.jpg,truck
data/processed/car_sizes/suv/Honda_CR-V_2014_25_17_180_24_4_71_64_178_23_FWD_5_4_SUV_WLM.jpg,suv
data/processed/car_sizes/suv/Subaru_Forester_2016_29_18_250_20_4_70_68_180_23_AWD_5_4_SUV_KnV.jpg,suv
data/processed/car_sizes/truck/Nissan_Titan_2015_32_18_310_56_8_79_74_224_13_RWD_6_4_Pickup_Jbm.jpg,truck
data/processed/car_sizes/suv/BMW_X6_2019_63_19_300_30_6_78_67_193_18_RWD_5_4_SUV_FxQ.jpg,suv
data/processed/car_sizes/midsize/Subaru_Impreza_2016_19_15_140_20_4_68_57_180_28_AWD_5_4_4dr_BXs.jpg,midsize
data/processed/car_sizes/suv/Ford_Escape_2012_32_16_170_25_4_71_67_174_30_4WD_5_4_SUV_ZMm.jpg,suv
data/processed/car_sizes/suv/Volvo_XC60_2013_34_18_240_32_6_74_67_182_19_AWD_5_4_SUV_CTh.jpg,suv
data/processed/car_sizes/suv/Chevrolet_Traverse_2017_33_17_280_36_6_78_69_203_15_AWD_8_4_SUV_zzb.jpg,suv
data/processed/car_sizes/suv/Nissan_Pathfinder_2013_39_20_260_35_6_77_70_197_20_FWD_7_4_SUV_Mss.jpg,suv
data/processed/car_sizes/suv/BMW_X6_2019_63_19_300_30_6_78_67_193_18_RWD_5_4_SUV_oMo.jpg,suv
data/processed/car_sizes/truck/Kia_Sedona_2010_28_17_240_38_6_78_69_202_17_FWD_7_4_Van_gsF.jpg,truck
data/processed/car_sizes/suv/Mazda_CX-5_2017_30_19_180_25_4_72_65_179_23_AWD_5_4_SUV_oAt.jpg,suv
data/processed/car_sizes/truck/Honda_Odyssey_2013_31_17_240_35_6_79_68_202_18_FWD_8_4_Van_Cec.jpg,truck
data/processed/car_sizes/suv/Honda_CR-V_2012_24_17_180_24_4_71_65_178_23_FWD_5_4_SUV_cdd.jpg,suv
data/processed/car_sizes/suv/Hyundai_Tucson_2015_23_17_160_20_4_71_65_173_21_AWD_5_4_SUV_uuj.jpg,suv
data/processed/car_sizes/suv/Chevrolet_Traverse_2012_31_17_280_36_6_78_70_205_16_AWD_8_4_SUV_rMC.jpg,suv
data/processed/car_sizes/truck/Toyota_Tundra_2017_50_20_380_57_8_79_76_nan_13_4WD_5_4_Pickup_Nez.jpg,truck
data/processed/car_sizes/suv/Honda_CR-V_2016_26_17_180_24_4_71_64_179_26_FWD_5_4_SUV_QOo.jpg,suv
data/processed/car_sizes/full/Jaguar_XF_2011_52_18_380_50_8_75_57_195_16_RWD_5_4_4dr_qwL.jpg,full
data/processed/car_sizes/suv/Mazda_CX-5_2015_29_19_180_25_4_72_65_178_24_AWD_5_4_SUV_CkB.jpg,suv
data/processed/car_sizes/suv/Ford_Edge_2011_36_18_280_35_6_76_67_184_18_AWD_5_4_4dr_SJX.jpg,suv
data/processed/car_sizes/compact/Audi_TT_2014_39_18_210_20_4_72_53_165_22_AWD_4_2_2dr_xrw.jpg,compact
data/processed/car_sizes/full/Jaguar_XF_2011_52_18_380_50_8_75_57_195_16_RWD_5_4_4dr_QHb.jpg,full
data/processed/car_sizes/suv/Land Rover_Range Rover Sport_2017_72_20_250_30_6_78_70_191_22_4WD_5_4_SUV_uTm.jpg,suv
data/processed/car_sizes/suv/Jeep_Wrangler_2017_30_17_280_36_6_73_72_164_17_4WD_4_2_SUV_SuP.jpg,suv
data/processed/car_sizes/suv/BMW_X1_2019_34_18_220_20_4_71_62_175_23_FWD_5_4_SUV_RRa.jpg,suv
data/processed/car_sizes/midsize/Honda_Civic_2012_16_15_140_18_4_69_55_176_nan_FWD_5_2_2dr_whI.jpg,midsize
data/processed/car_sizes/truck/Volkswagen_Golf_2017_20_15_170_18_4_70_57_167_25_FWD_5_4_4dr_fLp.jpg,truck
data/processed/car_sizes/suv/Subaru_Forester_2016_29_18_250_20_4_70_68_180_23_AWD_5_4_SUV_AWm.jpg,suv
data/processed/car_sizes/suv/Volvo_XC90_2014_41_18_240_32_6_76_70_189_16_AWD_7_4_SUV_KGZ.jpg,suv
data/processed/car_sizes/suv/Honda_CR-V_2016_26_17_180_24_4_71_64_179_26_FWD_5_4_SUV_jNE.jpg,suv
data/processed/car_sizes/suv/Cadillac_Escalade_2014_63_18_400_62_8_79_75_nan_14_RWD_7_4_SUV_mex.jpg,suv
data/processed/car_sizes/midsize/Chevrolet_Malibu_2011_21_17_160_24_4_70_57_191_22_FWD_5_4_4dr_jnl.jpg,midsize
data/processed/car_sizes/truck/Toyota_Tundra_2013_27_18_270_40_6_79_75_nan_16_RWD_6_4_Pickup_Lwv.jpg,truck
data/processed/car_sizes/suv/Ford_Escape_2012_32_16_170_25_4_71_67_174_30_4WD_5_4_SUV_DuZ.jpg,suv
data/processed/car_sizes/midsize/Subaru_Impreza_2014_18_15_140_20_4_68_57_180_27_AWD_5_4_4dr_YTp.jpg,midsize
data/processed/car_sizes/midsize/Chevrolet_Malibu_2011_21_17_160_24_4_70_57_191_22_FWD_5_4_4dr_hQa.jpg,midsize
data/processed/car_sizes/suv/Hyundai_Santa Fe_2012_24_17_170_24_4_74_67_184_20_AWD_5_4_SUV_xya.jpg,suv
data/processed/car_sizes/truck/Toyota_Sienna_2017_29_17_290_35_6_78_68_200_19_FWD_7_4_Van_Bps.jpg,truck
data/processed/car_sizes/suv/Nissan_Pathfinder_2013_39_20_260_35_6_77_70_197_20_FWD_7_4_SUV_ZIn.jpg,suv
data/processed/car_sizes/suv/BMW_X5_2013_56_18_260_30_6_76_69_191_nan_AWD_5_4_SUV_ZgE.jpg,suv
data/processed/car_sizes/suv/Mazda_CX-9_2016_41_20_220_25_4_77_67_199_21_AWD_7_4_SUV_HVK.jpg,suv
data/processed/car_sizes/midsize/Nissan_Versa_2014_12_15_100_16_4_66_59_175_26_FWD_5_4_4dr_SGc.jpg,midsize
data/processed/car_sizes/compact/Subaru_BRZ_2020_29_17_200_20_4_69_52_166_24_RWD_4_2_2dr_FRX.jpg,compact
data/processed/car_sizes/suv/Ford_Edge_2011_36_18_280_35_6_76_67_184_18_AWD_5_4_4dr_qsM.jpg,suv
data/processed/car_sizes/suv/Chevrolet_TrailBlazer_2005_28_17_270_42_6_74_75_nan_15_RWD_7_4_SUV_gVs.jpg,suv
data/processed/car_sizes/compact/Kia_Rio_2020_15_15_120_16_4_67_57_172_33_FWD_5_4_4dr_dgS.jpg,compact
data/processed/car_sizes/suv/Mazda_CX-5_2017_30_19_180_25_4_72_65_179_23_AWD_5_4_SUV_ERS.jpg,suv
data/processed/car_sizes/suv/BMW_X6_2019_63_19_300_30_6_78_67_193_18_RWD_5_4_SUV_FEW.jpg,suv
data/processed/car_sizes/suv/Subaru_Forester_2011_21_16_170_25_4_70_65_179_21_AWD_5_4_SUV_YZt.jpg,suv
data/processed/car_sizes/midsize/Chevrolet_Malibu_2013_24_17_180_24_4_73_57_191_25_FWD_5_4_4dr_smp.jpg,midsize
data/processed/car_sizes/suv/Ford_Edge_2011_36_18_280_35_6_76_67_184_18_AWD_5_4_4dr_CnM.jpg,suv
data/processed/car_sizes/suv/Volvo_XC90_2019_50_18_250_20_4_79_69_194_20_AWD_7_4_SUV_xzD.jpg,suv
data/processed/car_sizes/compact/Toyota_Yaris_2017_16_15_100_15_4_66_59_155_30_FWD_5_2_2dr_CQm.jpg,compact
data/processed/car_sizes/suv/Nissan_Murano_2016_40_20_260_35_6_75_66_192_21_AWD_5_4_SUV_krr.jpg,suv
data/processed/car_sizes/suv/Jeep_Wrangler_2017_30_17_280_36_6_73_72_164_17_4WD_4_2_SUV_pYA.jpg,suv
data/processed/car_sizes/truck/Volkswagen_Golf_2012_25_18_200_20_4_70_57_165_24_FWD_5_2_2dr_cNP.jpg,truck
data/processed/car_sizes/midsize/Nissan_Versa_2014_12_15_100_16_4_66_59_175_26_FWD_5_4_4dr_kbN.jpg,midsize
data/processed/car_sizes/truck/Honda_Odyssey_2011_31_17_240_35_6_79_68_202_18_FWD_8_4_Van_QdV.jpg,truck
data/processed/car_sizes/compact/Kia_Rio_2020_15_15_120_16_4_67_57_172_33_FWD_5_4_4dr_Qem.jpg,compact
data/processed/car_sizes/suv/BMW_X3_2017_40_18_240_20_4_74_66_183_21_RWD_5_4_SUV_Ovw.jpg,suv
data/processed/car_sizes/compact/Hyundai_Accent_2017_16_14_130_16_4_66_57_162_26_FWD_5_4_4dr_ChD.jpg,compact
data/processed/car_sizes/suv/Volvo_XC90_2019_50_18_250_20_4_79_69_194_20_AWD_7_4_SUV_OWS.jpg,suv
data/processed/car_sizes/truck/Ford_Ranger_2007_16_15_140_23_4_69_66_nan_24_RWD_2_2_Pickup_JGy.jpg,truck
data/processed/car_sizes/compact/Toyota_Yaris_2017_16_15_100_15_4_66_59_155_30_FWD_5_2_2dr_RYr.jpg,compact
data/processed/car_sizes/compact/Nissan_370Z_2012_33_18_330_37_6_72_51_167_19_RWD_2_2_2dr_ACB.jpg,compact
data/processed/car_sizes/compact/Jaguar_F-Type_2017_66_18_340_30_6_75_51_176_20_RWD_2_2_Convertible_Lqq.jpg,compact
data/processed/car_sizes/suv/Lexus_NX_2017_39_17_190_25_4_73_64_182_33_AWD_5_4_SUV_whc.jpg,suv
data/processed/car_sizes/truck/Volkswagen_Golf_2017_20_15_170_18_4_70_57_167_25_FWD_5_4_4dr_tAy.jpg,truck
data/processed/car_sizes/full/Porsche_Panamera_2013_75_18_300_36_6_76_55_195_18_RWD_4_4_4dr_Maa.jpg,full
data/processed/car_sizes/suv/Lincoln_Aviator_2003_39_17_300_46_8_73_70_193_13_RWD_6_4_SUV_CsL.jpg,suv
data/processed/car_sizes/truck/Toyota_Tundra_2017_50_20_380_57_8_79_76_nan_13_4WD_5_4_Pickup_ULk.jpg,truck
data/processed/car_sizes/suv/Honda_CR-V_2012_24_17_180_24_4_71_65_178_23_FWD_5_4_SUV_hqx.jpg,suv
data/processed/car_sizes/suv/Jeep_Wrangler_2017_30_17_280_36_6_73_72_164_17_4WD_4_2_SUV_ldf.jpg,suv
data/processed/car_sizes/compact/Nissan_370Z_2012_33_18_330_37_6_72_51_167_19_RWD_2_2_2dr_yPS.jpg,compact
data/processed/car_sizes/suv/Honda_Pilot_2019_34_18_280_35_6_78_70_196_19_FWD_8_4_SUV_KGn.jpg,suv
data/processed/car_sizes/truck/Toyota_Tundra_2017_50_20_380_57_8_79_76_nan_13_4WD_5_4_Pickup_qEj.jpg,truck
data/processed/car_sizes/midsize/Chevrolet_Malibu_2011_21_17_160_24_4_70_57_191_22_FWD_5_4_4dr_RVV.jpg,midsize
data/processed/car_sizes/suv/Land Rover_Discovery_2004_40_18_210_46_8_74_76_185_12_4WD_5_4_SUV_kgO.jpg,suv
data/processed/car_sizes/suv/BMW_X6_2014_60_19_300_30_6_78_66_192_17_AWD_4_4_SUV_YZv.jpg,suv
data/processed/car_sizes/suv/Volvo_XC60_2017_42_18_240_20_4_74_67_182_nan_AWD_5_4_SUV_eIp.jpg,suv
data/processed/car_sizes/suv/Mazda_CX-5_2017_30_19_180_25_4_72_65_179_23_AWD_5_4_SUV_DBc.jpg,suv
data/processed/car_sizes/truck/Toyota_Tacoma_2012_20_15_150_27_4_72_66_nan_19_RWD_4_2_Pickup_fiC.jpg,truck
data/processed/car_sizes/midsize/Kia_Forte_2019_21_17_140_20_4_70_56_182_30_FWD_5_4_4dr_koJ.jpg,midsize
data/processed/car_sizes/suv/Honda_CR-V_2016_26_17_180_24_4_71_64_179_26_FWD_5_4_SUV_DvC.jpg,suv
data/processed/car_sizes/full/Toyota_Avalon_2015_39_18_260_35_6_72_57_195_21_FWD_5_4_4dr_MWT.jpg,full
data/processed/car_sizes/truck/Toyota_Tacoma_2012_20_15_150_27_4_72_66_nan_19_RWD_4_2_Pickup_RkJ.jpg,truck
data/processed/car_sizes/suv/Volvo_XC60_2013_34_18_240_32_6_74_67_182_19_AWD_5_4_SUV_Nyl.jpg,suv
data/processed/car_sizes/suv/Jeep_Wrangler_2017_30_17_280_36_6_73_72_164_17_4WD_4_2_SUV_RbZ.jpg,suv
data/processed/car_sizes/suv/Audi_Q5_2016_40_18_220_20_4_74_65_182_20_AWD_5_4_SUV_xnS.jpg,suv
data/processed/car_sizes/suv/Volvo_XC60_2017_42_18_240_20_4_74_67_182_nan_AWD_5_4_SUV_dFN.jpg,suv
data/processed/car_sizes/suv/Jeep_Compass_2011_20_17_170_24_4_69_65_173_22_4WD_5_4_SUV_hTT.jpg,suv
data/processed/car_sizes/midsize/Chevrolet_Malibu_2011_21_17_160_24_4_70_57_191_22_FWD_5_4_4dr_MoA.jpg,midsize
data/processed/car_sizes/suv/Mazda_CX-5_2017_30_19_180_25_4_72_65_179_23_AWD_5_4_SUV_rwy.jpg,suv
data/processed/car_sizes/truck/Ford_Ranger_2007_16_15_140_23_4_69_66_nan_24_RWD_2_2_Pickup_Ikp.jpg,truck
data/processed/car_sizes/suv/Porsche_Cayenne_2017_59_18_300_36_6_78_67_191_18_AWD_5_4_SUV_PbE.jpg,suv
data/processed/car_sizes/suv/Lexus_RX_2015_42_18_270_35_6_74_66_187_18_AWD_5_4_SUV_WBH.jpg,suv
data/processed/car_sizes/suv/Dodge_Durango_2013_39_20_290_36_6_75_71_199_16_RWD_7_4_SUV_TZN.jpg,suv
data/processed/car_sizes/midsize/Chevrolet_Malibu_2011_21_17_160_24_4_70_57_191_22_FWD_5_4_4dr_jiW.jpg,midsize
data/processed/car_sizes/suv/Hyundai_Tucson_2015_23_17_160_20_4_71_65_173_21_AWD_5_4_SUV_WTv.jpg,suv
data/processed/car_sizes/suv/Jeep_Wrangler_2011_28_18_200_38_6_73_- _152_15_4WD_4_2_SUV_xPV.jpg,suv
data/processed/car_sizes/full/Toyota_Camry_2017_26_16_200_25_4_71_57_190_42_FWD_5_4_4dr_AAt.jpg,full
data/processed/car_sizes/truck/Toyota_Sienna_2017_29_17_290_35_6_78_68_200_19_FWD_7_4_Van_ZZx.jpg,truck
data/processed/car_sizes/compact/Hyundai_Accent_2017_16_14_130_16_4_66_57_162_26_FWD_5_4_4dr_DKx.jpg,compact
data/processed/car_sizes/suv/Chevrolet_TrailBlazer_2005_28_17_270_42_6_74_75_nan_15_RWD_7_4_SUV_TKB.jpg,suv
data/processed/car_sizes/compact/Audi_R8_2015_175_19_520_52_10_75_49_174_13_AWD_2_2_Convertible_YPK.jpg,compact
data/processed/car_sizes/suv/Volkswagen_Tiguan_2011_24_16_200_20_4_71_66_174_20_FWD_5_4_SUV_XAA.jpg,suv
data/processed/car_sizes/truck/Toyota_Tundra_2017_50_20_380_57_8_79_76_nan_13_4WD_5_4_Pickup_GbI.jpg,truck
data/processed/car_sizes/midsize/Kia_Forte_2016_19_17_170_20_4_70_56_179_24_FWD_5_4_4dr_nyq.jpg,midsize
data/processed/car_sizes/suv/Mazda_CX-9_2016_41_20_220_25_4_77_67_199_21_AWD_7_4_SUV_iob.jpg,suv
data/processed/car_sizes/suv/Porsche_Cayenne_2014_56_18_240_30_6_76_67_190_20_AWD_5_4_SUV_GSQ.jpg,suv
data/processed/car_sizes/suv/Honda_Passport_1997_26_16_190_32_6_68_66_176_15_RWD_5_4_SUV_hhg.jpg,suv
data/processed/car_sizes/midsize/Audi_A5_2019_51_18_240_20_4_72_54_184_23_AWD_4_2_Convertible_Cmx.jpg,midsize
data/processed/car_sizes/suv/BMW_X6_2019_63_19_300_30_6_78_67_193_18_RWD_5_4_SUV_DFg.jpg,suv
data/processed/car_sizes/suv/Volkswagen_Tiguan_2011_24_16_200_20_4_71_66_174_20_FWD_5_4_SUV_CWl.jpg,suv
data/processed/car_sizes/suv/Subaru_Forester_2011_21_16_170_25_4_70_65_179_21_AWD_5_4_SUV_Ynm.jpg,suv
data/processed/car_sizes/suv/Lexus_RX_2012_40_18_270_35_6_74_67_187_18_AWD_5_4_SUV_ooo.jpg,suv
data/processed/car_sizes/compact/Jaguar_F-Type_2017_66_18_340_30_6_75_51_176_20_RWD_2_2_Convertible_AGl.jpg,compact
data/processed/car_sizes/truck/Toyota_Tacoma_2012_20_15_150_27_4_72_66_nan_19_RWD_4_2_Pickup_BUx.jpg,truck
data/processed/car_sizes/full/Audi_A8_2013_72_19_330_30_6_76_57_202_18_AWD_5_4_4dr_ubt.jpg,full
data/processed/car_sizes/midsize/Cadillac_ATS_2014_41_17_270_20_4_71_55_182_nan_AWD_5_4_4dr_nRa.jpg,midsize
data/processed/car_sizes/truck/Kia_Sedona_2010_28_17_240_38_6_78_69_202_17_FWD_7_4_Van_meG.jpg,truck
data/processed/car_sizes/suv/Jeep_Wrangler_2011_28_18_200_38_6_73_- _152_15_4WD_4_2_SUV_iBz.jpg,suv
data/processed/car_sizes/suv/Jeep_Wrangler_2017_30_17_280_36_6_73_72_164_17_4WD_4_2_SUV_INc.jpg,suv
data/processed/car_sizes/suv/Honda_CR-V_2014_25_17_180_24_4_71_64_178_23_FWD_5_4_SUV_MIK.jpg,suv
data/processed/car_sizes/suv/Ford_Edge_2011_36_18_280_35_6_76_67_184_18_AWD_5_4_4dr_TZf.jpg,suv
data/processed/car_sizes/midsize/Nissan_Sentra_2019_25_18_180_16_4_69_58_183_25_FWD_5_4_4dr_PUv.jpg,midsize
data/processed/car_sizes/truck/Ford_Ranger_2007_16_15_140_23_4_69_66_nan_24_RWD_2_2_Pickup_aSM.jpg,truck
data/processed/car_sizes/suv/Honda_Pilot_2011_31_17_250_35_6_78_72_190_17_FWD_8_4_SUV_xUM.jpg,suv
data/processed/car_sizes/compact/Kia_Rio_2020_15_15_120_16_4_67_57_172_33_FWD_5_4_4dr_gJO.jpg,compact
data/processed/car_sizes/midsize/Chevrolet_Malibu_2011_21_17_160_24_4_70_57_191_22_FWD_5_4_4dr_pBs.jpg,midsize
data/processed/car_sizes/suv/Volvo_XC90_2019_50_18_250_20_4_79_69_194_20_AWD_7_4_SUV_msX.jpg,suv
data/processed/car_sizes/midsize/Chevrolet_Malibu_2011_21_17_160_24_4_70_57_191_22_FWD_5_4_4dr_vaH.jpg,midsize
data/processed/car_sizes/midsize/Nissan_Versa_2014_12_15_100_16_4_66_59_175_26_FWD_5_4_4dr_Rin.jpg,midsize
data/processed/car_sizes/suv/Mazda_CX-9_2012_35_20_270_37_6_76_68_200_16_AWD_7_4_SUV_fvW.jpg,suv
data/processed/car_sizes/suv/Ford_Edge_2011_36_18_280_35_6_76_67_184_18_AWD_5_4_4dr_fLT.jpg,suv
data/processed/car_sizes/truck/Kia_Sedona_2010_28_17_240_38_6_78_69_202_17_FWD_7_4_Van_hig.jpg,truck
data/processed/car_sizes/suv/Mitsubishi_Outlander_2017_23_18_160_24_4_71_66_184_25_FWD_7_4_SUV_Exp.jpg,suv
data/processed/car_sizes/suv/Hyundai_Santa Fe_2012_24_17_170_24_4_74_67_184_20_AWD_5_4_SUV_iYX.jpg,suv
data/processed/car_sizes/suv/Chevrolet_Tahoe_2013_40_17_320_53_8_79_76_nan_15_RWD_9_4_SUV_PEK.jpg,suv
data/processed/car_sizes/suv/Volvo_XC90_2019_50_18_250_20_4_79_69_194_20_AWD_7_4_SUV_DaU.jpg,suv
data/processed/car_sizes/compact/Nissan_370Z_2012_33_18_330_37_6_72_51_167_19_RWD_2_2_2dr_lqC.jpg,compact
data/processed/car_sizes/suv/Subaru_Forester_2011_21_16_170_25_4_70_65_179_21_AWD_5_4_SUV_koE.jpg,suv
data/processed/car_sizes/suv/Toyota_Land Cruiser_2011_69_18_380_57_8_77_74_194_13_4WD_8_4_SUV_hpO.jpg,suv
data/processed/car_sizes/suv/Mitsubishi_Outlander_2014_22_16_160_24_4_70_66_183_25_FWD_7_4_SUV_gyN.jpg,suv
data/processed/car_sizes/suv/Jeep_Renegade_2015_23_16_160_14_4_74_66_166_24_4WD_5_4_SUV_xsG.jpg,suv
data/processed/car_sizes/suv/BMW_X6_2019_63_19_300_30_6_78_67_193_18_RWD_5_4_SUV_iFu.jpg,suv
data/processed/car_sizes/truck/Honda_Odyssey_2011_31_17_240_35_6_79_68_202_18_FWD_8_4_Van_SRN.jpg,truck
data/processed/car_sizes/suv/Land Rover_Discovery_2004_40_18_210_46_8_74_76_185_12_4WD_5_4_SUV_bBW.jpg,suv
data/processed/car_sizes/truck/Kia_Sedona_2010_28_17_240_38_6_78_69_202_17_FWD_7_4_Van_YtZ.jpg,truck
data/processed/car_sizes/truck/Volkswagen_Golf_2012_25_18_200_20_4_70_57_165_24_FWD_5_2_2dr_IIY.jpg,truck
data/processed/car_sizes/truck/Ford_Ranger_2007_16_15_140_23_4_69_66_nan_24_RWD_2_2_Pickup_oTm.jpg,truck
data/processed/car_sizes/suv/Porsche_Cayenne_2014_56_18_240_30_6_76_67_190_20_AWD_5_4_SUV_Kyb.jpg,suv
data/processed/car_sizes/compact/Audi_R8_2015_175_19_520_52_10_75_49_174_13_AWD_2_2_Convertible_pXs.jpg,compact
data/processed/car_sizes/suv/Mitsubishi_Outlander_2017_23_18_160_24_4_71_66_184_25_FWD_7_4_SUV_Tci.jpg,suv
data/processed/car_sizes/truck/Toyota_Tundra_2017_50_20_380_57_8_79_76_nan_13_4WD_5_4_Pickup_vjs.jpg,truck
data/processed/car_sizes/suv/Jeep_Wrangler_2011_28_18_200_38_6_73_- _152_15_4WD_4_2_SUV_wVv.jpg,suv
data/processed/car_sizes/compact/Subaru_BRZ_2020_29_17_200_20_4_69_52_166_24_RWD_4_2_2dr_CcU.jpg,compact
data/processed/car_sizes/suv/Toyota_4Runner_2013_41_20_270_40_6_75_70_189_17_4WD_5_4_SUV_ide.jpg,suv
data/processed/car_sizes/midsize/Kia_Forte_2013_17_15_150_20_4_69_57_178_26_FWD_5_4_4dr_ThH.jpg,midsize
data/processed/car_sizes/truck/Volkswagen_Golf_2017_20_15_170_18_4_70_57_167_25_FWD_5_4_4dr_eqV.jpg,truck
data/processed/car_sizes/midsize/Audi_A5_2019_51_18_240_20_4_72_54_184_23_AWD_4_2_Convertible_Aoa.jpg,midsize
data/processed/car_sizes/suv/Honda_CR-V_2012_24_17_180_24_4_71_65_178_23_FWD_5_4_SUV_ddg.jpg,suv
data/processed/car_sizes/compact/Audi_R8_2012_136_19_430_42_8_75_49_174_13_AWD_2_2_Convertible_Enk.jpg,compact
data/processed/car_sizes/midsize/Audi_A5_2019_51_18_240_20_4_72_54_184_23_AWD_4_2_Convertible_fRB.jpg,midsize
data/processed/car_sizes/suv/Ford_Explorer_2019_34_18_290_35_6_78_70_198_16_4WD_7_4_SUV_rkh.jpg,suv
data/processed/car_sizes/suv/BMW_X6_2014_60_19_300_30_6_78_66_192_17_AWD_4_4_SUV_EGC.jpg,suv
data/processed/car_sizes/midsize/Kia_Forte_2019_21_17_140_20_4_70_56_182_30_FWD_5_4_4dr_rST.jpg,midsize
data/processed/car_sizes/midsize/Kia_Forte_2016_19_17_170_20_4_70_56_179_24_FWD_5_4_4dr_Yoj.jpg,midsize
data/processed/car_sizes/suv/BMW_X3_2017_40_18_240_20_4_74_66_183_21_RWD_5_4_SUV_nLq.jpg,suv
data/processed/car_sizes/suv/Toyota_Highlander_2016_33_18_270_35_6_75_68_191_18_AWD_8_4_SUV_jbx.jpg,suv
data/processed/car_sizes/truck/Volkswagen_Golf_2017_20_15_170_18_4_70_57_167_25_FWD_5_4_4dr_foi.jpg,truck
data/processed/car_sizes/suv/Mitsubishi_Outlander_2017_23_18_160_24_4_71_66_184_25_FWD_7_4_SUV_KBs.jpg,suv
data/processed/car_sizes/midsize/Subaru_Impreza_2014_18_15_140_20_4_68_57_180_27_AWD_5_4_4dr_CtB.jpg,midsize
data/processed/car_sizes/suv/Honda_CR-V_2016_26_17_180_24_4_71_64_179_26_FWD_5_4_SUV_LSU.jpg,suv
data/processed/car_sizes/midsize/Chevrolet_Malibu_2011_21_17_160_24_4_70_57_191_22_FWD_5_4_4dr_xCF.jpg,midsize
data/processed/car_sizes/suv/Nissan_Pathfinder_2013_39_20_260_35_6_77_70_197_20_FWD_7_4_SUV_thD.jpg,suv
data/processed/car_sizes/truck/Honda_Ridgeline_2008_28_17_240_35_6_76_70_206_15_4WD_5_4_Pickup_iXF.jpg,truck
data/processed/car_sizes/midsize/Honda_Civic_2012_16_15_140_18_4_69_55_176_nan_FWD_5_2_2dr_Qwz.jpg,midsize
data/processed/car_sizes/midsize/Kia_Forte_2019_21_17_140_20_4_70_56_182_30_FWD_5_4_4dr_Tsy.jpg,midsize
data/processed/car_sizes/suv/Subaru_Forester_2011_21_16_170_25_4_70_65_179_21_AWD_5_4_SUV_ilN.jpg,suv
data/processed/car_sizes/truck/Honda_Ridgeline_2008_28_17_240_35_6_76_70_206_15_4WD_5_4_Pickup_nAO.jpg,truck
data/processed/car_sizes/suv/Land Rover_Range Rover_2017_94_20_250_30_6_78_72_196_22_4WD_5_4_SUV_QXY.jpg,suv
data/processed/car_sizes/suv/Ford_Escape_2012_32_16_170_25_4_71_67_174_30_4WD_5_4_SUV_xTt.jpg,suv
data/processed/car_sizes/suv/Volkswagen_Tiguan_2011_24_16_200_20_4_71_66_174_20_FWD_5_4_SUV_zTL.jpg,suv
data/processed/car_sizes/full/Cadillac_XTS_2012_nan_nan_nan_nan_nan_nan_nan_nan_nan_nan_nan_nan_nan_aOz.jpg,full
data/processed/car_sizes/suv/Subaru_Forester_2011_21_16_170_25_4_70_65_179_21_AWD_5_4_SUV_hob.jpg,suv
data/processed/car_sizes/suv/Jeep_Compass_2017_21_18_170_24_4_71_65_175_20_4WD_5_4_SUV_cFH.jpg,suv
data/processed/car_sizes/suv/Lexus_RX_2015_42_18_270_35_6_74_66_187_18_AWD_5_4_SUV_HXB.jpg,suv
data/processed/car_sizes/suv/Mitsubishi_Outlander_2015_23_16_160_24_4_70_66_183_25_FWD_7_4_SUV_cFI.jpg,suv
data/processed/car_sizes/suv/BMW_X6_2019_63_19_300_30_6_78_67_193_18_RWD_5_4_SUV_eiS.jpg,suv
data/processed/car_sizes/truck/Kia_Sedona_2010_28_17_240_38_6_78_69_202_17_FWD_7_4_Van_ifT.jpg,truck
data/processed/car_sizes/suv/Lexus_NX_2017_39_17_190_25_4_73_64_182_33_AWD_5_4_SUV_NGQ.jpg,suv
data/processed/car_sizes/suv/Toyota_RAV4_2012_24_16_170_25_4_71_66_181_21_4WD_5_4_SUV_wyh.jpg,suv
data/processed/car_sizes/full/Porsche_Panamera_2013_75_18_300_36_6_76_55_195_18_RWD_4_4_4dr_pyN.jpg,full
data/processed/car_sizes/suv/Volvo_XC60_2013_34_18_240_32_6_74_67_182_19_AWD_5_4_SUV_eBg.jpg,suv
data/processed/car_sizes/full/Porsche_Panamera_2020_103_21_330_30_6_76_56_198_19_RWD_4_4_4dr_teT.jpg,full
data/processed/car_sizes/suv/Kia_Sportage_2014_25_18_180_24_4_73_64_174_nan_FWD_5_4_SUV_owQ.jpg,suv
data/processed/car_sizes/truck/Honda_Odyssey_2011_31_17_240_35_6_79_68_202_18_FWD_8_4_Van_AVx.jpg,truck
data/processed/car_sizes/suv/Volkswagen_Tiguan_2011_24_16_200_20_4_71_66_174_20_FWD_5_4_SUV_gWc.jpg,suv
data/processed/car_sizes/suv/Ford_Edge_2011_36_18_280_35_6_76_67_184_18_AWD_5_4_4dr_vmz.jpg,suv
data/processed/car_sizes/truck/Honda_Ridgeline_2008_28_17_240_35_6_76_70_206_15_4WD_5_4_Pickup_psD.jpg,truck
data/processed/car_sizes/compact/Audi_R8_2012_136_19_430_42_8_75_49_174_13_AWD_2_2_Convertible_yvZ.jpg,compact
data/processed/car_sizes/midsize/Buick_Regal_2017_27_18_180_24_nan_73_58_190_19_FWD_5_4_4dr_avQ.jpg,midsize
data/processed/car_sizes/truck/Toyota_Sienna_2017_29_17_290_35_6_78_68_200_19_FWD_7_4_Van_HnM.jpg,truck
data/processed/car_sizes/suv/Mitsubishi_Outlander_2014_22_16_160_24_4_70_66_183_25_FWD_7_4_SUV_pyy.jpg,suv
data/processed/car_sizes/compact/Audi_R8_2015_175_19_520_52_10_75_49_174_13_AWD_2_2_Convertible_SvW.jpg,compact
data/processed/car_sizes/midsize/Honda_Civic_2012_16_15_140_18_4_69_55_176_nan_FWD_5_2_2dr_ecO.jpg,midsize
data/processed/car_sizes/compact/Hyundai_Accent_2017_16_14_130_16_4_66_57_162_26_FWD_5_4_4dr_NnT.jpg,compact
data/processed/car_sizes/truck/Honda_Ridgeline_2008_28_17_240_35_6_76_70_206_15_4WD_5_4_Pickup_PhF.jpg,truck
data/processed/car_sizes/midsize/Chevrolet_Malibu_2013_24_17_180_24_4_73_57_191_25_FWD_5_4_4dr_TZv.jpg,midsize
data/processed/car_sizes/suv/Toyota_Highlander_2013_31_17_270_35_6_75_68_188_17_4WD_7_4_SUV_rVD.jpg,suv
data/processed/car_sizes/suv/Chevrolet_Tahoe_2013_40_17_320_53_8_79_76_nan_15_RWD_9_4_SUV_BiX.jpg,suv
data/processed/car_sizes/suv/Mazda_CX-5_2017_30_19_180_25_4_72_65_179_23_AWD_5_4_SUV_cEe.jpg,suv
data/processed/car_sizes/suv/Porsche_Cayenne_2017_59_18_300_36_6_78_67_191_18_AWD_5_4_SUV_MBN.jpg,suv
data/processed/car_sizes/suv/Subaru_Forester_2011_21_16_170_25_4_70_65_179_21_AWD_5_4_SUV_iLP.jpg,suv
data/processed/car_sizes/suv/Volvo_XC90_2019_50_18_250_20_4_79_69_194_20_AWD_7_4_SUV_sxL.jpg,suv
data/processed/car_sizes/suv/Land Rover_Range Rover_2012_79_19_380_50_8_80_73_195_12_4WD_5_4_SUV_BiI.jpg,suv
data/processed/car_sizes/suv/Mitsubishi_Outlander_2015_23_16_160_24_4_70_66_183_25_FWD_7_4_SUV_uWt.jpg,suv
data/processed/car_sizes/suv/Mazda_CX-5_2017_30_19_180_25_4_72_65_179_23_AWD_5_4_SUV_YjX.jpg,suv
data/processed/car_sizes/suv/Volkswagen_Tiguan_2011_24_16_200_20_4_71_66_174_20_FWD_5_4_SUV_wdN.jpg,suv
data/processed/car_sizes/midsize/Chevrolet_Malibu_2013_24_17_180_24_4_73_57_191_25_FWD_5_4_4dr_zCv.jpg,midsize
data/processed/car_sizes/suv/Ford_Edge_2011_36_18_280_35_6_76_67_184_18_AWD_5_4_4dr_Tup.jpg,suv
data/processed/car_sizes/suv/Porsche_Cayenne_2014_56_18_240_30_6_76_67_190_20_AWD_5_4_SUV_oIi.jpg,suv
data/processed/car_sizes/full/Porsche_Panamera_2013_75_18_300_36_6_76_55_195_18_RWD_4_4_4dr_ggq.jpg,full
data/processed/car_sizes/suv/Mitsubishi_Outlander_2017_23_18_160_24_4_71_66_184_25_FWD_7_4_SUV_itp.jpg,suv
data/processed/car_sizes/suv/Honda_CR-V_2014_25_17_180_24_4_71_64_178_23_FWD_5_4_SUV_xyM.jpg,suv
data/processed/car_sizes/midsize/Nissan_Versa_2014_12_15_100_16_4_66_59_175_26_FWD_5_4_4dr_bTY.jpg,midsize
data/processed/car_sizes/truck/Toyota_Tundra_2017_50_20_380_57_8_79_76_nan_13_4WD_5_4_Pickup_sFs.jpg,truck
data/processed/car_sizes/suv/Ford_Edge_2011_36_18_280_35_6_76_67_184_18_AWD_5_4_4dr_MpJ.jpg,suv
data/processed/car_sizes/compact/Subaru_BRZ_2020_29_17_200_20_4_69_52_166_24_RWD_4_2_2dr_akG.jpg,compact
data/processed/car_sizes/suv/Jeep_Compass_2017_21_18_170_24_4_71_65_175_20_4WD_5_4_SUV_vFq.jpg,suv
data/processed/car_sizes/suv/Subaru_Forester_2011_21_16_170_25_4_70_65_179_21_AWD_5_4_SUV_ypQ.jpg,suv
data/processed/car_sizes/truck/Honda_Ridgeline_2008_28_17_240_35_6_76_70_206_15_4WD_5_4_Pickup_DcC.jpg,truck
data/processed/car_sizes/suv/Volvo_XC90_2019_50_18_250_20_4_79_69_194_20_AWD_7_4_SUV_JZM.jpg,suv
data/processed/car_sizes/full/Toyota_Avalon_2015_39_18_260_35_6_72_57_195_21_FWD_5_4_4dr_AJq.jpg,full
data/processed/car_sizes/suv/Mazda_CX-9_2012_35_20_270_37_6_76_68_200_16_AWD_7_4_SUV_Gnn.jpg,suv
data/processed/car_sizes/suv/Honda_CR-V_2012_24_17_180_24_4_71_65_178_23_FWD_5_4_SUV_dyK.jpg,suv
data/processed/car_sizes/suv/Nissan_Pathfinder_2013_39_20_260_35_6_77_70_197_20_FWD_7_4_SUV_cRl.jpg,suv
data/processed/car_sizes/suv/Ford_Edge_2011_36_18_280_35_6_76_67_184_18_AWD_5_4_4dr_Jfy.jpg,suv
data/processed/car_sizes/suv/Lincoln_Aviator_2003_39_17_300_46_8_73_70_193_13_RWD_6_4_SUV_VDY.jpg,suv
data/processed/car_sizes/suv/Chevrolet_Traverse_2012_31_17_280_36_6_78_70_205_16_AWD_8_4_SUV_dMU.jpg,suv
data/processed/car_sizes/midsize/Honda_Civic_2012_16_15_140_18_4_69_55_176_nan_FWD_5_2_2dr_VIM.jpg,midsize
data/processed/car_sizes/suv/Nissan_Murano_2016_40_20_260_35_6_75_66_192_21_AWD_5_4_SUV_Ogt.jpg,suv
data/processed/car_sizes/midsize/Kia_Forte_2013_17_15_150_20_4_69_57_178_26_FWD_5_4_4dr_shJ.jpg,midsize
data/processed/car_sizes/suv/Mazda_CX-5_2017_30_19_180_25_4_72_65_179_23_AWD_5_4_SUV_jst.jpg,suv
data/processed/car_sizes/suv/Volvo_XC90_2019_50_18_250_20_4_79_69_194_20_AWD_7_4_SUV_dmE.jpg,suv
data/processed/car_sizes/midsize/Toyota_Corolla_2015_17_15_130_18_4_69_57_182_27_FWD_5_4_4dr_VXj.jpg,midsize
data/processed/car_sizes/suv/Lexus_NX_2017_39_17_190_25_4_73_64_182_33_AWD_5_4_SUV_GhN.jpg,suv
data/processed/car_sizes/suv/Mitsubishi_Outlander_2017_23_18_160_24_4_71_66_184_25_FWD_7_4_SUV_VdH.jpg,suv
data/processed/car_sizes/suv/Toyota_RAV4_2012_24_16_170_25_4_71_66_181_21_4WD_5_4_SUV_ocC.jpg,suv
data/processed/car_sizes/midsize/Audi_A5_2019_51_18_240_20_4_72_54_184_23_AWD_4_2_Convertible_keG.jpg,midsize
data/processed/car_sizes/suv/Jeep_Compass_2017_21_18_170_24_4_71_65_175_20_4WD_5_4_SUV_UIT.jpg,suv
data/processed/car_sizes/midsize/Nissan_Sentra_2015_17_16_120_18_4_69_58_182_30_FWD_5_4_4dr_nsU.jpg,midsize
data/processed/car_sizes/suv/Audi_Q5_2012_35_18_210_20_4_74_65_182_20_AWD_5_4_SUV_ZaH.jpg,suv
data/processed/car_sizes/suv/Honda_CR-V_2012_24_17_180_24_4_71_65_178_23_FWD_5_4_SUV_cHa.jpg,suv
data/processed/car_sizes/suv/Jeep_Wrangler_2011_28_18_200_38_6_73_- _152_15_4WD_4_2_SUV_fBv.jpg,suv
data/processed/car_sizes/suv/Ford_Edge_2011_36_18_280_35_6_76_67_184_18_AWD_5_4_4dr_zFC.jpg,suv
data/processed/car_sizes/full/Jaguar_XF_2011_52_18_380_50_8_75_57_195_16_RWD_5_4_4dr_cZX.jpg,full
data/processed/car_sizes/suv/Honda_CR-V_2014_25_17_180_24_4_71_64_178_23_FWD_5_4_SUV_uml.jpg,suv
data/processed/car_sizes/compact/Audi_R8_2012_136_19_430_42_8_75_49_174_13_AWD_2_2_Convertible_BVA.jpg,compact
data/processed/car_sizes/suv/Ford_Explorer_2015_32_18_290_35_6_78_71_197_17_4WD_7_4_SUV_SpU.jpg,suv
data/processed/car_sizes/suv/Toyota_Land Cruiser_2015_80_18_380_57_8_77_74_194_13_4WD_8_4_SUV_svJ.jpg,suv
data/processed/car_sizes/suv/Cadillac_Escalade_2014_63_18_400_62_8_79_75_nan_14_RWD_7_4_SUV_kTJ.jpg,suv
data/processed/car_sizes/truck/Toyota_Tundra_2017_50_20_380_57_8_79_76_nan_13_4WD_5_4_Pickup_ePR.jpg,truck
data/processed/car_sizes/compact/Subaru_BRZ_2020_29_17_200_20_4_69_52_166_24_RWD_4_2_2dr_kJN.jpg,compact
data/processed/car_sizes/midsize/Kia_Forte_2019_21_17_140_20_4_70_56_182_30_FWD_5_4_4dr_kXX.jpg,midsize
data/processed/car_sizes/suv/BMW_X3_2017_40_18_240_20_4_74_66_183_21_RWD_5_4_SUV_kVY.jpg,suv
data/processed/car_sizes/truck/Honda_Odyssey_2011_31_17_240_35_6_79_68_202_18_FWD_8_4_Van_myS.jpg,truck
data/processed/car_sizes/compact/Hyundai_Accent_2017_16_14_130_16_4_66_57_162_26_FWD_5_4_4dr_okX.jpg,compact
data/processed/car_sizes/truck/Honda_Ridgeline_2008_28_17_240_35_6_76_70_206_15_4WD_5_4_Pickup_DUr.jpg,truck
data/processed/car_sizes/midsize/Chevrolet_Malibu_2013_24_17_180_24_4_73_57_191_25_FWD_5_4_4dr_tsg.jpg,midsize
data/processed/car_sizes/midsize/Chevrolet_Malibu_2013_24_17_180_24_4_73_57_191_25_FWD_5_4_4dr_zvx.jpg,midsize
data/processed/car_sizes/suv/Subaru_Forester_2011_21_16_170_25_4_70_65_179_21_AWD_5_4_SUV_dsC.jpg,suv
data/processed/car_sizes/suv/Honda_Pilot_2011_31_17_250_35_6_78_72_190_17_FWD_8_4_SUV_mhl.jpg,suv
data/processed/car_sizes/midsize/Honda_Civic_2012_16_15_140_18_4_69_55_176_nan_FWD_5_2_2dr_yPE.jpg,midsize
data/processed/car_sizes/suv/Jeep_Renegade_2015_23_16_160_14_4_74_66_166_24_4WD_5_4_SUV_uqE.jpg,suv
data/processed/car_sizes/suv/Ford_Expedition_2017_60_20_360_35_6_78_77_206_15_RWD_8_4_SUV_VlD.jpg,suv
data/processed/car_sizes/truck/Volkswagen_Golf_2012_25_18_200_20_4_70_57_165_24_FWD_5_2_2dr_kaW.jpg,truck
data/processed/car_sizes/suv/Honda_Pilot_2011_31_17_250_35_6_78_72_190_17_FWD_8_4_SUV_uXF.jpg,suv
data/processed/car_sizes/suv/Audi_Q5_2012_35_18_210_20_4_74_65_182_20_AWD_5_4_SUV_pVv.jpg,suv
data/processed/car_sizes/truck/Kia_Sedona_2010_28_17_240_38_6_78_69_202_17_FWD_7_4_Van_CRN.jpg,truck
data/processed/car_sizes/truck/Ford_Ranger_2009_20_15_200_40_6_69_66_nan_15_RWD_3_2_Pickup_IGd.jpg,truck
data/processed/car_sizes/midsize/Kia_Forte_2016_19_17_170_20_4_70_56_179_24_FWD_5_4_4dr_iwD.jpg,midsize
data/processed/car_sizes/truck/Toyota_Tacoma_2012_20_15_150_27_4_72_66_nan_19_RWD_4_2_Pickup_urA.jpg,truck
data/processed/car_sizes/suv/Ford_Explorer_2015_32_18_290_35_6_78_71_197_17_4WD_7_4_SUV_lKT.jpg,suv
data/processed/car_sizes/truck/Kia_Sedona_2010_28_17_240_38_6_78_69_202_17_FWD_7_4_Van_HxJ.jpg,truck
data/processed/car_sizes/suv/Jeep_Grand Cherokee_2013_29_17_290_36_6_76_69_189_16_4WD_5_4_SUV_QYh.jpg,suv
data/processed/car_sizes/suv/Chevrolet_TrailBlazer_2005_28_17_270_42_6_74_75_nan_15_RWD_7_4_SUV_Flz.jpg,suv
data/processed/car_sizes/midsize/Nissan_Versa_2014_12_15_100_16_4_66_59_175_26_FWD_5_4_4dr_MXa.jpg,midsize
data/processed/car_sizes/suv/Honda_Pilot_2019_34_18_280_35_6_78_70_196_19_FWD_8_4_SUV_pVB.jpg,suv
data/processed/car_sizes/suv/Jeep_Wrangler_2017_30_17_280_36_6_73_72_164_17_4WD_4_2_SUV_xYg.jpg,suv
data/processed/car_sizes/midsize/Audi_A5_2019_51_18_240_20_4_72_54_184_23_AWD_4_2_Convertible_aYG.jpg,midsize
data/processed/car_sizes/compact/Audi_R8_2012_136_19_430_42_8_75_49_174_13_AWD_2_2_Convertible_DDw.jpg,compact
data/processed/car_sizes/suv/Volvo_XC60_2017_42_18_240_20_4_74_67_182_nan_AWD_5_4_SUV_syL.jpg,suv
data/processed/car_sizes/truck/Volkswagen_Golf_2017_20_15_170_18_4_70_57_167_25_FWD_5_4_4dr_pQp.jpg,truck
data/processed/car_sizes/suv/Land Rover_Range Rover_2017_94_20_250_30_6_78_72_196_22_4WD_5_4_SUV_jZq.jpg,suv
data/processed/car_sizes/suv/Mazda_CX-9_2016_41_20_220_25_4_77_67_199_21_AWD_7_4_SUV_NTB.jpg,suv
data/processed/car_sizes/suv/Volvo_XC90_2019_50_18_250_20_4_79_69_194_20_AWD_7_4_SUV_Lrg.jpg,suv
data/processed/car_sizes/truck/Toyota_Tacoma_2012_20_15_150_27_4_72_66_nan_19_RWD_4_2_Pickup_uxf.jpg,truck
data/processed/car_sizes/truck/Toyota_Tundra_2013_27_18_270_40_6_79_75_nan_16_RWD_6_4_Pickup_sho.jpg,truck
data/processed/car_sizes/suv/Acura_RDX_2012_34_18_240_23_4_73_65_182_17_AWD_5_4_SUV_rUx.jpg,suv
data/processed/car_sizes/midsize/Honda_Civic_2012_16_15_140_18_4_69_55_176_nan_FWD_5_2_2dr_bDq.jpg,midsize
data/processed/car_sizes/midsize/Kia_Forte_2016_19_17_170_20_4_70_56_179_24_FWD_5_4_4dr_dgT.jpg,midsize
data/processed/car_sizes/truck/Ford_Ranger_2009_20_15_200_40_6_69_66_nan_15_RWD_3_2_Pickup_utZ.jpg,truck
data/processed/car_sizes/suv/Honda_CR-V_2012_24_17_180_24_4_71_65_178_23_FWD_5_4_SUV_fva.jpg,suv
data/processed/car_sizes/suv/Subaru_Forester_2011_21_16_170_25_4_70_65_179_21_AWD_5_4_SUV_FWY.jpg,suv
data/processed/car_sizes/midsize/Chevrolet_Malibu_2011_21_17_160_24_4_70_57_191_22_FWD_5_4_4dr_kSO.jpg,midsize
data/processed/car_sizes/suv/Chevrolet_Tahoe_2013_40_17_320_53_8_79_76_nan_15_RWD_9_4_SUV_Cig.jpg,suv
data/processed/car_sizes/suv/Honda_Pilot_2011_31_17_250_35_6_78_72_190_17_FWD_8_4_SUV_MYn.jpg,suv
data/processed/car_sizes/midsize/Subaru_Legacy_2012_20_16_170_25_4_71_59_186_23_AWD_5_4_4dr_RAT.jpg,midsize
data/processed/car_sizes/suv/Mitsubishi_Outlander_2017_23_18_160_24_4_71_66_184_25_FWD_7_4_SUV_Nti.jpg,suv
data/processed/car_sizes/midsize/Audi_A5_2019_51_18_240_20_4_72_54_184_23_AWD_4_2_Convertible_ZDv.jpg,midsize
data/processed/car_sizes/suv/Mitsubishi_Outlander_2014_22_16_160_24_4_70_66_183_25_FWD_7_4_SUV_ETI.jpg,suv
data/processed/car_sizes/suv/Ford_Expedition_2017_60_20_360_35_6_78_77_206_15_RWD_8_4_SUV_DDN.jpg,suv
data/processed/car_sizes/suv/Land Rover_Range Rover_2012_79_19_380_50_8_80_73_195_12_4WD_5_4_SUV_PXA.jpg,suv
data/processed/car_sizes/suv/Toyota_Sequoia_2017_57_20_380_57_8_79_77_205_13_4WD_8_4_SUV_wnO.jpg,suv
data/processed/car_sizes/suv/Ford_Edge_2011_36_18_280_35_6_76_67_184_18_AWD_5_4_4dr_nrU.jpg,suv
data/processed/car_sizes/suv/Porsche_Cayenne_2014_56_18_240_30_6_76_67_190_20_AWD_5_4_SUV_OEs.jpg,suv
data/processed/car_sizes/truck/Ford_Ranger_2009_20_15_200_40_6_69_66_nan_15_RWD_3_2_Pickup_rcJ.jpg,truck
data/processed/car_sizes/suv/Toyota_RAV4_2012_24_16_170_25_4_71_66_181_21_4WD_5_4_SUV_RJl.jpg,suv
data/processed/car_sizes/midsize/Audi_A5_2019_51_18_240_20_4_72_54_184_23_AWD_4_2_Convertible_JId.jpg,midsize
data/processed/car_sizes/truck/Ford_Ranger_2007_16_15_140_23_4_69_66_nan_24_RWD_2_2_Pickup_owh.jpg,truck
data/processed/car_sizes/suv/Hyundai_Santa Fe_2012_24_17_170_24_4_74_67_184_20_AWD_5_4_SUV_KyN.jpg,suv
data/processed/car_sizes/full/Jaguar_XF_2011_52_18_380_50_8_75_57_195_16_RWD_5_4_4dr_Rsp.jpg,full
data/processed/car_sizes/suv/BMW_X1_2015_33_17_240_20_4_70_60_176_22_AWD_5_4_SUV_PxK.jpg,suv
data/processed/car_sizes/full/Toyota_Avalon_2015_39_18_260_35_6_72_57_195_21_FWD_5_4_4dr_jxC.jpg,full
data/processed/car_sizes/suv/Jeep_Wrangler_2011_28_18_200_38_6_73_- _152_15_4WD_4_2_SUV_vHV.jpg,suv
data/processed/car_sizes/truck/Toyota_Tundra_2017_50_20_380_57_8_79_76_nan_13_4WD_5_4_Pickup_reh.jpg,truck
data/processed/car_sizes/suv/Porsche_Cayenne_2014_56_18_240_30_6_76_67_190_20_AWD_5_4_SUV_kGb.jpg,suv
data/processed/car_sizes/suv/Honda_Pilot_2011_31_17_250_35_6_78_72_190_17_FWD_8_4_SUV_olJ.jpg,suv
data/processed/car_sizes/suv/Mazda_CX-5_2017_30_19_180_25_4_72_65_179_23_AWD_5_4_SUV_Ige.jpg,suv
data/processed/car_sizes/compact/Kia_Rio_2020_15_15_120_16_4_67_57_172_33_FWD_5_4_4dr_RaK.jpg,compact
data/processed/car_sizes/suv/Hyundai_Santa Fe_2012_24_17_170_24_4_74_67_184_20_AWD_5_4_SUV_thL.jpg,suv
data/processed/car_sizes/full/Audi_A8_2013_72_19_330_30_6_76_57_202_18_AWD_5_4_4dr_uzQ.jpg,full
data/processed/car_sizes/suv/Chevrolet_TrailBlazer_2005_28_17_270_42_6_74_75_nan_15_RWD_7_4_SUV_uoJ.jpg,suv
data/processed/car_sizes/suv/Kia_Sorento_2017_33_18_240_20_4_74_66_187_19_AWD_5_4_SUV_wVW.jpg,suv
data/processed/car_sizes/truck/Honda_Ridgeline_2008_28_17_240_35_6_76_70_206_15_4WD_5_4_Pickup_CRw.jpg,truck
data/processed/car_sizes/suv/Mitsubishi_Outlander_2015_23_16_160_24_4_70_66_183_25_FWD_7_4_SUV_brv.jpg,suv
data/processed/car_sizes/midsize/Honda_Civic_2012_16_15_140_18_4_69_55_176_nan_FWD_5_2_2dr_CcG.jpg,midsize
data/processed/car_sizes/midsize/Nissan_Versa_2014_12_15_100_16_4_66_59_175_26_FWD_5_4_4dr_jHk.jpg,midsize
data/processed/car_sizes/midsize/Buick_Regal_2015_27_18_180_24_nan_73_58_190_19_FWD_5_4_4dr_xYA.jpg,midsize
data/processed/car_sizes/suv/Honda_CR-V_2012_24_17_180_24_4_71_65_178_23_FWD_5_4_SUV_Nxa.jpg,suv
data/processed/car_sizes/compact/Toyota_Yaris_2017_16_15_100_15_4_66_59_155_30_FWD_5_2_2dr_TbU.jpg,compact
data/processed/car_sizes/suv/Jeep_Renegade_2015_23_16_160_14_4_74_66_166_24_4WD_5_4_SUV_ncL.jpg,suv
data/processed/car_sizes/full/Porsche_Panamera_2020_103_21_330_30_6_76_56_198_19_RWD_4_4_4dr_leV.jpg,full
data/processed/car_sizes/suv/Volvo_XC60_2013_34_18_240_32_6_74_67_182_19_AWD_5_4_SUV_LMt.jpg,suv
data/processed/car_sizes/truck/Volkswagen_Golf_2012_25_18_200_20_4_70_57_165_24_FWD_5_2_2dr_TfP.jpg,truck
data/processed/car_sizes/suv/Jeep_Compass_2017_21_18_170_24_4_71_65_175_20_4WD_5_4_SUV_YVp.jpg,suv
data/processed/car_sizes/midsize/Toyota_Corolla_2015_17_15_130_18_4_69_57_182_27_FWD_5_4_4dr_OYg.jpg,midsize
data/processed/car_sizes/suv/Jeep_Grand Cherokee_2013_29_17_290_36_6_76_69_189_16_4WD_5_4_SUV_PlD.jpg,suv
data/processed/car_sizes/suv/Jeep_Wrangler_2011_28_18_200_38_6_73_- _152_15_4WD_4_2_SUV_SMU.jpg,suv
data/processed/car_sizes/truck/Honda_Odyssey_2011_31_17_240_35_6_79_68_202_18_FWD_8_4_Van_riS.jpg,truck
data/processed/car_sizes/midsize/Kia_Forte_2016_19_17_170_20_4_70_56_179_24_FWD_5_4_4dr_PHU.jpg,midsize
data/processed/car_sizes/truck/Kia_Sedona_2010_28_17_240_38_6_78_69_202_17_FWD_7_4_Van_Qum.jpg,truck
data/processed/car_sizes/truck/Toyota_Tacoma_2012_20_15_150_27_4_72_66_nan_19_RWD_4_2_Pickup_lHQ.jpg,truck
data/processed/car_sizes/midsize/Chevrolet_Malibu_2013_24_17_180_24_4_73_57_191_25_FWD_5_4_4dr_Wyp.jpg,midsize
data/processed/car_sizes/suv/Subaru_Forester_2011_21_16_170_25_4_70_65_179_21_AWD_5_4_SUV_Zfr.jpg,suv
data/processed/car_sizes/suv/Chevrolet_Tahoe_2013_40_17_320_53_8_79_76_nan_15_RWD_9_4_SUV_cpD.jpg,suv
data/processed/car_sizes/suv/Lexus_RX_2015_42_18_270_35_6_74_66_187_18_AWD_5_4_SUV_Hpa.jpg,suv
data/processed/car_sizes/truck/Honda_Odyssey_2011_31_17_240_35_6_79_68_202_18_FWD_8_4_Van_GEM.jpg,truck
data/processed/car_sizes/midsize/Honda_Civic_2012_16_15_140_18_4_69_55_176_nan_FWD_5_2_2dr_UVx.jpg,midsize
data/processed/car_sizes/suv/Honda_CR-V_2012_24_17_180_24_4_71_65_178_23_FWD_5_4_SUV_TYH.jpg,suv
data/processed/car_sizes/compact/Jaguar_F-Type_2017_66_18_340_30_6_75_51_176_20_RWD_2_2_Convertible_LiM.jpg,compact
data/processed/car_sizes/midsize/Chevrolet_Malibu_2013_24_17_180_24_4_73_57_191_25_FWD_5_4_4dr_hpk.jpg,midsize
data/processed/car_sizes/suv/Porsche_Cayenne_2014_56_18_240_30_6_76_67_190_20_AWD_5_4_SUV_otv.jpg,suv
data/processed/car_sizes/suv/Kia_Sorento_2012_21_17_170_24_4_74_67_183_20_FWD_5_4_SUV_qwP.jpg,suv
data/processed/car_sizes/compact/Audi_R8_2012_136_19_430_42_8_75_49_174_13_AWD_2_2_Convertible_VyG.jpg,compact
data/processed/car_sizes/suv/Audi_Q5_2012_35_18_210_20_4_74_65_182_20_AWD_5_4_SUV_ngh.jpg,suv
data/processed/car_sizes/suv/Subaru_Forester_2011_21_16_170_25_4_70_65_179_21_AWD_5_4_SUV_YOd.jpg,suv
data/processed/car_sizes/truck/Honda_Ridgeline_2008_28_17_240_35_6_76_70_206_15_4WD_5_4_Pickup_qeU.jpg,truck
data/processed/car_sizes/suv/Nissan_Murano_2016_40_20_260_35_6_75_66_192_21_AWD_5_4_SUV_ObV.jpg,suv
data/processed/car_sizes/truck/Toyota_Tundra_2017_50_20_380_57_8_79_76_nan_13_4WD_5_4_Pickup_lEZ.jpg,truck
data/processed/car_sizes/suv/Cadillac_Escalade_2014_63_18_400_62_8_79_75_nan_14_RWD_7_4_SUV_xZN.jpg,suv
data/processed/car_sizes/suv/Acura_RDX_2012_34_18_240_23_4_73_65_182_17_AWD_5_4_SUV_uCR.jpg,suv
data/processed/car_sizes/suv/Toyota_Highlander_2016_33_18_270_35_6_75_68_191_18_AWD_8_4_SUV_jgt.jpg,suv
data/processed/car_sizes/compact/Jaguar_F-Type_2017_66_18_340_30_6_75_51_176_20_RWD_2_2_Convertible_lIy.jpg,compact
data/processed/car_sizes/full/Lexus_LS_2012_69_18_350_46_8_73_58_199_16_AWD_5_4_4dr_Huz.jpg,full
data/processed/car_sizes/suv/Jeep_Wrangler_2011_28_18_200_38_6_73_- _152_15_4WD_4_2_SUV_tTJ.jpg,suv
data/processed/car_sizes/compact/Audi_TT_2014_39_18_210_20_4_72_53_165_22_AWD_4_2_2dr_grC.jpg,compact
data/processed/car_sizes/suv/Volvo_XC90_2019_50_18_250_20_4_79_69_194_20_AWD_7_4_SUV_Xog.jpg,suv
data/processed/car_sizes/suv/Volkswagen_Tiguan_2016_28_19_200_20_4_71_67_174_21_FWD_5_4_SUV_wYi.jpg,suv
data/processed/car_sizes/suv/Jeep_Renegade_2015_23_16_160_14_4_74_66_166_24_4WD_5_4_SUV_VXy.jpg,suv
data/processed/car_sizes/compact/Hyundai_Accent_2017_16_14_130_16_4_66_57_162_26_FWD_5_4_4dr_hOf.jpg,compact
data/processed/car_sizes/midsize/Buick_Regal_2015_27_18_180_24_nan_73_58_190_19_FWD_5_4_4dr_wqo.jpg,midsize
data/processed/car_sizes/suv/Honda_Pilot_2019_34_18_280_35_6_78_70_196_19_FWD_8_4_SUV_MFi.jpg,suv
data/processed/car_sizes/suv/Chevrolet_Traverse_2017_33_17_280_36_6_78_69_203_15_AWD_8_4_SUV_PAJ.jpg,suv
data/processed/car_sizes/suv/Toyota_RAV4_2015_25_17_170_25_4_72_65_179_22_AWD_5_4_SUV_OLD.jpg,suv
data/processed/car_sizes/suv/Lexus_RX_2012_40_18_270_35_6_74_67_187_18_AWD_5_4_SUV_wsi.jpg,suv
data/processed/car_sizes/midsize/Chevrolet_Malibu_2011_21_17_160_24_4_70_57_191_22_FWD_5_4_4dr_kjV.jpg,midsize
data/processed/car_sizes/suv/Mitsubishi_Outlander_2015_23_16_160_24_4_70_66_183_25_FWD_7_4_SUV_ebN.jpg,suv
data/processed/car_sizes/compact/Hyundai_Accent_2017_16_14_130_16_4_66_57_162_26_FWD_5_4_4dr_JBH.jpg,compact
data/processed/car_sizes/truck/Honda_Ridgeline_2008_28_17_240_35_6_76_70_206_15_4WD_5_4_Pickup_Fbr.jpg,truck
data/processed/car_sizes/truck/Toyota_Tundra_2013_27_18_270_40_6_79_75_nan_16_RWD_6_4_Pickup_Ucn.jpg,truck
data/processed/car_sizes/truck/Kia_Sedona_2010_28_17_240_38_6_78_69_202_17_FWD_7_4_Van_WwM.jpg,truck
data/processed/car_sizes/full/Porsche_Panamera_2020_103_21_330_30_6_76_56_198_19_RWD_4_4_4dr_lUG.jpg,full
data/processed/car_sizes/midsize/Kia_Forte_2016_19_17_170_20_4_70_56_179_24_FWD_5_4_4dr_BYU.jpg,midsize
data/processed/car_sizes/compact/Kia_Rio_2020_15_15_120_16_4_67_57_172_33_FWD_5_4_4dr_FkS.jpg,compact
data/processed/car_sizes/suv/Hyundai_Tucson_2015_23_17_160_20_4_71_65_173_21_AWD_5_4_SUV_txE.jpg,suv
data/processed/car_sizes/midsize/Chevrolet_Malibu_2015_22_16_190_25_4_73_57_191_25_FWD_5_4_4dr_SAu.jpg,midsize
data/processed/car_sizes/midsize/Nissan_Versa_2014_12_15_100_16_4_66_59_175_26_FWD_5_4_4dr_dGL.jpg,midsize
data/processed/car_sizes/truck/Toyota_Tundra_2017_50_20_380_57_8_79_76_nan_13_4WD_5_4_Pickup_xTH.jpg,truck
data/processed/car_sizes/suv/Mitsubishi_Outlander_2014_22_16_160_24_4_70_66_183_25_FWD_7_4_SUV_mYS.jpg,suv
data/processed/car_sizes/suv/Lexus_GX_2013_53_18_300_46_8_74_74_189_15_4WD_7_4_SUV_FkZ.jpg,suv
data/processed/car_sizes/suv/Volkswagen_Tiguan_2011_24_16_200_20_4_71_66_174_20_FWD_5_4_SUV_qLF.jpg,suv
data/processed/car_sizes/suv/Honda_Pilot_2019_34_18_280_35_6_78_70_196_19_FWD_8_4_SUV_btC.jpg,suv
data/processed/car_sizes/suv/Volvo_XC60_2017_42_18_240_20_4_74_67_182_nan_AWD_5_4_SUV_BKe.jpg,suv
data/processed/car_sizes/suv/Jeep_Wrangler_2011_28_18_200_38_6_73_- _152_15_4WD_4_2_SUV_CIs.jpg,suv
data/processed/car_sizes/suv/Subaru_Forester_2011_21_16_170_25_4_70_65_179_21_AWD_5_4_SUV_elk.jpg,suv
data/processed/car_sizes/suv/Volkswagen_Tiguan_2011_24_16_200_20_4_71_66_174_20_FWD_5_4_SUV_UGt.jpg,suv
data/processed/car_sizes/suv/Mazda_CX-9_2012_35_20_270_37_6_76_68_200_16_AWD_7_4_SUV_ROr.jpg,suv
data/processed/car_sizes/midsize/Audi_A4_2015_37_17_220_20_4_71_56_185_22_AWD_5_4_4dr_zfU.jpg,midsize
data/processed/car_sizes/truck/Kia_Sedona_2010_28_17_240_38_6_78_69_202_17_FWD_7_4_Van_fKF.jpg,truck
data/processed/car_sizes/truck/Toyota_Tundra_2017_50_20_380_57_8_79_76_nan_13_4WD_5_4_Pickup_fsh.jpg,truck
data/processed/car_sizes/suv/Jeep_Wrangler_2011_28_18_200_38_6_73_- _152_15_4WD_4_2_SUV_JYW.jpg,suv
data/processed/car_sizes/suv/Ford_Escape_2012_32_16_170_25_4_71_67_174_30_4WD_5_4_SUV_Dxl.jpg,suv
data/processed/car_sizes/compact/Jaguar_F-Type_2017_66_18_340_30_6_75_51_176_20_RWD_2_2_Convertible_UbP.jpg,compact
data/processed/car_sizes/suv/Cadillac_Escalade_2014_63_18_400_62_8_79_75_nan_14_RWD_7_4_SUV_isq.jpg,suv
data/processed/car_sizes/suv/Honda_Pilot_2015_32_18_250_35_6_78_70_191_18_FWD_8_4_SUV_SQm.jpg,suv
data/processed/car_sizes/suv/Mitsubishi_Outlander_2014_22_16_160_24_4_70_66_183_25_FWD_7_4_SUV_jEJ.jpg,suv
data/processed/car_sizes/truck/Ford_Ranger_2007_16_15_140_23_4_69_66_nan_24_RWD_2_2_Pickup_ZKb.jpg,truck
data/processed/car_sizes/compact/Audi_R8_2015_175_19_520_52_10_75_49_174_13_AWD_2_2_Convertible_cqW.jpg,compact
data/processed/car_sizes/suv/Volvo_XC90_2019_50_18_250_20_4_79_69_194_20_AWD_7_4_SUV_llM.jpg,suv
data/processed/car_sizes/midsize/Kia_Forte_2016_19_17_170_20_4_70_56_179_24_FWD_5_4_4dr_YQZ.jpg,midsize
data/processed/car_sizes/suv/Jeep_Wrangler_2011_28_18_200_38_6_73_- _152_15_4WD_4_2_SUV_jkx.jpg,suv
data/processed/car_sizes/suv/Volkswagen_Tiguan_2011_24_16_200_20_4_71_66_174_20_FWD_5_4_SUV_nSk.jpg,suv
data/processed/car_sizes/suv/Honda_Pilot_2019_34_18_280_35_6_78_70_196_19_FWD_8_4_SUV_Yyd.jpg,suv
data/processed/car_sizes/suv/Porsche_Cayenne_2014_56_18_240_30_6_76_67_190_20_AWD_5_4_SUV_uaK.jpg,suv
data/processed/car_sizes/truck/Nissan_Titan_2015_32_18_310_56_8_79_74_224_13_RWD_6_4_Pickup_dFA.jpg,truck
data/processed/car_sizes/truck/Toyota_Tundra_2017_50_20_380_57_8_79_76_nan_13_4WD_5_4_Pickup_eSG.jpg,truck
data/processed/car_sizes/suv/Lincoln_Aviator_2003_39_17_300_46_8_73_70_193_13_RWD_6_4_SUV_bxV.jpg,suv
data/processed/car_sizes/suv/Chevrolet_Traverse_2017_33_17_280_36_6_78_69_203_15_AWD_8_4_SUV_bLS.jpg,suv
data/processed/car_sizes/suv/Mitsubishi_Outlander_2014_22_16_160_24_4_70_66_183_25_FWD_7_4_SUV_acE.jpg,suv
data/processed/car_sizes/truck/Kia_Sedona_2010_28_17_240_38_6_78_69_202_17_FWD_7_4_Van_WIT.jpg,truck
data/processed/car_sizes/suv/Mitsubishi_Outlander_2014_22_16_160_24_4_70_66_183_25_FWD_7_4_SUV_fiJ.jpg,suv
data/processed/car_sizes/suv/Honda_Pilot_2019_34_18_280_35_6_78_70_196_19_FWD_8_4_SUV_dfh.jpg,suv
data/processed/car_sizes/truck/Toyota_Tacoma_2012_20_15_150_27_4_72_66_nan_19_RWD_4_2_Pickup_euB.jpg,truck
data/processed/car_sizes/suv/Cadillac_Escalade_2014_63_18_400_62_8_79_75_nan_14_RWD_7_4_SUV_ECI.jpg,suv
data/processed/car_sizes/suv/Toyota_Highlander_2016_33_18_270_35_6_75_68_191_18_AWD_8_4_SUV_DgK.jpg,suv
data/processed/car_sizes/midsize/Toyota_Corolla_2015_17_15_130_18_4_69_57_182_27_FWD_5_4_4dr_DeP.jpg,midsize
data/processed/car_sizes/midsize/Nissan_Versa_2014_12_15_100_16_4_66_59_175_26_FWD_5_4_4dr_lDX.jpg,midsize
data/processed/car_sizes/truck/Toyota_Sienna_2017_29_17_290_35_6_78_68_200_19_FWD_7_4_Van_Ssf.jpg,truck
data/processed/car_sizes/full/Porsche_Panamera_2020_103_21_330_30_6_76_56_198_19_RWD_4_4_4dr_esi.jpg,full
data/processed/car_sizes/truck/Volkswagen_Golf_2012_25_18_200_20_4_70_57_165_24_FWD_5_2_2dr_ipG.jpg,truck
data/processed/car_sizes/suv/Honda_Pilot_2019_34_18_280_35_6_78_70_196_19_FWD_8_4_SUV_UFN.jpg,suv
data/processed/car_sizes/full/Toyota_Camry_2017_26_16_200_25_4_71_57_190_42_FWD_5_4_4dr_fyR.jpg,full
data/processed/car_sizes/suv/Audi_Q5_2012_35_18_210_20_4_74_65_182_20_AWD_5_4_SUV_QRK.jpg,suv
data/processed/car_sizes/midsize/Chevrolet_Malibu_2015_22_16_190_25_4_73_57_191_25_FWD_5_4_4dr_aFm.jpg,midsize
data/processed/car_sizes/suv/Nissan_Pathfinder_2013_39_20_260_35_6_77_70_197_20_FWD_7_4_SUV_XJd.jpg,suv
data/processed/car_sizes/suv/BMW_X6_2019_63_19_300_30_6_78_67_193_18_RWD_5_4_SUV_kLR.jpg,suv
data/processed/car_sizes/truck/Honda_Ridgeline_2008_28_17_240_35_6_76_70_206_15_4WD_5_4_Pickup_vMP.jpg,truck
data/processed/car_sizes/midsize/Buick_Regal_2015_27_18_180_24_nan_73_58_190_19_FWD_5_4_4dr_tqh.jpg,midsize
data/processed/car_sizes/suv/Toyota_Highlander_2013_31_17_270_35_6_75_68_188_17_4WD_7_4_SUV_Pld.jpg,suv
data/processed/car_sizes/suv/Hyundai_Santa Fe_2015_31_18_290_33_6_74_66_193_18_AWD_7_4_SUV_kcn.jpg,suv
data/processed/car_sizes/suv/Honda_CR-V_2012_24_17_180_24_4_71_65_178_23_FWD_5_4_SUV_DMZ.jpg,suv
data/processed/car_sizes/suv/Jeep_Compass_2017_21_18_170_24_4_71_65_175_20_4WD_5_4_SUV_Wzv.jpg,suv
data/processed/car_sizes/suv/BMW_X6_2012_59_19_300_30_6_78_66_192_16_AWD_4_4_SUV_nbY.jpg,suv
data/processed/car_sizes/midsize/Subaru_Impreza_2016_19_15_140_20_4_68_57_180_28_AWD_5_4_4dr_YXE.jpg,midsize
data/processed/car_sizes/suv/Honda_CR-V_2016_26_17_180_24_4_71_64_179_26_FWD_5_4_SUV_ykJ.jpg,suv
data/processed/car_sizes/suv/Lexus_RX_2015_42_18_270_35_6_74_66_187_18_AWD_5_4_SUV_hlD.jpg,suv
data/processed/car_sizes/truck/Honda_Ridgeline_2008_28_17_240_35_6_76_70_206_15_4WD_5_4_Pickup_TCI.jpg,truck
data/processed/car_sizes/suv/Toyota_Highlander_2016_33_18_270_35_6_75_68_191_18_AWD_8_4_SUV_vmO.jpg,suv
data/processed/car_sizes/truck/Kia_Sedona_2010_28_17_240_38_6_78_69_202_17_FWD_7_4_Van_bDv.jpg,truck
data/processed/car_sizes/suv/Toyota_RAV4_2012_24_16_170_25_4_71_66_181_21_4WD_5_4_SUV_xOz.jpg,suv
data/processed/car_sizes/suv/Jeep_Wrangler_2017_30_17_280_36_6_73_72_164_17_4WD_4_2_SUV_pzU.jpg,suv
data/processed/car_sizes/suv/Jeep_Compass_2011_20_17_170_24_4_69_65_173_22_4WD_5_4_SUV_lAA.jpg,suv
data/processed/car_sizes/suv/Jeep_Wrangler_2011_28_18_200_38_6_73_- _152_15_4WD_4_2_SUV_nGJ.jpg,suv
data/processed/car_sizes/truck/Honda_Ridgeline_2008_28_17_240_35_6_76_70_206_15_4WD_5_4_Pickup_HzE.jpg,truck
data/processed/car_sizes/suv/BMW_X6_2019_63_19_300_30_6_78_67_193_18_RWD_5_4_SUV_LFF.jpg,suv
data/processed/car_sizes/truck/Honda_Ridgeline_2008_28_17_240_35_6_76_70_206_15_4WD_5_4_Pickup_BRl.jpg,truck
data/processed/car_sizes/full/Toyota_Camry_2017_26_16_200_25_4_71_57_190_42_FWD_5_4_4dr_onL.jpg,full
data/processed/car_sizes/suv/Chevrolet_Tahoe_2013_40_17_320_53_8_79_76_nan_15_RWD_9_4_SUV_yBw.jpg,suv
data/processed/car_sizes/midsize/Chevrolet_Malibu_2013_24_17_180_24_4_73_57_191_25_FWD_5_4_4dr_vZa.jpg,midsize
data/processed/car_sizes/suv/Subaru_Forester_2011_21_16_170_25_4_70_65_179_21_AWD_5_4_SUV_yIb.jpg,suv
data/processed/car_sizes/compact/Audi_R8_2015_175_19_520_52_10_75_49_174_13_AWD_2_2_Convertible_Vda.jpg,compact
data/processed/car_sizes/suv/Kia_Sorento_2015_24_17_190_24_4_74_66_184_20_FWD_5_4_SUV_LMg.jpg,suv
data/processed/car_sizes/suv/Toyota_Highlander_2013_31_17_270_35_6_75_68_188_17_4WD_7_4_SUV_gow.jpg,suv
data/processed/car_sizes/truck/Ford_Ranger_2007_16_15_140_23_4_69_66_nan_24_RWD_2_2_Pickup_ksJ.jpg,truck
data/processed/car_sizes/suv/BMW_X5_2013_56_18_260_30_6_76_69_191_nan_AWD_5_4_SUV_Nng.jpg,suv
data/processed/car_sizes/suv/Nissan_Pathfinder_2013_39_20_260_35_6_77_70_197_20_FWD_7_4_SUV_QEu.jpg,suv
data/processed/car_sizes/truck/Nissan_Titan_2015_32_18_310_56_8_79_74_224_13_RWD_6_4_Pickup_TJq.jpg,truck
data/processed/car_sizes/truck/Ford_Ranger_2009_20_15_200_40_6_69_66_nan_15_RWD_3_2_Pickup_wRU.jpg,truck
data/processed/car_sizes/suv/Nissan_Murano_2016_40_20_260_35_6_75_66_192_21_AWD_5_4_SUV_iUG.jpg,suv
data/processed/car_sizes/midsize/Chevrolet_Malibu_2011_21_17_160_24_4_70_57_191_22_FWD_5_4_4dr_dRe.jpg,midsize
data/processed/car_sizes/suv/Hyundai_Tucson_2015_23_17_160_20_4_71_65_173_21_AWD_5_4_SUV_BAQ.jpg,suv
data/processed/car_sizes/midsize/Honda_Civic_2012_16_15_140_18_4_69_55_176_nan_FWD_5_2_2dr_gFE.jpg,midsize
data/processed/car_sizes/midsize/Audi_A4_2015_37_17_220_20_4_71_56_185_22_AWD_5_4_4dr_TGu.jpg,midsize
data/processed/car_sizes/midsize/Audi_A5_2019_51_18_240_20_4_72_54_184_23_AWD_4_2_Convertible_dQx.jpg,midsize
data/processed/car_sizes/midsize/Chevrolet_Malibu_2015_22_16_190_25_4_73_57_191_25_FWD_5_4_4dr_xFW.jpg,midsize
data/processed/car_sizes/suv/Jeep_Renegade_2015_23_16_160_14_4_74_66_166_24_4WD_5_4_SUV_BSX.jpg,suv
data/processed/car_sizes/suv/Hyundai_Santa Fe_2015_31_18_290_33_6_74_66_193_18_AWD_7_4_SUV_hNU.jpg,suv
data/processed/car_sizes/truck/Toyota_Tundra_2013_27_18_270_40_6_79_75_nan_16_RWD_6_4_Pickup_DwP.jpg,truck
data/processed/car_sizes/suv/Chevrolet_Tahoe_2013_40_17_320_53_8_79_76_nan_15_RWD_9_4_SUV_NtG.jpg,suv
data/processed/car_sizes/midsize/Nissan_Versa_2014_12_15_100_16_4_66_59_175_26_FWD_5_4_4dr_lgt.jpg,midsize
data/processed/car_sizes/truck/Ford_Ranger_2009_20_15_200_40_6_69_66_nan_15_RWD_3_2_Pickup_caF.jpg,truck
data/processed/car_sizes/full/Porsche_Panamera_2016_78_18_310_36_6_76_55_197_18_RWD_4_4_4dr_JLR.jpg,full
data/processed/car_sizes/truck/Ford_Ranger_2007_16_15_140_23_4_69_66_nan_24_RWD_2_2_Pickup_KcM.jpg,truck
data/processed/car_sizes/full/Jaguar_XF_2011_52_18_380_50_8_75_57_195_16_RWD_5_4_4dr_Agn.jpg,full
data/processed/car_sizes/compact/Jaguar_F-Type_2017_66_18_340_30_6_75_51_176_20_RWD_2_2_Convertible_DVZ.jpg,compact
data/processed/car_sizes/suv/Porsche_Cayenne_2014_56_18_240_30_6_76_67_190_20_AWD_5_4_SUV_Pxw.jpg,suv
data/processed/car_sizes/suv/BMW_X3_2017_40_18_240_20_4_74_66_183_21_RWD_5_4_SUV_gyE.jpg,suv
data/processed/car_sizes/suv/Nissan_Pathfinder_2013_39_20_260_35_6_77_70_197_20_FWD_7_4_SUV_QgZ.jpg,suv
data/processed/car_sizes/suv/Nissan_Pathfinder_2013_39_20_260_35_6_77_70_197_20_FWD_7_4_SUV_eZc.jpg,suv
data/processed/car_sizes/midsize/Chevrolet_Malibu_2011_21_17_160_24_4_70_57_191_22_FWD_5_4_4dr_eHx.jpg,midsize
data/processed/car_sizes/truck/Toyota_Sienna_2017_29_17_290_35_6_78_68_200_19_FWD_7_4_Van_kgz.jpg,truck
data/processed/car_sizes/suv/Volvo_XC90_2019_50_18_250_20_4_79_69_194_20_AWD_7_4_SUV_LyP.jpg,suv
data/processed/car_sizes/full/Porsche_Panamera_2020_103_21_330_30_6_76_56_198_19_RWD_4_4_4dr_zdf.jpg,full
data/processed/car_sizes/compact/Hyundai_Accent_2017_16_14_130_16_4_66_57_162_26_FWD_5_4_4dr_qlR.jpg,compact
data/processed/car_sizes/midsize/Chevrolet_Malibu_2011_21_17_160_24_4_70_57_191_22_FWD_5_4_4dr_sXP.jpg,midsize
data/processed/car_sizes/truck/Toyota_Tundra_2017_50_20_380_57_8_79_76_nan_13_4WD_5_4_Pickup_FJy.jpg,truck
data/processed/car_sizes/suv/BMW_X6_2019_63_19_300_30_6_78_67_193_18_RWD_5_4_SUV_sau.jpg,suv
data/processed/car_sizes/truck/Volkswagen_Golf_2012_25_18_200_20_4_70_57_165_24_FWD_5_2_2dr_xht.jpg,truck
data/processed/car_sizes/midsize/Toyota_Corolla_2015_17_15_130_18_4_69_57_182_27_FWD_5_4_4dr_fAc.jpg,midsize
data/processed/car_sizes/midsize/Kia_Forte_2019_21_17_140_20_4_70_56_182_30_FWD_5_4_4dr_woV.jpg,midsize
data/processed/car_sizes/suv/Ford_Escape_2012_32_16_170_25_4_71_67_174_30_4WD_5_4_SUV_VUl.jpg,suv
data/processed/car_sizes/suv/Lexus_RX_2012_40_18_270_35_6_74_67_187_18_AWD_5_4_SUV_Vcq.jpg,suv
data/processed/car_sizes/suv/Honda_Pilot_2019_34_18_280_35_6_78_70_196_19_FWD_8_4_SUV_pUc.jpg,suv
data/processed/car_sizes/full/Jaguar_XF_2011_52_18_380_50_8_75_57_195_16_RWD_5_4_4dr_yjd.jpg,full
data/processed/car_sizes/suv/Volvo_XC90_2019_50_18_250_20_4_79_69_194_20_AWD_7_4_SUV_nJx.jpg,suv
data/processed/car_sizes/full/Cadillac_XTS_2012_nan_nan_nan_nan_nan_nan_nan_nan_nan_nan_nan_nan_nan_mlH.jpg,full
data/processed/car_sizes/suv/Cadillac_Escalade_2014_63_18_400_62_8_79_75_nan_14_RWD_7_4_SUV_END.jpg,suv
data/processed/car_sizes/midsize/Subaru_Legacy_2012_20_16_170_25_4_71_59_186_23_AWD_5_4_4dr_etF.jpg,midsize
data/processed/car_sizes/truck/Toyota_Tundra_2013_27_18_270_40_6_79_75_nan_16_RWD_6_4_Pickup_Mtn.jpg,truck
data/processed/car_sizes/midsize/Audi_A4_2015_37_17_220_20_4_71_56_185_22_AWD_5_4_4dr_vgN.jpg,midsize
data/processed/car_sizes/suv/Porsche_Cayenne_2014_56_18_240_30_6_76_67_190_20_AWD_5_4_SUV_vkg.jpg,suv
data/processed/car_sizes/full/Porsche_Panamera_2020_103_21_330_30_6_76_56_198_19_RWD_4_4_4dr_UjD.jpg,full
data/processed/car_sizes/suv/Jeep_Compass_2011_20_17_170_24_4_69_65_173_22_4WD_5_4_SUV_csN.jpg,suv
data/processed/car_sizes/suv/Lexus_RX_2015_42_18_270_35_6_74_66_187_18_AWD_5_4_SUV_HtV.jpg,suv
data/processed/car_sizes/suv/Cadillac_Escalade_2014_63_18_400_62_8_79_75_nan_14_RWD_7_4_SUV_Bsl.jpg,suv
data/processed/car_sizes/truck/Toyota_Sienna_2017_29_17_290_35_6_78_68_200_19_FWD_7_4_Van_ckY.jpg,truck
data/processed/car_sizes/truck/Ford_Ranger_2009_20_15_200_40_6_69_66_nan_15_RWD_3_2_Pickup_qvI.jpg,truck
data/processed/car_sizes/compact/Audi_R8_2015_175_19_520_52_10_75_49_174_13_AWD_2_2_Convertible_qxg.jpg,compact
data/processed/car_sizes/truck/Kia_Sedona_2010_28_17_240_38_6_78_69_202_17_FWD_7_4_Van_qvF.jpg,truck
data/processed/car_sizes/suv/BMW_X6_2019_63_19_300_30_6_78_67_193_18_RWD_5_4_SUV_RCn.jpg,suv
data/processed/car_sizes/suv/BMW_X6_2019_63_19_300_30_6_78_67_193_18_RWD_5_4_SUV_DPQ.jpg,suv
data/processed/car_sizes/midsize/Nissan_Sentra_2019_25_18_180_16_4_69_58_183_25_FWD_5_4_4dr_aYF.jpg,midsize
data/processed/car_sizes/suv/Land Rover_Range Rover Evoque_2015_57_20_240_20_4_74_63_171_21_4WD_5_2_SUV_XjY.jpg,suv
data/processed/car_sizes/suv/Chevrolet_TrailBlazer_2005_28_17_270_42_6_74_75_nan_15_RWD_7_4_SUV_Bfl.jpg,suv
data/processed/car_sizes/suv/Ford_Edge_2011_36_18_280_35_6_76_67_184_18_AWD_5_4_4dr_knt.jpg,suv
data/processed/car_sizes/suv/BMW_X6_2019_63_19_300_30_6_78_67_193_18_RWD_5_4_SUV_PLM.jpg,suv
data/processed/car_sizes/compact/Hyundai_Accent_2017_16_14_130_16_4_66_57_162_26_FWD_5_4_4dr_AXa.jpg,compact
data/processed/car_sizes/truck/Ford_Ranger_2007_16_15_140_23_4_69_66_nan_24_RWD_2_2_Pickup_KRz.jpg,truck
data/processed/car_sizes/suv/Chevrolet_Tahoe_2013_40_17_320_53_8_79_76_nan_15_RWD_9_4_SUV_XIc.jpg,suv
data/processed/car_sizes/suv/Kia_Sorento_2017_33_18_240_20_4_74_66_187_19_AWD_5_4_SUV_DRi.jpg,suv
data/processed/car_sizes/suv/Honda_Pilot_2019_34_18_280_35_6_78_70_196_19_FWD_8_4_SUV_Mgc.jpg,suv
data/processed/car_sizes/suv/Land Rover_Range Rover_2012_79_19_380_50_8_80_73_195_12_4WD_5_4_SUV_BrD.jpg,suv
data/processed/car_sizes/suv/BMW_X3_2017_40_18_240_20_4_74_66_183_21_RWD_5_4_SUV_hLa.jpg,suv
data/processed/car_sizes/suv/BMW_X6_2014_60_19_300_30_6_78_66_192_17_AWD_4_4_SUV_GcS.jpg,suv
data/processed/car_sizes/full/Jaguar_XJ_2015_77_19_340_30_6_74_57_201_16_AWD_5_4_4dr_fNH.jpg,full
data/processed/car_sizes/suv/Honda_Pilot_2011_31_17_250_35_6_78_72_190_17_FWD_8_4_SUV_oXQ.jpg,suv
data/processed/car_sizes/compact/Hyundai_Accent_2017_16_14_130_16_4_66_57_162_26_FWD_5_4_4dr_oWl.jpg,compact
data/processed/car_sizes/suv/Hyundai_Santa Fe_2012_24_17_170_24_4_74_67_184_20_AWD_5_4_SUV_uYM.jpg,suv
data/processed/car_sizes/suv/Jeep_Wrangler_2017_30_17_280_36_6_73_72_164_17_4WD_4_2_SUV_KEL.jpg,suv
data/processed/car_sizes/suv/Jeep_Renegade_2015_23_16_160_14_4_74_66_166_24_4WD_5_4_SUV_wva.jpg,suv
data/processed/car_sizes/suv/Hyundai_Santa Fe_2015_31_18_290_33_6_74_66_193_18_AWD_7_4_SUV_syL.jpg,suv
data/processed/car_sizes/suv/Kia_Sportage_2014_25_18_180_24_4_73_64_174_nan_FWD_5_4_SUV_NPZ.jpg,suv
data/processed/car_sizes/suv/Hyundai_Tucson_2015_23_17_160_20_4_71_65_173_21_AWD_5_4_SUV_yuS.jpg,suv
data/processed/car_sizes/suv/Nissan_Pathfinder_2013_39_20_260_35_6_77_70_197_20_FWD_7_4_SUV_vib.jpg,suv
data/processed/car_sizes/truck/Toyota_Tacoma_2012_20_15_150_27_4_72_66_nan_19_RWD_4_2_Pickup_QgT.jpg,truck
data/processed/car_sizes/midsize/Honda_Civic_2012_16_15_140_18_4_69_55_176_nan_FWD_5_2_2dr_rbv.jpg,midsize
data/processed/car_sizes/suv/Ford_Edge_2011_36_18_280_35_6_76_67_184_18_AWD_5_4_4dr_tut.jpg,suv
data/processed/car_sizes/suv/Hyundai_Tucson_2015_23_17_160_20_4_71_65_173_21_AWD_5_4_SUV_Nic.jpg,suv
data/processed/car_sizes/suv/Honda_Pilot_2019_34_18_280_35_6_78_70_196_19_FWD_8_4_SUV_vSt.jpg,suv
data/processed/car_sizes/compact/Audi_R8_2012_136_19_430_42_8_75_49_174_13_AWD_2_2_Convertible_xnW.jpg,compact
data/processed/car_sizes/suv/Ford_Explorer_2019_34_18_290_35_6_78_70_198_16_4WD_7_4_SUV_TSg.jpg,suv
data/processed/car_sizes/suv/Toyota_Highlander_2016_33_18_270_35_6_75_68_191_18_AWD_8_4_SUV_mWT.jpg,suv
data/processed/car_sizes/compact/Audi_R8_2015_175_19_520_52_10_75_49_174_13_AWD_2_2_Convertible_fyf.jpg,compact
data/processed/car_sizes/compact/Nissan_370Z_2012_33_18_330_37_6_72_51_167_19_RWD_2_2_2dr_Yzs.jpg,compact
data/processed/car_sizes/suv/Ford_Edge_2011_36_18_280_35_6_76_67_184_18_AWD_5_4_4dr_FjA.jpg,suv
data/processed/car_sizes/suv/Jeep_Compass_2011_20_17_170_24_4_69_65_173_22_4WD_5_4_SUV_TqC.jpg,suv
data/processed/car_sizes/truck/Ford_Ranger_2009_20_15_200_40_6_69_66_nan_15_RWD_3_2_Pickup_cok.jpg,truck
data/processed/car_sizes/full/Porsche_Panamera_2016_78_18_310_36_6_76_55_197_18_RWD_4_4_4dr_LGj.jpg,full
data/processed/car_sizes/suv/Mazda_CX-5_2017_30_19_180_25_4_72_65_179_23_AWD_5_4_SUV_Fsi.jpg,suv
data/processed/car_sizes/suv/Honda_Pilot_2019_34_18_280_35_6_78_70_196_19_FWD_8_4_SUV_koB.jpg,suv
data/processed/car_sizes/midsize/Audi_A5_2019_51_18_240_20_4_72_54_184_23_AWD_4_2_Convertible_YOK.jpg,midsize
data/processed/car_sizes/suv/Volvo_XC90_2019_50_18_250_20_4_79_69_194_20_AWD_7_4_SUV_OYE.jpg,suv
data/processed/car_sizes/truck/Toyota_Tundra_2017_50_20_380_57_8_79_76_nan_13_4WD_5_4_Pickup_zea.jpg,truck
data/processed/car_sizes/suv/Honda_Passport_1997_26_16_190_32_6_68_66_176_15_RWD_5_4_SUV_CcW.jpg,suv
data/processed/car_sizes/midsize/Nissan_Versa_2014_12_15_100_16_4_66_59_175_26_FWD_5_4_4dr_yjg.jpg,midsize
data/processed/car_sizes/truck/Honda_Ridgeline_2008_28_17_240_35_6_76_70_206_15_4WD_5_4_Pickup_ZPc.jpg,truck
data/processed/car_sizes/suv/BMW_X3_2017_40_18_240_20_4_74_66_183_21_RWD_5_4_SUV_HkL.jpg,suv
data/processed/car_sizes/suv/Ford_Explorer_2015_32_18_290_35_6_78_71_197_17_4WD_7_4_SUV_tSA.jpg,suv
data/processed/car_sizes/suv/Jeep_Wrangler_2011_28_18_200_38_6_73_- _152_15_4WD_4_2_SUV_BWM.jpg,suv
data/processed/car_sizes/suv/Ford_Edge_2011_36_18_280_35_6_76_67_184_18_AWD_5_4_4dr_qNB.jpg,suv
data/processed/car_sizes/midsize/Chevrolet_Malibu_2011_21_17_160_24_4_70_57_191_22_FWD_5_4_4dr_XXX.jpg,midsize
data/processed/car_sizes/midsize/Audi_A4_2015_37_17_220_20_4_71_56_185_22_AWD_5_4_4dr_Ulm.jpg,midsize
data/processed/car_sizes/midsize/Honda_Civic_2012_16_15_140_18_4_69_55_176_nan_FWD_5_2_2dr_DKX.jpg,midsize
data/processed/car_sizes/midsize/Nissan_Versa_2014_12_15_100_16_4_66_59_175_26_FWD_5_4_4dr_mRi.jpg,midsize
data/processed/car_sizes/suv/Ford_Expedition_2017_60_20_360_35_6_78_77_206_15_RWD_8_4_SUV_Ohx.jpg,suv
data/processed/car_sizes/midsize/Audi_A5_2019_51_18_240_20_4_72_54_184_23_AWD_4_2_Convertible_gBG.jpg,midsize
data/processed/car_sizes/compact/Kia_Rio_2020_15_15_120_16_4_67_57_172_33_FWD_5_4_4dr_kNf.jpg,compact
data/processed/car_sizes/suv/Nissan_Murano_2016_40_20_260_35_6_75_66_192_21_AWD_5_4_SUV_CSu.jpg,suv
data/processed/car_sizes/suv/Lexus_RX_2012_40_18_270_35_6_74_67_187_18_AWD_5_4_SUV_PdQ.jpg,suv
data/processed/car_sizes/suv/Honda_Pilot_2011_31_17_250_35_6_78_72_190_17_FWD_8_4_SUV_bbe.jpg,suv
data/processed/car_sizes/suv/Volvo_XC60_2017_42_18_240_20_4_74_67_182_nan_AWD_5_4_SUV_ETO.jpg,suv
data/processed/car_sizes/midsize/Chevrolet_Malibu_2011_21_17_160_24_4_70_57_191_22_FWD_5_4_4dr_buv.jpg,midsize
data/processed/car_sizes/truck/Kia_Sedona_2010_28_17_240_38_6_78_69_202_17_FWD_7_4_Van_LPc.jpg,truck
data/processed/car_sizes/suv/Porsche_Cayenne_2014_56_18_240_30_6_76_67_190_20_AWD_5_4_SUV_fBE.jpg,suv
data/processed/car_sizes/suv/Honda_Pilot_2011_31_17_250_35_6_78_72_190_17_FWD_8_4_SUV_LqR.jpg,suv
data/processed/car_sizes/suv/Honda_Pilot_2019_34_18_280_35_6_78_70_196_19_FWD_8_4_SUV_LfB.jpg,suv
data/processed/car_sizes/suv/Jeep_Wrangler_2011_28_18_200_38_6_73_- _152_15_4WD_4_2_SUV_EPr.jpg,suv
data/processed/car_sizes/suv/BMW_X5_2013_56_18_260_30_6_76_69_191_nan_AWD_5_4_SUV_vmy.jpg,suv
data/processed/car_sizes/suv/Chevrolet_Traverse_2012_31_17_280_36_6_78_70_205_16_AWD_8_4_SUV_lpk.jpg,suv
data/processed/car_sizes/suv/Toyota_Highlander_2013_31_17_270_35_6_75_68_188_17_4WD_7_4_SUV_DDW.jpg,suv
data/processed/car_sizes/suv/Chevrolet_Traverse_2012_31_17_280_36_6_78_70_205_16_AWD_8_4_SUV_lvE.jpg,suv
data/processed/car_sizes/midsize/Subaru_Legacy_2012_20_16_170_25_4_71_59_186_23_AWD_5_4_4dr_vGH.jpg,midsize
data/processed/car_sizes/suv/Land Rover_Range Rover Sport_2017_72_20_250_30_6_78_70_191_22_4WD_5_4_SUV_rCh.jpg,suv
data/processed/car_sizes/suv/BMW_X1_2015_33_17_240_20_4_70_60_176_22_AWD_5_4_SUV_AUT.jpg,suv
data/processed/car_sizes/truck/Nissan_Titan_2015_32_18_310_56_8_79_74_224_13_RWD_6_4_Pickup_jiJ.jpg,truck
data/processed/car_sizes/suv/Ford_Escape_2012_32_16_170_25_4_71_67_174_30_4WD_5_4_SUV_dLG.jpg,suv
data/processed/car_sizes/compact/Hyundai_Accent_2017_16_14_130_16_4_66_57_162_26_FWD_5_4_4dr_jqV.jpg,compact
data/processed/car_sizes/compact/Toyota_Yaris_2017_16_15_100_15_4_66_59_155_30_FWD_5_2_2dr_MHc.jpg,compact
data/processed/car_sizes/suv/Land Rover_Range Rover_2017_94_20_250_30_6_78_72_196_22_4WD_5_4_SUV_exP.jpg,suv
data/processed/car_sizes/suv/Volvo_XC90_2019_50_18_250_20_4_79_69_194_20_AWD_7_4_SUV_ivY.jpg,suv
data/processed/car_sizes/suv/Toyota_RAV4_2015_25_17_170_25_4_72_65_179_22_AWD_5_4_SUV_oCB.jpg,suv
data/processed/car_sizes/truck/Volkswagen_Golf_2012_25_18_200_20_4_70_57_165_24_FWD_5_2_2dr_ujr.jpg,truck
data/processed/car_sizes/truck/Toyota_Tundra_2017_50_20_380_57_8_79_76_nan_13_4WD_5_4_Pickup_wPH.jpg,truck
data/processed/car_sizes/suv/Chevrolet_Traverse_2017_33_17_280_36_6_78_69_203_15_AWD_8_4_SUV_HQb.jpg,suv
data/processed/car_sizes/compact/Kia_Rio_2020_15_15_120_16_4_67_57_172_33_FWD_5_4_4dr_yrJ.jpg,compact
data/processed/car_sizes/suv/Ford_Explorer_2015_32_18_290_35_6_78_71_197_17_4WD_7_4_SUV_Qyk.jpg,suv
data/processed/car_sizes/midsize/Toyota_Corolla_2015_17_15_130_18_4_69_57_182_27_FWD_5_4_4dr_iIG.jpg,midsize
data/processed/car_sizes/compact/Audi_R8_2012_136_19_430_42_8_75_49_174_13_AWD_2_2_Convertible_cGW.jpg,compact
data/processed/car_sizes/truck/Toyota_Tacoma_2012_20_15_150_27_4_72_66_nan_19_RWD_4_2_Pickup_tXl.jpg,truck
data/processed/car_sizes/suv/Ford_Escape_2012_32_16_170_25_4_71_67_174_30_4WD_5_4_SUV_cVm.jpg,suv
data/processed/car_sizes/midsize/Audi_A5_2019_51_18_240_20_4_72_54_184_23_AWD_4_2_Convertible_sfJ.jpg,midsize
data/processed/car_sizes/suv/Mazda_CX-9_2016_41_20_220_25_4_77_67_199_21_AWD_7_4_SUV_XQR.jpg,suv
data/processed/car_sizes/midsize/Honda_Civic_2012_16_15_140_18_4_69_55_176_nan_FWD_5_2_2dr_FCV.jpg,midsize
data/processed/car_sizes/compact/Kia_Rio_2020_15_15_120_16_4_67_57_172_33_FWD_5_4_4dr_Ykm.jpg,compact
data/processed/car_sizes/compact/Kia_Rio_2020_15_15_120_16_4_67_57_172_33_FWD_5_4_4dr_WIX.jpg,compact
data/processed/car_sizes/suv/Chevrolet_Tahoe_2013_40_17_320_53_8_79_76_nan_15_RWD_9_4_SUV_lcw.jpg,suv
data/processed/car_sizes/full/Porsche_Panamera_2020_103_21_330_30_6_76_56_198_19_RWD_4_4_4dr_fJW.jpg,full
data/processed/car_sizes/truck/Honda_Ridgeline_2008_28_17_240_35_6_76_70_206_15_4WD_5_4_Pickup_LOT.jpg,truck
data/processed/car_sizes/suv/Ford_Edge_2011_36_18_280_35_6_76_67_184_18_AWD_5_4_4dr_efg.jpg,suv
data/processed/car_sizes/compact/Audi_TT_2014_39_18_210_20_4_72_53_165_22_AWD_4_2_2dr_yqN.jpg,compact
data/processed/car_sizes/truck/Honda_Ridgeline_2008_28_17_240_35_6_76_70_206_15_4WD_5_4_Pickup_CZP.jpg,truck
data/processed/car_sizes/midsize/Audi_A4_2015_37_17_220_20_4_71_56_185_22_AWD_5_4_4dr_vbQ.jpg,midsize
data/processed/car_sizes/suv/Ford_Escape_2012_32_16_170_25_4_71_67_174_30_4WD_5_4_SUV_qUe.jpg,suv
data/processed/car_sizes/truck/Honda_Ridgeline_2008_28_17_240_35_6_76_70_206_15_4WD_5_4_Pickup_ozl.jpg,truck
data/processed/car_sizes/truck/Kia_Sedona_2010_28_17_240_38_6_78_69_202_17_FWD_7_4_Van_RuA.jpg,truck
data/processed/car_sizes/midsize/Nissan_Versa_2014_12_15_100_16_4_66_59_175_26_FWD_5_4_4dr_KMC.jpg,midsize
data/processed/car_sizes/midsize/Nissan_Versa_2014_12_15_100_16_4_66_59_175_26_FWD_5_4_4dr_QFS.jpg,midsize
data/processed/car_sizes/midsize/Subaru_Legacy_2012_20_16_170_25_4_71_59_186_23_AWD_5_4_4dr_vfq.jpg,midsize
data/processed/car_sizes/truck/Volkswagen_Golf_2012_25_18_200_20_4_70_57_165_24_FWD_5_2_2dr_aDT.jpg,truck
data/processed/car_sizes/suv/Land Rover_Range Rover_2017_94_20_250_30_6_78_72_196_22_4WD_5_4_SUV_ZsK.jpg,suv
data/processed/car_sizes/midsize/Toyota_Corolla_2015_17_15_130_18_4_69_57_182_27_FWD_5_4_4dr_xyX.jpg,midsize
data/processed/car_sizes/suv/Jeep_Compass_2013_23_17_170_24_4_69_65_173_21_4WD_5_4_SUV_Eig.jpg,suv
data/processed/car_sizes/suv/Toyota_Highlander_2013_31_17_270_35_6_75_68_188_17_4WD_7_4_SUV_suI.jpg,suv
data/processed/car_sizes/suv/Lincoln_Aviator_2003_39_17_300_46_8_73_70_193_13_RWD_6_4_SUV_cRV.jpg,suv
data/processed/car_sizes/suv/Kia_Sportage_2014_25_18_180_24_4_73_64_174_nan_FWD_5_4_SUV_avn.jpg,suv
data/processed/car_sizes/suv/Jeep_Wrangler_2011_28_18_200_38_6_73_- _152_15_4WD_4_2_SUV_OCs.jpg,suv
data/processed/car_sizes/truck/Honda_Odyssey_2011_31_17_240_35_6_79_68_202_18_FWD_8_4_Van_rFC.jpg,truck
data/processed/car_sizes/suv/Land Rover_Range Rover_2017_94_20_250_30_6_78_72_196_22_4WD_5_4_SUV_zsH.jpg,suv
data/processed/car_sizes/truck/Toyota_Tundra_2017_50_20_380_57_8_79_76_nan_13_4WD_5_4_Pickup_jSg.jpg,truck
data/processed/car_sizes/truck/Volkswagen_Golf_2012_25_18_200_20_4_70_57_165_24_FWD_5_2_2dr_bdZ.jpg,truck
data/processed/car_sizes/suv/Audi_Q5_2012_35_18_210_20_4_74_65_182_20_AWD_5_4_SUV_IHo.jpg,suv
data/processed/car_sizes/suv/Mitsubishi_Outlander_2015_23_16_160_24_4_70_66_183_25_FWD_7_4_SUV_Cmg.jpg,suv
data/processed/car_sizes/suv/Jeep_Grand Cherokee_2013_29_17_290_36_6_76_69_189_16_4WD_5_4_SUV_tDo.jpg,suv
data/processed/car_sizes/suv/Toyota_Highlander_2013_31_17_270_35_6_75_68_188_17_4WD_7_4_SUV_HWL.jpg,suv
data/processed/car_sizes/suv/Jeep_Wrangler_2017_30_17_280_36_6_73_72_164_17_4WD_4_2_SUV_ubY.jpg,suv
data/processed/car_sizes/midsize/Subaru_Impreza_2014_18_15_140_20_4_68_57_180_27_AWD_5_4_4dr_VIW.jpg,midsize
data/processed/car_sizes/truck/Volkswagen_Golf_2012_25_18_200_20_4_70_57_165_24_FWD_5_2_2dr_gCg.jpg,truck
data/processed/car_sizes/suv/Lincoln_Aviator_2003_39_17_300_46_8_73_70_193_13_RWD_6_4_SUV_opr.jpg,suv
data/processed/car_sizes/full/Toyota_Avalon_2015_39_18_260_35_6_72_57_195_21_FWD_5_4_4dr_XgT.jpg,full
data/processed/car_sizes/truck/Volkswagen_Golf_2012_25_18_200_20_4_70_57_165_24_FWD_5_2_2dr_uBn.jpg,truck
data/processed/car_sizes/suv/Volkswagen_Tiguan_2011_24_16_200_20_4_71_66_174_20_FWD_5_4_SUV_Jsh.jpg,suv
data/processed/car_sizes/truck/Honda_Odyssey_2011_31_17_240_35_6_79_68_202_18_FWD_8_4_Van_KKs.jpg,truck
data/processed/car_sizes/compact/Nissan_370Z_2012_33_18_330_37_6_72_51_167_19_RWD_2_2_2dr_jjt.jpg,compact
data/processed/car_sizes/truck/Volkswagen_Golf_2012_25_18_200_20_4_70_57_165_24_FWD_5_2_2dr_yPN.jpg,truck
data/processed/car_sizes/suv/Chevrolet_TrailBlazer_2005_28_17_270_42_6_74_75_nan_15_RWD_7_4_SUV_TwI.jpg,suv
data/processed/car_sizes/truck/Ford_Ranger_2007_16_15_140_23_4_69_66_nan_24_RWD_2_2_Pickup_KRl.jpg,truck
data/processed/car_sizes/suv/Honda_CR-V_2014_25_17_180_24_4_71_64_178_23_FWD_5_4_SUV_RzE.jpg,suv
data/processed/car_sizes/suv/Mitsubishi_Outlander_2015_23_16_160_24_4_70_66_183_25_FWD_7_4_SUV_LPV.jpg,suv
data/processed/car_sizes/truck/Ford_Ranger_2009_20_15_200_40_6_69_66_nan_15_RWD_3_2_Pickup_sIB.jpg,truck
data/processed/car_sizes/midsize/Chevrolet_Malibu_2011_21_17_160_24_4_70_57_191_22_FWD_5_4_4dr_RUa.jpg,midsize
data/processed/car_sizes/suv/Kia_Sorento_2017_33_18_240_20_4_74_66_187_19_AWD_5_4_SUV_zzR.jpg,suv
data/processed/car_sizes/truck/Toyota_Sienna_2017_29_17_290_35_6_78_68_200_19_FWD_7_4_Van_LAF.jpg,truck
data/processed/car_sizes/midsize/Subaru_Legacy_2012_20_16_170_25_4_71_59_186_23_AWD_5_4_4dr_oRK.jpg,midsize
data/processed/car_sizes/suv/Volvo_XC90_2019_50_18_250_20_4_79_69_194_20_AWD_7_4_SUV_Rxw.jpg,suv
data/processed/car_sizes/suv/Volvo_XC90_2019_50_18_250_20_4_79_69_194_20_AWD_7_4_SUV_ZFp.jpg,suv
data/processed/car_sizes/midsize/Audi_A5_2019_51_18_240_20_4_72_54_184_23_AWD_4_2_Convertible_Usn.jpg,midsize
data/processed/car_sizes/midsize/Chevrolet_Malibu_2011_21_17_160_24_4_70_57_191_22_FWD_5_4_4dr_Dqd.jpg,midsize
data/processed/car_sizes/truck/Volkswagen_Golf_2017_20_15_170_18_4_70_57_167_25_FWD_5_4_4dr_Vnv.jpg,truck
data/processed/car_sizes/suv/Lexus_NX_2017_39_17_190_25_4_73_64_182_33_AWD_5_4_SUV_Efc.jpg,suv
data/processed/car_sizes/midsize/Nissan_Versa_2014_12_15_100_16_4_66_59_175_26_FWD_5_4_4dr_nWi.jpg,midsize
data/processed/car_sizes/truck/Kia_Sedona_2010_28_17_240_38_6_78_69_202_17_FWD_7_4_Van_jHJ.jpg,truck
data/processed/car_sizes/midsize/Buick_Regal_2017_27_18_180_24_nan_73_58_190_19_FWD_5_4_4dr_MkL.jpg,midsize
data/processed/car_sizes/midsize/Buick_Regal_2017_27_18_180_24_nan_73_58_190_19_FWD_5_4_4dr_WxG.jpg,midsize
data/processed/car_sizes/compact/Kia_Rio_2020_15_15_120_16_4_67_57_172_33_FWD_5_4_4dr_tAT.jpg,compact
data/processed/car_sizes/suv/Chevrolet_Tahoe_2013_40_17_320_53_8_79_76_nan_15_RWD_9_4_SUV_sJI.jpg,suv
data/processed/car_sizes/truck/Volkswagen_Golf_2012_25_18_200_20_4_70_57_165_24_FWD_5_2_2dr_MMY.jpg,truck
data/processed/car_sizes/suv/BMW_X1_2015_33_17_240_20_4_70_60_176_22_AWD_5_4_SUV_gPe.jpg,suv
data/processed/car_sizes/suv/Subaru_Forester_2011_21_16_170_25_4_70_65_179_21_AWD_5_4_SUV_Gbf.jpg,suv
data/processed/car_sizes/midsize/Nissan_Versa_2014_12_15_100_16_4_66_59_175_26_FWD_5_4_4dr_dUG.jpg,midsize
data/processed/car_sizes/midsize/Honda_Civic_2012_16_15_140_18_4_69_55_176_nan_FWD_5_2_2dr_KIy.jpg,midsize
data/processed/car_sizes/suv/Honda_Pilot_2019_34_18_280_35_6_78_70_196_19_FWD_8_4_SUV_VaT.jpg,suv
data/processed/car_sizes/compact/Subaru_BRZ_2020_29_17_200_20_4_69_52_166_24_RWD_4_2_2dr_LKP.jpg,compact
data/processed/car_sizes/suv/Jeep_Compass_2011_20_17_170_24_4_69_65_173_22_4WD_5_4_SUV_YGN.jpg,suv
data/processed/car_sizes/compact/Jaguar_F-Type_2017_66_18_340_30_6_75_51_176_20_RWD_2_2_Convertible_sUH.jpg,compact
data/processed/car_sizes/truck/Ford_Ranger_2007_16_15_140_23_4_69_66_nan_24_RWD_2_2_Pickup_XBq.jpg,truck
data/processed/car_sizes/truck/Volkswagen_Golf_2017_20_15_170_18_4_70_57_167_25_FWD_5_4_4dr_eli.jpg,truck
data/processed/car_sizes/suv/Jeep_Grand Cherokee_2013_29_17_290_36_6_76_69_189_16_4WD_5_4_SUV_MEc.jpg,suv
data/processed/car_sizes/suv/Ford_Escape_2012_32_16_170_25_4_71_67_174_30_4WD_5_4_SUV_moe.jpg,suv
data/processed/car_sizes/midsize/Kia_Forte_2019_21_17_140_20_4_70_56_182_30_FWD_5_4_4dr_Ltm.jpg,midsize
data/processed/car_sizes/compact/Jaguar_F-Type_2017_66_18_340_30_6_75_51_176_20_RWD_2_2_Convertible_sWk.jpg,compact
data/processed/car_sizes/suv/Lexus_GX_2013_53_18_300_46_8_74_74_189_15_4WD_7_4_SUV_bQO.jpg,suv
data/processed/car_sizes/truck/Kia_Sedona_2010_28_17_240_38_6_78_69_202_17_FWD_7_4_Van_dYS.jpg,truck
data/processed/car_sizes/suv/Ford_Expedition_2017_60_20_360_35_6_78_77_206_15_RWD_8_4_SUV_Nsj.jpg,suv
data/processed/car_sizes/full/Porsche_Panamera_2013_75_18_300_36_6_76_55_195_18_RWD_4_4_4dr_Uwh.jpg,full
data/processed/car_sizes/midsize/Chevrolet_Malibu_2011_21_17_160_24_4_70_57_191_22_FWD_5_4_4dr_Qqa.jpg,midsize
data/processed/car_sizes/suv/Volvo_XC90_2019_50_18_250_20_4_79_69_194_20_AWD_7_4_SUV_tAB.jpg,suv
data/processed/car_sizes/truck/Toyota_Tacoma_2012_20_15_150_27_4_72_66_nan_19_RWD_4_2_Pickup_uji.jpg,truck
data/processed/car_sizes/suv/Subaru_Forester_2011_21_16_170_25_4_70_65_179_21_AWD_5_4_SUV_ufM.jpg,suv
data/processed/car_sizes/full/Toyota_Avalon_2015_39_18_260_35_6_72_57_195_21_FWD_5_4_4dr_FGL.jpg,full
data/processed/car_sizes/truck/Honda_Ridgeline_2008_28_17_240_35_6_76_70_206_15_4WD_5_4_Pickup_Duv.jpg,truck
data/processed/car_sizes/suv/Porsche_Cayenne_2014_56_18_240_30_6_76_67_190_20_AWD_5_4_SUV_Qxp.jpg,suv
data/processed/car_sizes/suv/BMW_X6_2012_59_19_300_30_6_78_66_192_16_AWD_4_4_SUV_ieI.jpg,suv
data/processed/car_sizes/midsize/Honda_Civic_2012_16_15_140_18_4_69_55_176_nan_FWD_5_2_2dr_TJV.jpg,midsize
data/processed/car_sizes/truck/Volkswagen_Golf_2012_25_18_200_20_4_70_57_165_24_FWD_5_2_2dr_HGH.jpg,truck
data/processed/car_sizes/midsize/Kia_Forte_2019_21_17_140_20_4_70_56_182_30_FWD_5_4_4dr_piB.jpg,midsize
data/processed/car_sizes/suv/Volvo_XC60_2013_34_18_240_32_6_74_67_182_19_AWD_5_4_SUV_Qvc.jpg,suv
data/processed/car_sizes/suv/Honda_CR-V_2016_26_17_180_24_4_71_64_179_26_FWD_5_4_SUV_huV.jpg,suv
data/processed/car_sizes/suv/Audi_Q5_2016_40_18_220_20_4_74_65_182_20_AWD_5_4_SUV_eii.jpg,suv
data/processed/car_sizes/midsize/Honda_Civic_2012_16_15_140_18_4_69_55_176_nan_FWD_5_2_2dr_WOm.jpg,midsize
data/processed/car_sizes/suv/Porsche_Cayenne_2017_59_18_300_36_6_78_67_191_18_AWD_5_4_SUV_UFP.jpg,suv
data/processed/car_sizes/midsize/Honda_Civic_2012_16_15_140_18_4_69_55_176_nan_FWD_5_2_2dr_QAn.jpg,midsize
data/processed/car_sizes/suv/Subaru_Forester_2011_21_16_170_25_4_70_65_179_21_AWD_5_4_SUV_Klm.jpg,suv
data/processed/car_sizes/suv/Honda_CR-V_2012_24_17_180_24_4_71_65_178_23_FWD_5_4_SUV_RmR.jpg,suv
data/processed/car_sizes/truck/Ford_Ranger_2009_20_15_200_40_6_69_66_nan_15_RWD_3_2_Pickup_jfh.jpg,truck
data/processed/car_sizes/suv/Ford_Edge_2011_36_18_280_35_6_76_67_184_18_AWD_5_4_4dr_cQT.jpg,suv
data/processed/car_sizes/suv/Nissan_Pathfinder_2013_39_20_260_35_6_77_70_197_20_FWD_7_4_SUV_cwI.jpg,suv
data/processed/car_sizes/suv/Jeep_Wrangler_2011_28_18_200_38_6_73_- _152_15_4WD_4_2_SUV_VvM.jpg,suv
data/processed/car_sizes/compact/Audi_R8_2012_136_19_430_42_8_75_49_174_13_AWD_2_2_Convertible_SZF.jpg,compact
data/processed/car_sizes/suv/Volvo_XC60_2013_34_18_240_32_6_74_67_182_19_AWD_5_4_SUV_Hjw.jpg,suv
data/processed/car_sizes/suv/BMW_X6_2012_59_19_300_30_6_78_66_192_16_AWD_4_4_SUV_Eqw.jpg,suv
data/processed/car_sizes/suv/Jeep_Compass_2011_20_17_170_24_4_69_65_173_22_4WD_5_4_SUV_aBB.jpg,suv
data/processed/car_sizes/truck/Volkswagen_Golf_2017_20_15_170_18_4_70_57_167_25_FWD_5_4_4dr_ilL.jpg,truck
data/processed/car_sizes/suv/Subaru_Forester_2011_21_16_170_25_4_70_65_179_21_AWD_5_4_SUV_PpF.jpg,suv
data/processed/car_sizes/suv/Land Rover_Range Rover Sport_2017_72_20_250_30_6_78_70_191_22_4WD_5_4_SUV_BsR.jpg,suv
data/processed/car_sizes/suv/Honda_Pilot_2011_31_17_250_35_6_78_72_190_17_FWD_8_4_SUV_TVI.jpg,suv
data/processed/car_sizes/suv/Ford_Explorer_2019_34_18_290_35_6_78_70_198_16_4WD_7_4_SUV_QxF.jpg,suv
data/processed/car_sizes/suv/Jeep_Compass_2017_21_18_170_24_4_71_65_175_20_4WD_5_4_SUV_KSc.jpg,suv
data/processed/car_sizes/midsize/Chevrolet_Malibu_2015_22_16_190_25_4_73_57_191_25_FWD_5_4_4dr_AZN.jpg,midsize
data/processed/car_sizes/suv/Honda_Pilot_2019_34_18_280_35_6_78_70_196_19_FWD_8_4_SUV_MTN.jpg,suv
data/processed/car_sizes/suv/Jeep_Compass_2011_20_17_170_24_4_69_65_173_22_4WD_5_4_SUV_CRa.jpg,suv
data/processed/car_sizes/suv/Mitsubishi_Outlander_2015_23_16_160_24_4_70_66_183_25_FWD_7_4_SUV_jAc.jpg,suv
data/processed/car_sizes/suv/Lexus_LX_2015_83_20_380_57_8_77_73_197_12_4WD_8_4_SUV_lrn.jpg,suv
data/processed/car_sizes/midsize/Chevrolet_Malibu_2015_22_16_190_25_4_73_57_191_25_FWD_5_4_4dr_ZOK.jpg,midsize
data/processed/car_sizes/suv/Jeep_Renegade_2015_23_16_160_14_4_74_66_166_24_4WD_5_4_SUV_mnb.jpg,suv
data/processed/car_sizes/suv/Jeep_Renegade_2015_23_16_160_14_4_74_66_166_24_4WD_5_4_SUV_epu.jpg,suv
data/processed/car_sizes/suv/Jeep_Grand Cherokee_2013_29_17_290_36_6_76_69_189_16_4WD_5_4_SUV_oGP.jpg,suv
data/processed/car_sizes/midsize/Chevrolet_Malibu_2015_22_16_190_25_4_73_57_191_25_FWD_5_4_4dr_kQW.jpg,midsize
data/processed/car_sizes/suv/Honda_Pilot_2011_31_17_250_35_6_78_72_190_17_FWD_8_4_SUV_TZc.jpg,suv
data/processed/car_sizes/truck/Honda_Ridgeline_2008_28_17_240_35_6_76_70_206_15_4WD_5_4_Pickup_hfp.jpg,truck
data/processed/car_sizes/full/Toyota_Avalon_2015_39_18_260_35_6_72_57_195_21_FWD_5_4_4dr_LUp.jpg,full
data/processed/car_sizes/suv/Jeep_Renegade_2015_23_16_160_14_4_74_66_166_24_4WD_5_4_SUV_tqa.jpg,suv
data/processed/car_sizes/suv/Audi_Q7_2015_53_19_240_30_6_78_68_200_19_AWD_7_4_SUV_ScP.jpg,suv
data/processed/car_sizes/compact/Audi_R8_2012_136_19_430_42_8_75_49_174_13_AWD_2_2_Convertible_tJv.jpg,compact
data/processed/car_sizes/suv/Jeep_Compass_2017_21_18_170_24_4_71_65_175_20_4WD_5_4_SUV_JSK.jpg,suv
data/processed/car_sizes/truck/Toyota_Tundra_2017_50_20_380_57_8_79_76_nan_13_4WD_5_4_Pickup_DYk.jpg,truck
data/processed/car_sizes/suv/Mazda_CX-5_2015_29_19_180_25_4_72_65_178_24_AWD_5_4_SUV_akw.jpg,suv
data/processed/car_sizes/midsize/Audi_A5_2019_51_18_240_20_4_72_54_184_23_AWD_4_2_Convertible_DKl.jpg,midsize
data/processed/car_sizes/suv/Ford_Expedition_2017_60_20_360_35_6_78_77_206_15_RWD_8_4_SUV_qYD.jpg,suv
data/processed/car_sizes/midsize/Toyota_Corolla_2015_17_15_130_18_4_69_57_182_27_FWD_5_4_4dr_HHD.jpg,midsize
data/processed/car_sizes/suv/Nissan_Pathfinder_2013_39_20_260_35_6_77_70_197_20_FWD_7_4_SUV_Lga.jpg,suv
data/processed/car_sizes/suv/Chevrolet_TrailBlazer_2005_28_17_270_42_6_74_75_nan_15_RWD_7_4_SUV_vxN.jpg,suv
data/processed/car_sizes/suv/Land Rover_Range Rover_2017_94_20_250_30_6_78_72_196_22_4WD_5_4_SUV_snm.jpg,suv
data/processed/car_sizes/suv/Lexus_NX_2017_39_17_190_25_4_73_64_182_33_AWD_5_4_SUV_nlc.jpg,suv
data/processed/car_sizes/compact/Audi_TT_2014_39_18_210_20_4_72_53_165_22_AWD_4_2_2dr_zJj.jpg,compact
data/processed/car_sizes/midsize/Kia_Forte_2013_17_15_150_20_4_69_57_178_26_FWD_5_4_4dr_LKg.jpg,midsize
data/processed/car_sizes/suv/Hyundai_Santa Fe_2012_24_17_170_24_4_74_67_184_20_AWD_5_4_SUV_nNP.jpg,suv
data/processed/car_sizes/compact/Jaguar_F-Type_2017_66_18_340_30_6_75_51_176_20_RWD_2_2_Convertible_msS.jpg,compact
data/processed/car_sizes/suv/Jeep_Compass_2017_21_18_170_24_4_71_65_175_20_4WD_5_4_SUV_QHr.jpg,suv
data/processed/car_sizes/suv/BMW_X6_2012_59_19_300_30_6_78_66_192_16_AWD_4_4_SUV_RhJ.jpg,suv
data/processed/car_sizes/truck/Kia_Sedona_2010_28_17_240_38_6_78_69_202_17_FWD_7_4_Van_bhG.jpg,truck
data/processed/car_sizes/midsize/Audi_A4_2015_37_17_220_20_4_71_56_185_22_AWD_5_4_4dr_ffv.jpg,midsize
data/processed/car_sizes/suv/Chevrolet_Tahoe_2013_40_17_320_53_8_79_76_nan_15_RWD_9_4_SUV_yHY.jpg,suv
data/processed/car_sizes/suv/Toyota_RAV4_2012_24_16_170_25_4_71_66_181_21_4WD_5_4_SUV_LeO.jpg,suv
data/processed/car_sizes/truck/Honda_Odyssey_2011_31_17_240_35_6_79_68_202_18_FWD_8_4_Van_lfF.jpg,truck
data/processed/car_sizes/truck/Volkswagen_Golf_2012_25_18_200_20_4_70_57_165_24_FWD_5_2_2dr_VYf.jpg,truck
data/processed/car_sizes/suv/Honda_Pilot_2011_31_17_250_35_6_78_72_190_17_FWD_8_4_SUV_LLV.jpg,suv
data/processed/car_sizes/suv/Jeep_Wrangler_2017_30_17_280_36_6_73_72_164_17_4WD_4_2_SUV_MKi.jpg,suv
data/processed/car_sizes/suv/Kia_Sportage_2014_25_18_180_24_4_73_64_174_nan_FWD_5_4_SUV_vOj.jpg,suv
data/processed/car_sizes/suv/Jeep_Renegade_2015_23_16_160_14_4_74_66_166_24_4WD_5_4_SUV_cYO.jpg,suv
data/processed/car_sizes/full/Porsche_Panamera_2020_103_21_330_30_6_76_56_198_19_RWD_4_4_4dr_IyG.jpg,full
data/processed/car_sizes/suv/Ford_Edge_2011_36_18_280_35_6_76_67_184_18_AWD_5_4_4dr_noR.jpg,suv
data/processed/car_sizes/full/Toyota_Camry_2017_26_16_200_25_4_71_57_190_42_FWD_5_4_4dr_JzB.jpg,full
data/processed/car_sizes/suv/Honda_CR-V_2012_24_17_180_24_4_71_65_178_23_FWD_5_4_SUV_eKJ.jpg,suv
data/processed/car_sizes/suv/Toyota_Land Cruiser_2011_69_18_380_57_8_77_74_194_13_4WD_8_4_SUV_kbw.jpg,suv
data/processed/car_sizes/suv/Dodge_Durango_2013_39_20_290_36_6_75_71_199_16_RWD_7_4_SUV_llk.jpg,suv
data/processed/car_sizes/suv/BMW_X3_2017_40_18_240_20_4_74_66_183_21_RWD_5_4_SUV_YBQ.jpg,suv
data/processed/car_sizes/suv/Honda_Pilot_2011_31_17_250_35_6_78_72_190_17_FWD_8_4_SUV_Giw.jpg,suv
data/processed/car_sizes/midsize/Subaru_Impreza_2016_19_15_140_20_4_68_57_180_28_AWD_5_4_4dr_Ygu.jpg,midsize
data/processed/car_sizes/compact/Subaru_BRZ_2020_29_17_200_20_4_69_52_166_24_RWD_4_2_2dr_HSR.jpg,compact
data/processed/car_sizes/suv/BMW_X6_2014_60_19_300_30_6_78_66_192_17_AWD_4_4_SUV_XGZ.jpg,suv
data/processed/car_sizes/suv/Hyundai_Tucson_2015_23_17_160_20_4_71_65_173_21_AWD_5_4_SUV_jQR.jpg,suv
data/processed/car_sizes/suv/Jeep_Compass_2017_21_18_170_24_4_71_65_175_20_4WD_5_4_SUV_tFY.jpg,suv
data/processed/car_sizes/truck/Toyota_Tundra_2013_27_18_270_40_6_79_75_nan_16_RWD_6_4_Pickup_TWh.jpg,truck
data/processed/car_sizes/midsize/Chevrolet_Malibu_2015_22_16_190_25_4_73_57_191_25_FWD_5_4_4dr_TPM.jpg,midsize
data/processed/car_sizes/suv/Volvo_XC90_2019_50_18_250_20_4_79_69_194_20_AWD_7_4_SUV_JSM.jpg,suv
data/processed/car_sizes/truck/Toyota_Tacoma_2012_20_15_150_27_4_72_66_nan_19_RWD_4_2_Pickup_HuJ.jpg,truck
data/processed/car_sizes/suv/Chevrolet_TrailBlazer_2005_28_17_270_42_6_74_75_nan_15_RWD_7_4_SUV_KRs.jpg,suv
data/processed/car_sizes/compact/Kia_Rio_2020_15_15_120_16_4_67_57_172_33_FWD_5_4_4dr_geF.jpg,compact
data/processed/car_sizes/compact/Toyota_Yaris_2014_15_15_100_15_4_66_59_153_30_FWD_5_2_2dr_AgC.jpg,compact
data/processed/car_sizes/compact/Nissan_370Z_2012_33_18_330_37_6_72_51_167_19_RWD_2_2_2dr_eoi.jpg,compact
data/processed/car_sizes/full/Porsche_Panamera_2020_103_21_330_30_6_76_56_198_19_RWD_4_4_4dr_LAa.jpg,full
data/processed/car_sizes/suv/Toyota_Highlander_2016_33_18_270_35_6_75_68_191_18_AWD_8_4_SUV_rPE.jpg,suv
data/processed/car_sizes/full/Toyota_Avalon_2015_39_18_260_35_6_72_57_195_21_FWD_5_4_4dr_xdA.jpg,full
data/processed/car_sizes/suv/Jeep_Wrangler_2011_28_18_200_38_6_73_- _152_15_4WD_4_2_SUV_DLH.jpg,suv
data/processed/car_sizes/suv/Land Rover_Range Rover Evoque_2015_57_20_240_20_4_74_63_171_21_4WD_5_2_SUV_Yjl.jpg,suv
data/processed/car_sizes/truck/Honda_Ridgeline_2008_28_17_240_35_6_76_70_206_15_4WD_5_4_Pickup_CFE.jpg,truck
data/processed/car_sizes/truck/Honda_Odyssey_2011_31_17_240_35_6_79_68_202_18_FWD_8_4_Van_liB.jpg,truck
data/processed/car_sizes/suv/Chevrolet_TrailBlazer_2005_28_17_270_42_6_74_75_nan_15_RWD_7_4_SUV_pVM.jpg,suv
data/processed/car_sizes/suv/Honda_Pilot_2011_31_17_250_35_6_78_72_190_17_FWD_8_4_SUV_CaY.jpg,suv
data/processed/car_sizes/midsize/Kia_Forte_2016_19_17_170_20_4_70_56_179_24_FWD_5_4_4dr_Dzg.jpg,midsize
data/processed/car_sizes/full/Audi_A8_2013_72_19_330_30_6_76_57_202_18_AWD_5_4_4dr_Uln.jpg,full
data/processed/car_sizes/suv/Land Rover_Range Rover Sport_2017_72_20_250_30_6_78_70_191_22_4WD_5_4_SUV_HkH.jpg,suv
data/processed/car_sizes/truck/Toyota_Sienna_2017_29_17_290_35_6_78_68_200_19_FWD_7_4_Van_uSV.jpg,truck
data/processed/car_sizes/suv/Honda_Pilot_2011_31_17_250_35_6_78_72_190_17_FWD_8_4_SUV_sZQ.jpg,suv
data/processed/car_sizes/midsize/Nissan_Sentra_2015_17_16_120_18_4_69_58_182_30_FWD_5_4_4dr_BpE.jpg,midsize
data/processed/car_sizes/full/Toyota_Avalon_2015_39_18_260_35_6_72_57_195_21_FWD_5_4_4dr_PQq.jpg,full
data/processed/car_sizes/compact/Jaguar_F-Type_2017_66_18_340_30_6_75_51_176_20_RWD_2_2_Convertible_pFG.jpg,compact
data/processed/car_sizes/compact/Toyota_Yaris_2014_15_15_100_15_4_66_59_153_30_FWD_5_2_2dr_ujx.jpg,compact
data/processed/car_sizes/suv/Jeep_Compass_2011_20_17_170_24_4_69_65_173_22_4WD_5_4_SUV_hna.jpg,suv
data/processed/car_sizes/suv/Ford_Edge_2011_36_18_280_35_6_76_67_184_18_AWD_5_4_4dr_oqK.jpg,suv
data/processed/car_sizes/suv/Ford_Explorer_2019_34_18_290_35_6_78_70_198_16_4WD_7_4_SUV_skL.jpg,suv
data/processed/car_sizes/midsize/Honda_Civic_2012_16_15_140_18_4_69_55_176_nan_FWD_5_2_2dr_tMz.jpg,midsize
data/processed/car_sizes/suv/Kia_Sportage_2016_26_18_180_24_4_73_64_174_19_AWD_5_4_SUV_HsC.jpg,suv
data/processed/car_sizes/suv/Jeep_Wrangler_2011_28_18_200_38_6_73_- _152_15_4WD_4_2_SUV_aWB.jpg,suv
data/processed/car_sizes/suv/Acura_MDX_2013_43_18_300_37_6_78_68_191_nan_AWD_7_4_SUV_tYa.jpg,suv
data/processed/car_sizes/midsize/Buick_Regal_2017_27_18_180_24_nan_73_58_190_19_FWD_5_4_4dr_aqX.jpg,midsize
data/processed/car_sizes/suv/Audi_Q5_2016_40_18_220_20_4_74_65_182_20_AWD_5_4_SUV_Roz.jpg,suv
data/processed/car_sizes/midsize/Kia_Forte_2013_17_15_150_20_4_69_57_178_26_FWD_5_4_4dr_rOE.jpg,midsize
data/processed/car_sizes/compact/Mitsubishi_Mirage_2015_14_14_740_12_3_65_59_148_37_FWD_5_4_4dr_FAI.jpg,compact
data/processed/car_sizes/suv/Lexus_RX_2012_40_18_270_35_6_74_67_187_18_AWD_5_4_SUV_www.jpg,suv
data/processed/car_sizes/suv/Hyundai_Santa Fe_2015_31_18_290_33_6_74_66_193_18_AWD_7_4_SUV_HSt.jpg,suv
data/processed/car_sizes/truck/Volkswagen_Golf_2012_25_18_200_20_4_70_57_165_24_FWD_5_2_2dr_pmC.jpg,truck
data/processed/car_sizes/suv/Jeep_Wrangler_2011_28_18_200_38_6_73_- _152_15_4WD_4_2_SUV_TUs.jpg,suv
data/processed/car_sizes/suv/Jeep_Wrangler_2017_30_17_280_36_6_73_72_164_17_4WD_4_2_SUV_QOG.jpg,suv
data/processed/car_sizes/compact/Audi_R8_2015_175_19_520_52_10_75_49_174_13_AWD_2_2_Convertible_PyV.jpg,compact
data/processed/car_sizes/truck/Ford_Ranger_2007_16_15_140_23_4_69_66_nan_24_RWD_2_2_Pickup_GKs.jpg,truck
data/processed/car_sizes/suv/Volvo_XC90_2019_50_18_250_20_4_79_69_194_20_AWD_7_4_SUV_ddf.jpg,suv
data/processed/car_sizes/suv/Audi_Q5_2016_40_18_220_20_4_74_65_182_20_AWD_5_4_SUV_iBZ.jpg,suv
data/processed/car_sizes/truck/Kia_Sedona_2010_28_17_240_38_6_78_69_202_17_FWD_7_4_Van_lBA.jpg,truck
data/processed/car_sizes/truck/Toyota_Sienna_2017_29_17_290_35_6_78_68_200_19_FWD_7_4_Van_LhX.jpg,truck
data/processed/car_sizes/truck/Ford_Ranger_2007_16_15_140_23_4_69_66_nan_24_RWD_2_2_Pickup_lUR.jpg,truck
data/processed/car_sizes/midsize/Subaru_Impreza_2014_18_15_140_20_4_68_57_180_27_AWD_5_4_4dr_BtK.jpg,midsize
data/processed/car_sizes/midsize/Chevrolet_Malibu_2011_21_17_160_24_4_70_57_191_22_FWD_5_4_4dr_ekH.jpg,midsize
data/processed/car_sizes/truck/Toyota_Tundra_2017_50_20_380_57_8_79_76_nan_13_4WD_5_4_Pickup_EBU.jpg,truck
data/processed/car_sizes/full/Porsche_Panamera_2020_103_21_330_30_6_76_56_198_19_RWD_4_4_4dr_BbI.jpg,full
data/processed/car_sizes/suv/Toyota_RAV4_2012_24_16_170_25_4_71_66_181_21_4WD_5_4_SUV_Zkw.jpg,suv
data/processed/car_sizes/suv/Cadillac_Escalade_2014_63_18_400_62_8_79_75_nan_14_RWD_7_4_SUV_MRh.jpg,suv
data/processed/car_sizes/suv/Volvo_XC90_2019_50_18_250_20_4_79_69_194_20_AWD_7_4_SUV_JVi.jpg,suv
data/processed/car_sizes/suv/Jeep_Wrangler_2017_30_17_280_36_6_73_72_164_17_4WD_4_2_SUV_kdh.jpg,suv
data/processed/car_sizes/full/Porsche_Panamera_2020_103_21_330_30_6_76_56_198_19_RWD_4_4_4dr_XQq.jpg,full
data/processed/car_sizes/suv/Lexus_NX_2017_39_17_190_25_4_73_64_182_33_AWD_5_4_SUV_EBi.jpg,suv
data/processed/car_sizes/midsize/Chevrolet_Malibu_2013_24_17_180_24_4_73_57_191_25_FWD_5_4_4dr_ifa.jpg,midsize
data/processed/car_sizes/truck/Ford_Ranger_2007_16_15_140_23_4_69_66_nan_24_RWD_2_2_Pickup_GMg.jpg,truck
data/processed/car_sizes/truck/Toyota_Tundra_2013_27_18_270_40_6_79_75_nan_16_RWD_6_4_Pickup_Pqp.jpg,truck
data/processed/car_sizes/truck/Honda_Odyssey_2011_31_17_240_35_6_79_68_202_18_FWD_8_4_Van_jak.jpg,truck
data/processed/car_sizes/suv/Nissan_Pathfinder_2013_39_20_260_35_6_77_70_197_20_FWD_7_4_SUV_VSI.jpg,suv
data/processed/car_sizes/midsize/Audi_A5_2019_51_18_240_20_4_72_54_184_23_AWD_4_2_Convertible_Hzt.jpg,midsize
data/processed/car_sizes/suv/Ford_Explorer_2015_32_18_290_35_6_78_71_197_17_4WD_7_4_SUV_IDp.jpg,suv
data/processed/car_sizes/truck/Honda_Odyssey_2011_31_17_240_35_6_79_68_202_18_FWD_8_4_Van_KMP.jpg,truck
data/processed/car_sizes/midsize/Toyota_Corolla_2012_16_15_130_18_4_69_57_180_26_FWD_5_4_4dr_ytl.jpg,midsize
data/processed/car_sizes/suv/Subaru_Forester_2011_21_16_170_25_4_70_65_179_21_AWD_5_4_SUV_mlo.jpg,suv
data/processed/car_sizes/compact/Audi_R8_2015_175_19_520_52_10_75_49_174_13_AWD_2_2_Convertible_iNP.jpg,compact
data/processed/car_sizes/suv/Volvo_XC60_2013_34_18_240_32_6_74_67_182_19_AWD_5_4_SUV_PzV.jpg,suv
data/processed/car_sizes/suv/Volkswagen_Tiguan_2016_28_19_200_20_4_71_67_174_21_FWD_5_4_SUV_XsK.jpg,suv
data/processed/car_sizes/suv/Jeep_Wrangler_2011_28_18_200_38_6_73_- _152_15_4WD_4_2_SUV_zBu.jpg,suv
data/processed/car_sizes/suv/Hyundai_Santa Fe_2015_31_18_290_33_6_74_66_193_18_AWD_7_4_SUV_tgI.jpg,suv
data/processed/car_sizes/truck/Honda_Odyssey_2013_31_17_240_35_6_79_68_202_18_FWD_8_4_Van_paz.jpg,truck
data/processed/car_sizes/midsize/Chevrolet_Malibu_2011_21_17_160_24_4_70_57_191_22_FWD_5_4_4dr_NEm.jpg,midsize
data/processed/car_sizes/midsize/Honda_Civic_2012_16_15_140_18_4_69_55_176_nan_FWD_5_2_2dr_RHE.jpg,midsize
data/processed/car_sizes/suv/Honda_Pilot_2019_34_18_280_35_6_78_70_196_19_FWD_8_4_SUV_gkV.jpg,suv
data/processed/car_sizes/suv/Lexus_RX_2012_40_18_270_35_6_74_67_187_18_AWD_5_4_SUV_ZeM.jpg,suv
data/processed/car_sizes/truck/Ford_Ranger_2009_20_15_200_40_6_69_66_nan_15_RWD_3_2_Pickup_DTY.jpg,truck
data/processed/car_sizes/suv/Jeep_Wrangler_2011_28_18_200_38_6_73_- _152_15_4WD_4_2_SUV_buo.jpg,suv
data/processed/car_sizes/suv/Jeep_Wrangler_2017_30_17_280_36_6_73_72_164_17_4WD_4_2_SUV_DXI.jpg,suv
data/processed/car_sizes/compact/Hyundai_Accent_2017_16_14_130_16_4_66_57_162_26_FWD_5_4_4dr_rwD.jpg,compact
data/processed/car_sizes/suv/Lexus_NX_2017_39_17_190_25_4_73_64_182_33_AWD_5_4_SUV_dRS.jpg,suv
data/processed/car_sizes/midsize/Nissan_Sentra_2015_17_16_120_18_4_69_58_182_30_FWD_5_4_4dr_YJY.jpg,midsize
data/processed/car_sizes/suv/Honda_CR-V_2014_25_17_180_24_4_71_64_178_23_FWD_5_4_SUV_rYy.jpg,suv
data/processed/car_sizes/compact/Toyota_Yaris_2014_15_15_100_15_4_66_59_153_30_FWD_5_2_2dr_BsY.jpg,compact
data/processed/car_sizes/suv/Audi_Q5_2012_35_18_210_20_4_74_65_182_20_AWD_5_4_SUV_Oiw.jpg,suv
data/processed/car_sizes/suv/Nissan_Pathfinder_2013_39_20_260_35_6_77_70_197_20_FWD_7_4_SUV_hQA.jpg,suv
data/processed/car_sizes/truck/Toyota_Tundra_2017_50_20_380_57_8_79_76_nan_13_4WD_5_4_Pickup_CMh.jpg,truck
data/processed/car_sizes/suv/Honda_Pilot_2019_34_18_280_35_6_78_70_196_19_FWD_8_4_SUV_xLq.jpg,suv
data/processed/car_sizes/suv/Mazda_CX-9_2016_41_20_220_25_4_77_67_199_21_AWD_7_4_SUV_vIx.jpg,suv
data/processed/car_sizes/suv/Nissan_Murano_2016_40_20_260_35_6_75_66_192_21_AWD_5_4_SUV_Dsj.jpg,suv
data/processed/car_sizes/compact/Kia_Rio_2020_15_15_120_16_4_67_57_172_33_FWD_5_4_4dr_aFY.jpg,compact
data/processed/car_sizes/suv/Volvo_XC90_2019_50_18_250_20_4_79_69_194_20_AWD_7_4_SUV_Plp.jpg,suv
data/processed/car_sizes/suv/Mitsubishi_Outlander_2017_23_18_160_24_4_71_66_184_25_FWD_7_4_SUV_qps.jpg,suv
data/processed/car_sizes/suv/Honda_CR-V_2012_24_17_180_24_4_71_65_178_23_FWD_5_4_SUV_xbp.jpg,suv
data/processed/car_sizes/midsize/Cadillac_ATS_2014_41_17_270_20_4_71_55_182_nan_AWD_5_4_4dr_kXG.jpg,midsize
data/processed/car_sizes/suv/BMW_X6_2019_63_19_300_30_6_78_67_193_18_RWD_5_4_SUV_yfi.jpg,suv
data/processed/car_sizes/suv/Subaru_Forester_2016_29_18_250_20_4_70_68_180_23_AWD_5_4_SUV_bRZ.jpg,suv
data/processed/car_sizes/midsize/Kia_Forte_2013_17_15_150_20_4_69_57_178_26_FWD_5_4_4dr_jMb.jpg,midsize
data/processed/car_sizes/suv/Jeep_Compass_2011_20_17_170_24_4_69_65_173_22_4WD_5_4_SUV_Mfn.jpg,suv
data/processed/car_sizes/suv/Lexus_NX_2017_39_17_190_25_4_73_64_182_33_AWD_5_4_SUV_wpb.jpg,suv
data/processed/car_sizes/suv/Chevrolet_Traverse_2012_31_17_280_36_6_78_70_205_16_AWD_8_4_SUV_Ein.jpg,suv
data/processed/car_sizes/suv/Volvo_XC90_2019_50_18_250_20_4_79_69_194_20_AWD_7_4_SUV_Emf.jpg,suv
data/processed/car_sizes/midsize/Nissan_Versa_2014_12_15_100_16_4_66_59_175_26_FWD_5_4_4dr_mFR.jpg,midsize
data/processed/car_sizes/suv/Volkswagen_Tiguan_2011_24_16_200_20_4_71_66_174_20_FWD_5_4_SUV_pmV.jpg,suv
data/processed/car_sizes/suv/Subaru_Forester_2016_29_18_250_20_4_70_68_180_23_AWD_5_4_SUV_wZc.jpg,suv
data/processed/car_sizes/suv/Ford_Explorer_2019_34_18_290_35_6_78_70_198_16_4WD_7_4_SUV_WbL.jpg,suv
data/processed/car_sizes/suv/Jeep_Wrangler_2017_30_17_280_36_6_73_72_164_17_4WD_4_2_SUV_pUB.jpg,suv
data/processed/car_sizes/truck/Volkswagen_Golf_2012_25_18_200_20_4_70_57_165_24_FWD_5_2_2dr_YJU.jpg,truck
data/processed/car_sizes/suv/Volkswagen_Tiguan_2016_28_19_200_20_4_71_67_174_21_FWD_5_4_SUV_ZjK.jpg,suv
data/processed/car_sizes/suv/Toyota_Highlander_2016_33_18_270_35_6_75_68_191_18_AWD_8_4_SUV_ymq.jpg,suv
data/processed/car_sizes/compact/Jaguar_F-Type_2017_66_18_340_30_6_75_51_176_20_RWD_2_2_Convertible_vkE.jpg,compact
data/processed/car_sizes/suv/Jeep_Compass_2011_20_17_170_24_4_69_65_173_22_4WD_5_4_SUV_RtJ.jpg,suv
data/processed/car_sizes/compact/Hyundai_Accent_2017_16_14_130_16_4_66_57_162_26_FWD_5_4_4dr_Yad.jpg,compact
data/processed/car_sizes/truck/Honda_Ridgeline_2008_28_17_240_35_6_76_70_206_15_4WD_5_4_Pickup_FxJ.jpg,truck
data/processed/car_sizes/compact/Audi_TT_2014_39_18_210_20_4_72_53_165_22_AWD_4_2_2dr_Nwy.jpg,compact
data/processed/car_sizes/suv/Jeep_Compass_2017_21_18_170_24_4_71_65_175_20_4WD_5_4_SUV_cWn.jpg,suv
data/processed/car_sizes/suv/Mazda_CX-5_2015_29_19_180_25_4_72_65_178_24_AWD_5_4_SUV_uWk.jpg,suv
data/processed/car_sizes/suv/Toyota_Highlander_2013_31_17_270_35_6_75_68_188_17_4WD_7_4_SUV_LBv.jpg,suv
data/processed/car_sizes/midsize/Chevrolet_Malibu_2011_21_17_160_24_4_70_57_191_22_FWD_5_4_4dr_lQg.jpg,midsize
data/processed/car_sizes/compact/Audi_R8_2015_175_19_520_52_10_75_49_174_13_AWD_2_2_Convertible_YvB.jpg,compact
data/processed/car_sizes/suv/Subaru_Forester_2016_29_18_250_20_4_70_68_180_23_AWD_5_4_SUV_Sxs.jpg,suv
data/processed/car_sizes/midsize/Subaru_Impreza_2014_18_15_140_20_4_68_57_180_27_AWD_5_4_4dr_Xvu.jpg,midsize
data/processed/car_sizes/suv/Mazda_CX-5_2017_30_19_180_25_4_72_65_179_23_AWD_5_4_SUV_sUD.jpg,suv
data/processed/car_sizes/suv/Volvo_XC90_2019_50_18_250_20_4_79_69_194_20_AWD_7_4_SUV_ezd.jpg,suv
data/processed/car_sizes/suv/Kia_Sorento_2017_33_18_240_20_4_74_66_187_19_AWD_5_4_SUV_aiZ.jpg,suv
data/processed/car_sizes/compact/Audi_R8_2012_136_19_430_42_8_75_49_174_13_AWD_2_2_Convertible_rFE.jpg,compact
data/processed/car_sizes/midsize/Honda_Civic_2012_16_15_140_18_4_69_55_176_nan_FWD_5_2_2dr_Cib.jpg,midsize
data/processed/car_sizes/suv/Lexus_NX_2017_39_17_190_25_4_73_64_182_33_AWD_5_4_SUV_kUI.jpg,suv
data/processed/car_sizes/midsize/Chevrolet_Malibu_2011_21_17_160_24_4_70_57_191_22_FWD_5_4_4dr_Zoo.jpg,midsize
data/processed/car_sizes/suv/Lexus_RX_2012_40_18_270_35_6_74_67_187_18_AWD_5_4_SUV_BzW.jpg,suv
data/processed/car_sizes/suv/Hyundai_Santa Fe_2015_31_18_290_33_6_74_66_193_18_AWD_7_4_SUV_ElR.jpg,suv
data/processed/car_sizes/suv/Volkswagen_Tiguan_2016_28_19_200_20_4_71_67_174_21_FWD_5_4_SUV_EMf.jpg,suv
data/processed/car_sizes/truck/Toyota_Tacoma_2012_20_15_150_27_4_72_66_nan_19_RWD_4_2_Pickup_pfm.jpg,truck
data/processed/car_sizes/truck/Ford_Ranger_2007_16_15_140_23_4_69_66_nan_24_RWD_2_2_Pickup_lio.jpg,truck
data/processed/car_sizes/suv/Jeep_Wrangler_2017_30_17_280_36_6_73_72_164_17_4WD_4_2_SUV_MHW.jpg,suv
data/processed/car_sizes/suv/Jeep_Wrangler_2011_28_18_200_38_6_73_- _152_15_4WD_4_2_SUV_Xsq.jpg,suv
data/processed/car_sizes/compact/Toyota_Yaris_2014_15_15_100_15_4_66_59_153_30_FWD_5_2_2dr_vBB.jpg,compact
data/processed/car_sizes/truck/Volkswagen_Golf_2012_25_18_200_20_4_70_57_165_24_FWD_5_2_2dr_ZZr.jpg,truck
data/processed/car_sizes/full/Jaguar_XF_2011_52_18_380_50_8_75_57_195_16_RWD_5_4_4dr_WxX.jpg,full
data/processed/car_sizes/suv/Ford_Explorer_2015_32_18_290_35_6_78_71_197_17_4WD_7_4_SUV_mpJ.jpg,suv
data/processed/car_sizes/suv/Dodge_Durango_2013_39_20_290_36_6_75_71_199_16_RWD_7_4_SUV_lXI.jpg,suv
data/processed/car_sizes/suv/Acura_MDX_2013_43_18_300_37_6_78_68_191_nan_AWD_7_4_SUV_JAi.jpg,suv
data/processed/car_sizes/suv/Chevrolet_TrailBlazer_2005_28_17_270_42_6_74_75_nan_15_RWD_7_4_SUV_ECY.jpg,suv
data/processed/car_sizes/midsize/Subaru_Impreza_2014_18_15_140_20_4_68_57_180_27_AWD_5_4_4dr_czt.jpg,midsize
data/processed/car_sizes/compact/Audi_R8_2015_175_19_520_52_10_75_49_174_13_AWD_2_2_Convertible_SHF.jpg,compact
data/processed/car_sizes/midsize/Nissan_Versa_2014_12_15_100_16_4_66_59_175_26_FWD_5_4_4dr_iKW.jpg,midsize
data/processed/car_sizes/full/Jaguar_XJ_2015_77_19_340_30_6_74_57_201_16_AWD_5_4_4dr_aFW.jpg,full
data/processed/car_sizes/midsize/Chevrolet_Malibu_2013_24_17_180_24_4_73_57_191_25_FWD_5_4_4dr_cCl.jpg,midsize
data/processed/car_sizes/midsize/Honda_Civic_2012_16_15_140_18_4_69_55_176_nan_FWD_5_2_2dr_MYi.jpg,midsize
data/processed/car_sizes/full/Jaguar_XF_2011_52_18_380_50_8_75_57_195_16_RWD_5_4_4dr_hGJ.jpg,full
data/processed/car_sizes/midsize/Audi_A5_2019_51_18_240_20_4_72_54_184_23_AWD_4_2_Convertible_Ysg.jpg,midsize
data/processed/car_sizes/suv/Toyota_RAV4_2012_24_16_170_25_4_71_66_181_21_4WD_5_4_SUV_gaW.jpg,suv
data/processed/car_sizes/truck/Nissan_Titan_2015_32_18_310_56_8_79_74_224_13_RWD_6_4_Pickup_MaC.jpg,truck
data/processed/car_sizes/suv/BMW_X5_2013_56_18_260_30_6_76_69_191_nan_AWD_5_4_SUV_Gap.jpg,suv
data/processed/car_sizes/suv/Subaru_Forester_2011_21_16_170_25_4_70_65_179_21_AWD_5_4_SUV_KYL.jpg,suv
data/processed/car_sizes/truck/Volkswagen_Golf_2017_20_15_170_18_4_70_57_167_25_FWD_5_4_4dr_RdB.jpg,truck
data/processed/car_sizes/suv/Nissan_Pathfinder_2013_39_20_260_35_6_77_70_197_20_FWD_7_4_SUV_ial.jpg,suv
data/processed/car_sizes/suv/Toyota_Highlander_2016_33_18_270_35_6_75_68_191_18_AWD_8_4_SUV_HtQ.jpg,suv
data/processed/car_sizes/midsize/Toyota_Corolla_2015_17_15_130_18_4_69_57_182_27_FWD_5_4_4dr_Ehf.jpg,midsize
data/processed/car_sizes/suv/Jeep_Wrangler_2017_30_17_280_36_6_73_72_164_17_4WD_4_2_SUV_bFb.jpg,suv
data/processed/car_sizes/suv/Jeep_Wrangler_2017_30_17_280_36_6_73_72_164_17_4WD_4_2_SUV_Obo.jpg,suv
data/processed/car_sizes/suv/Land Rover_Range Rover Sport_2017_72_20_250_30_6_78_70_191_22_4WD_5_4_SUV_fnC.jpg,suv
data/processed/car_sizes/suv/Honda_Pilot_2019_34_18_280_35_6_78_70_196_19_FWD_8_4_SUV_mab.jpg,suv
data/processed/car_sizes/suv/Ford_Escape_2016_27_17_170_16_4_72_66_178_22_4WD_5_4_SUV_LWP.jpg,suv
data/processed/car_sizes/suv/Honda_Pilot_2011_31_17_250_35_6_78_72_190_17_FWD_8_4_SUV_JnN.jpg,suv
data/processed/car_sizes/suv/Ford_Escape_2012_32_16_170_25_4_71_67_174_30_4WD_5_4_SUV_vCO.jpg,suv
data/processed/car_sizes/truck/Ford_Ranger_2007_16_15_140_23_4_69_66_nan_24_RWD_2_2_Pickup_XBy.jpg,truck
data/processed/car_sizes/truck/Kia_Sedona_2010_28_17_240_38_6_78_69_202_17_FWD_7_4_Van_oBv.jpg,truck
data/processed/car_sizes/suv/Subaru_Forester_2011_21_16_170_25_4_70_65_179_21_AWD_5_4_SUV_tRt.jpg,suv
data/processed/car_sizes/suv/Honda_Pilot_2019_34_18_280_35_6_78_70_196_19_FWD_8_4_SUV_OAw.jpg,suv
data/processed/car_sizes/suv/Porsche_Cayenne_2017_59_18_300_36_6_78_67_191_18_AWD_5_4_SUV_xEX.jpg,suv
data/processed/car_sizes/compact/Toyota_Yaris_2017_16_15_100_15_4_66_59_155_30_FWD_5_2_2dr_LFE.jpg,compact
data/processed/car_sizes/suv/Mazda_CX-9_2016_41_20_220_25_4_77_67_199_21_AWD_7_4_SUV_rVE.jpg,suv
data/processed/car_sizes/midsize/Chevrolet_Malibu_2013_24_17_180_24_4_73_57_191_25_FWD_5_4_4dr_oeP.jpg,midsize
data/processed/car_sizes/suv/Volkswagen_Tiguan_2011_24_16_200_20_4_71_66_174_20_FWD_5_4_SUV_EkW.jpg,suv
data/processed/car_sizes/compact/Subaru_BRZ_2020_29_17_200_20_4_69_52_166_24_RWD_4_2_2dr_mPe.jpg,compact
data/processed/car_sizes/truck/Honda_Odyssey_2013_31_17_240_35_6_79_68_202_18_FWD_8_4_Van_XFW.jpg,truck
data/processed/car_sizes/suv/Jeep_Wrangler_2011_28_18_200_38_6_73_- _152_15_4WD_4_2_SUV_uMY.jpg,suv
data/processed/car_sizes/truck/Honda_Ridgeline_2008_28_17_240_35_6_76_70_206_15_4WD_5_4_Pickup_Wzw.jpg,truck
data/processed/car_sizes/truck/Toyota_Tundra_2017_50_20_380_57_8_79_76_nan_13_4WD_5_4_Pickup_GMP.jpg,truck
data/processed/car_sizes/truck/Volkswagen_Golf_2017_20_15_170_18_4_70_57_167_25_FWD_5_4_4dr_XHW.jpg,truck
data/processed/car_sizes/full/Jaguar_XF_2011_52_18_380_50_8_75_57_195_16_RWD_5_4_4dr_Pin.jpg,full
data/processed/car_sizes/truck/Volkswagen_Golf_2017_20_15_170_18_4_70_57_167_25_FWD_5_4_4dr_uuI.jpg,truck
data/processed/car_sizes/suv/BMW_X3_2017_40_18_240_20_4_74_66_183_21_RWD_5_4_SUV_fCg.jpg,suv
data/processed/car_sizes/compact/Toyota_Yaris_2017_16_15_100_15_4_66_59_155_30_FWD_5_2_2dr_fPL.jpg,compact
data/processed/car_sizes/truck/Ford_Ranger_2007_16_15_140_23_4_69_66_nan_24_RWD_2_2_Pickup_pvs.jpg,truck
data/processed/car_sizes/midsize/Buick_Regal_2017_27_18_180_24_nan_73_58_190_19_FWD_5_4_4dr_lxF.jpg,midsize
data/processed/car_sizes/suv/Nissan_Murano_2016_40_20_260_35_6_75_66_192_21_AWD_5_4_SUV_MLo.jpg,suv
data/processed/car_sizes/truck/Volkswagen_Golf_2017_20_15_170_18_4_70_57_167_25_FWD_5_4_4dr_Iqp.jpg,truck
data/processed/car_sizes/midsize/Toyota_Corolla_2015_17_15_130_18_4_69_57_182_27_FWD_5_4_4dr_bPv.jpg,midsize
data/processed/car_sizes/compact/Subaru_BRZ_2020_29_17_200_20_4_69_52_166_24_RWD_4_2_2dr_YSv.jpg,compact
data/processed/car_sizes/suv/Mazda_CX-5_2015_29_19_180_25_4_72_65_178_24_AWD_5_4_SUV_iQv.jpg,suv
data/processed/car_sizes/suv/Mitsubishi_Outlander_2014_22_16_160_24_4_70_66_183_25_FWD_7_4_SUV_rCH.jpg,suv
data/processed/car_sizes/compact/Jaguar_F-Type_2017_66_18_340_30_6_75_51_176_20_RWD_2_2_Convertible_TIh.jpg,compact
data/processed/car_sizes/compact/Kia_Rio_2020_15_15_120_16_4_67_57_172_33_FWD_5_4_4dr_IsX.jpg,compact
data/processed/car_sizes/compact/Mitsubishi_Mirage_2015_14_14_740_12_3_65_59_148_37_FWD_5_4_4dr_uKp.jpg,compact
data/processed/car_sizes/truck/Honda_Odyssey_2011_31_17_240_35_6_79_68_202_18_FWD_8_4_Van_lpP.jpg,truck
data/processed/car_sizes/truck/Volkswagen_Golf_2012_25_18_200_20_4_70_57_165_24_FWD_5_2_2dr_UsA.jpg,truck
data/processed/car_sizes/compact/Audi_TT_2014_39_18_210_20_4_72_53_165_22_AWD_4_2_2dr_wYS.jpg,compact
data/processed/car_sizes/suv/Lexus_LX_2015_83_20_380_57_8_77_73_197_12_4WD_8_4_SUV_Rvf.jpg,suv
data/processed/car_sizes/suv/Jeep_Compass_2011_20_17_170_24_4_69_65_173_22_4WD_5_4_SUV_yJD.jpg,suv
data/processed/car_sizes/truck/Ford_Ranger_2007_16_15_140_23_4_69_66_nan_24_RWD_2_2_Pickup_eBG.jpg,truck
data/processed/car_sizes/suv/Land Rover_Range Rover_2012_79_19_380_50_8_80_73_195_12_4WD_5_4_SUV_XXD.jpg,suv
data/processed/car_sizes/full/Porsche_Panamera_2016_78_18_310_36_6_76_55_197_18_RWD_4_4_4dr_Bqa.jpg,full
data/processed/car_sizes/suv/Toyota_RAV4_2012_24_16_170_25_4_71_66_181_21_4WD_5_4_SUV_UWs.jpg,suv
data/processed/car_sizes/suv/Jeep_Renegade_2015_23_16_160_14_4_74_66_166_24_4WD_5_4_SUV_txK.jpg,suv
data/processed/car_sizes/suv/BMW_X3_2014_39_18_240_20_4_74_65_183_21_AWD_5_4_SUV_NmG.jpg,suv
data/processed/car_sizes/suv/Volvo_XC90_2019_50_18_250_20_4_79_69_194_20_AWD_7_4_SUV_pVR.jpg,suv
data/processed/car_sizes/suv/Toyota_RAV4_2015_25_17_170_25_4_72_65_179_22_AWD_5_4_SUV_Vdg.jpg,suv
data/processed/car_sizes/truck/Honda_Ridgeline_2008_28_17_240_35_6_76_70_206_15_4WD_5_4_Pickup_MAX.jpg,truck
data/processed/car_sizes/truck/Volkswagen_Golf_2012_25_18_200_20_4_70_57_165_24_FWD_5_2_2dr_faw.jpg,truck
data/processed/car_sizes/suv/BMW_X6_2014_60_19_300_30_6_78_66_192_17_AWD_4_4_SUV_TCi.jpg,suv
data/processed/car_sizes/suv/Volvo_XC90_2019_50_18_250_20_4_79_69_194_20_AWD_7_4_SUV_xRm.jpg,suv
data/processed/car_sizes/suv/Volvo_XC90_2019_50_18_250_20_4_79_69_194_20_AWD_7_4_SUV_ZVv.jpg,suv
data/processed/car_sizes/full/Toyota_Camry_2017_26_16_200_25_4_71_57_190_42_FWD_5_4_4dr_pWY.jpg,full
data/processed/car_sizes/truck/Toyota_Tundra_2013_27_18_270_40_6_79_75_nan_16_RWD_6_4_Pickup_cxm.jpg,truck
data/processed/car_sizes/compact/Toyota_Yaris_2014_15_15_100_15_4_66_59_153_30_FWD_5_2_2dr_swn.jpg,compact
data/processed/car_sizes/truck/Volkswagen_Golf_2012_25_18_200_20_4_70_57_165_24_FWD_5_2_2dr_Ngm.jpg,truck
data/processed/car_sizes/suv/Audi_Q7_2015_53_19_240_30_6_78_68_200_19_AWD_7_4_SUV_hSP.jpg,suv
data/processed/car_sizes/suv/Cadillac_Escalade_2014_63_18_400_62_8_79_75_nan_14_RWD_7_4_SUV_noe.jpg,suv
data/processed/car_sizes/suv/Ford_Explorer_2019_34_18_290_35_6_78_70_198_16_4WD_7_4_SUV_aQG.jpg,suv
data/processed/car_sizes/suv/Ford_Explorer_2019_34_18_290_35_6_78_70_198_16_4WD_7_4_SUV_duY.jpg,suv
data/processed/car_sizes/midsize/Chevrolet_Malibu_2011_21_17_160_24_4_70_57_191_22_FWD_5_4_4dr_wdQ.jpg,midsize
data/processed/car_sizes/compact/Subaru_BRZ_2020_29_17_200_20_4_69_52_166_24_RWD_4_2_2dr_bZa.jpg,compact
data/processed/car_sizes/suv/Volvo_XC90_2019_50_18_250_20_4_79_69_194_20_AWD_7_4_SUV_cru.jpg,suv
data/processed/car_sizes/truck/Kia_Sedona_2010_28_17_240_38_6_78_69_202_17_FWD_7_4_Van_teh.jpg,truck
data/processed/car_sizes/midsize/Kia_Forte_2019_21_17_140_20_4_70_56_182_30_FWD_5_4_4dr_Nct.jpg,midsize
data/processed/car_sizes/midsize/Honda_Civic_2012_16_15_140_18_4_69_55_176_nan_FWD_5_2_2dr_TKH.jpg,midsize
data/processed/car_sizes/suv/Mitsubishi_Outlander_2014_22_16_160_24_4_70_66_183_25_FWD_7_4_SUV_jwT.jpg,suv
data/processed/car_sizes/suv/Honda_Pilot_2019_34_18_280_35_6_78_70_196_19_FWD_8_4_SUV_fmK.jpg,suv
data/processed/car_sizes/midsize/Chevrolet_Malibu_2011_21_17_160_24_4_70_57_191_22_FWD_5_4_4dr_XyC.jpg,midsize
data/processed/car_sizes/midsize/Toyota_Corolla_2015_17_15_130_18_4_69_57_182_27_FWD_5_4_4dr_SLK.jpg,midsize
data/processed/car_sizes/compact/Toyota_Yaris_2017_16_15_100_15_4_66_59_155_30_FWD_5_2_2dr_RTD.jpg,compact
data/processed/car_sizes/midsize/Subaru_Impreza_2016_19_15_140_20_4_68_57_180_28_AWD_5_4_4dr_zDb.jpg,midsize
data/processed/car_sizes/truck/Toyota_Sienna_2017_29_17_290_35_6_78_68_200_19_FWD_7_4_Van_HXl.jpg,truck
data/processed/car_sizes/truck/Toyota_Tundra_2017_50_20_380_57_8_79_76_nan_13_4WD_5_4_Pickup_PLx.jpg,truck
data/processed/car_sizes/suv/Volkswagen_Tiguan_2011_24_16_200_20_4_71_66_174_20_FWD_5_4_SUV_TFm.jpg,suv
data/processed/car_sizes/midsize/Audi_A5_2019_51_18_240_20_4_72_54_184_23_AWD_4_2_Convertible_IZT.jpg,midsize
data/processed/car_sizes/midsize/Chevrolet_Malibu_2011_21_17_160_24_4_70_57_191_22_FWD_5_4_4dr_Gkb.jpg,midsize
data/processed/car_sizes/full/Lexus_LS_2012_69_18_350_46_8_73_58_199_16_AWD_5_4_4dr_haz.jpg,full
data/processed/car_sizes/midsize/Buick_Regal_2015_27_18_180_24_nan_73_58_190_19_FWD_5_4_4dr_yvJ.jpg,midsize
data/processed/car_sizes/truck/Volkswagen_Golf_2017_20_15_170_18_4_70_57_167_25_FWD_5_4_4dr_FNV.jpg,truck
data/processed/car_sizes/suv/Hyundai_Tucson_2015_23_17_160_20_4_71_65_173_21_AWD_5_4_SUV_sZK.jpg,suv
data/processed/car_sizes/suv/Porsche_Cayenne_2017_59_18_300_36_6_78_67_191_18_AWD_5_4_SUV_HwY.jpg,suv
data/processed/car_sizes/suv/Dodge_Durango_2013_39_20_290_36_6_75_71_199_16_RWD_7_4_SUV_Pcl.jpg,suv
data/processed/car_sizes/midsize/Honda_Civic_2012_16_15_140_18_4_69_55_176_nan_FWD_5_2_2dr_ynn.jpg,midsize
data/processed/car_sizes/suv/Toyota_Highlander_2016_33_18_270_35_6_75_68_191_18_AWD_8_4_SUV_OMy.jpg,suv
data/processed/car_sizes/suv/Chevrolet_TrailBlazer_2005_28_17_270_42_6_74_75_nan_15_RWD_7_4_SUV_JEz.jpg,suv
data/processed/car_sizes/suv/Porsche_Cayenne_2014_56_18_240_30_6_76_67_190_20_AWD_5_4_SUV_tNG.jpg,suv
data/processed/car_sizes/suv/Ford_Edge_2011_36_18_280_35_6_76_67_184_18_AWD_5_4_4dr_KGt.jpg,suv
data/processed/car_sizes/suv/Toyota_Highlander_2013_31_17_270_35_6_75_68_188_17_4WD_7_4_SUV_HVj.jpg,suv
data/processed/car_sizes/truck/Honda_Odyssey_2011_31_17_240_35_6_79_68_202_18_FWD_8_4_Van_ine.jpg,truck
data/processed/car_sizes/truck/Toyota_Sienna_2017_29_17_290_35_6_78_68_200_19_FWD_7_4_Van_qmt.jpg,truck
data/processed/car_sizes/truck/Toyota_Tacoma_2012_20_15_150_27_4_72_66_nan_19_RWD_4_2_Pickup_kSL.jpg,truck
data/processed/car_sizes/truck/Toyota_Tundra_2017_50_20_380_57_8_79_76_nan_13_4WD_5_4_Pickup_JcQ.jpg,truck
data/processed/car_sizes/suv/Toyota_Highlander_2016_33_18_270_35_6_75_68_191_18_AWD_8_4_SUV_ctw.jpg,suv
data/processed/car_sizes/suv/Honda_CR-V_2016_26_17_180_24_4_71_64_179_26_FWD_5_4_SUV_CVo.jpg,suv
data/processed/car_sizes/suv/Ford_Edge_2011_36_18_280_35_6_76_67_184_18_AWD_5_4_4dr_cDt.jpg,suv
data/processed/car_sizes/compact/Hyundai_Accent_2017_16_14_130_16_4_66_57_162_26_FWD_5_4_4dr_Obh.jpg,compact
data/processed/car_sizes/suv/Volkswagen_Tiguan_2011_24_16_200_20_4_71_66_174_20_FWD_5_4_SUV_YGZ.jpg,suv
data/processed/car_sizes/suv/Porsche_Cayenne_2014_56_18_240_30_6_76_67_190_20_AWD_5_4_SUV_XWU.jpg,suv
data/processed/car_sizes/suv/Chevrolet_Tahoe_2013_40_17_320_53_8_79_76_nan_15_RWD_9_4_SUV_Iln.jpg,suv
data/processed/car_sizes/truck/Toyota_Sienna_2017_29_17_290_35_6_78_68_200_19_FWD_7_4_Van_OWC.jpg,truck
data/processed/car_sizes/suv/BMW_X6_2019_63_19_300_30_6_78_67_193_18_RWD_5_4_SUV_YmW.jpg,suv
data/processed/car_sizes/suv/Volvo_XC60_2013_34_18_240_32_6_74_67_182_19_AWD_5_4_SUV_vAz.jpg,suv
data/processed/car_sizes/suv/Chevrolet_Traverse_2017_33_17_280_36_6_78_69_203_15_AWD_8_4_SUV_VBD.jpg,suv
data/processed/car_sizes/compact/Nissan_370Z_2012_33_18_330_37_6_72_51_167_19_RWD_2_2_2dr_Bth.jpg,compact
data/processed/car_sizes/truck/Ford_Ranger_2007_16_15_140_23_4_69_66_nan_24_RWD_2_2_Pickup_MiU.jpg,truck
data/processed/car_sizes/suv/Jeep_Compass_2011_20_17_170_24_4_69_65_173_22_4WD_5_4_SUV_rJI.jpg,suv
data/processed/car_sizes/truck/Toyota_Tundra_2017_50_20_380_57_8_79_76_nan_13_4WD_5_4_Pickup_RfL.jpg,truck
data/processed/car_sizes/suv/Volkswagen_Tiguan_2011_24_16_200_20_4_71_66_174_20_FWD_5_4_SUV_tgv.jpg,suv
data/processed/car_sizes/truck/Ford_Ranger_2009_20_15_200_40_6_69_66_nan_15_RWD_3_2_Pickup_CIB.jpg,truck
data/processed/car_sizes/truck/Honda_Odyssey_2011_31_17_240_35_6_79_68_202_18_FWD_8_4_Van_gpW.jpg,truck
data/processed/car_sizes/full/Audi_A8_2013_72_19_330_30_6_76_57_202_18_AWD_5_4_4dr_DEX.jpg,full
data/processed/car_sizes/suv/Lexus_RX_2012_40_18_270_35_6_74_67_187_18_AWD_5_4_SUV_HNN.jpg,suv
data/processed/car_sizes/suv/Chevrolet_TrailBlazer_2005_28_17_270_42_6_74_75_nan_15_RWD_7_4_SUV_tAt.jpg,suv
data/processed/car_sizes/midsize/Chevrolet_Malibu_2013_24_17_180_24_4_73_57_191_25_FWD_5_4_4dr_kZG.jpg,midsize
data/processed/car_sizes/suv/Jeep_Compass_2011_20_17_170_24_4_69_65_173_22_4WD_5_4_SUV_viA.jpg,suv
data/processed/car_sizes/midsize/Chevrolet_Malibu_2013_24_17_180_24_4_73_57_191_25_FWD_5_4_4dr_QnN.jpg,midsize
data/processed/car_sizes/suv/Mitsubishi_Outlander_2017_23_18_160_24_4_71_66_184_25_FWD_7_4_SUV_sJy.jpg,suv
data/processed/car_sizes/suv/Ford_Explorer_2015_32_18_290_35_6_78_71_197_17_4WD_7_4_SUV_icu.jpg,suv
data/processed/car_sizes/suv/Hyundai_Santa Fe_2012_24_17_170_24_4_74_67_184_20_AWD_5_4_SUV_Hfw.jpg,suv
data/processed/car_sizes/suv/Volvo_XC60_2017_42_18_240_20_4_74_67_182_nan_AWD_5_4_SUV_tbi.jpg,suv
data/processed/car_sizes/suv/Honda_CR-V_2012_24_17_180_24_4_71_65_178_23_FWD_5_4_SUV_Nbg.jpg,suv
data/processed/car_sizes/suv/Volvo_XC90_2019_50_18_250_20_4_79_69_194_20_AWD_7_4_SUV_Lmd.jpg,suv
data/processed/car_sizes/suv/Land Rover_Range Rover Evoque_2015_57_20_240_20_4_74_63_171_21_4WD_5_2_SUV_oVr.jpg,suv
data/processed/car_sizes/truck/Kia_Sedona_2010_28_17_240_38_6_78_69_202_17_FWD_7_4_Van_pJR.jpg,truck
data/processed/car_sizes/compact/Hyundai_Accent_2017_16_14_130_16_4_66_57_162_26_FWD_5_4_4dr_QiG.jpg,compact
data/processed/car_sizes/suv/Mitsubishi_Outlander_2014_22_16_160_24_4_70_66_183_25_FWD_7_4_SUV_whF.jpg,suv
data/processed/car_sizes/midsize/Subaru_Impreza_2014_18_15_140_20_4_68_57_180_27_AWD_5_4_4dr_GAx.jpg,midsize
data/processed/car_sizes/suv/Ford_Expedition_2017_60_20_360_35_6_78_77_206_15_RWD_8_4_SUV_mes.jpg,suv
data/processed/car_sizes/suv/Chevrolet_Traverse_2012_31_17_280_36_6_78_70_205_16_AWD_8_4_SUV_PuI.jpg,suv
data/processed/car_sizes/suv/Honda_CR-V_2012_24_17_180_24_4_71_65_178_23_FWD_5_4_SUV_vZe.jpg,suv
data/processed/car_sizes/compact/Jaguar_F-Type_2017_66_18_340_30_6_75_51_176_20_RWD_2_2_Convertible_TlN.jpg,compact
data/processed/car_sizes/suv/Mitsubishi_Outlander_2015_23_16_160_24_4_70_66_183_25_FWD_7_4_SUV_DCm.jpg,suv
data/processed/car_sizes/truck/Toyota_Sienna_2017_29_17_290_35_6_78_68_200_19_FWD_7_4_Van_QSB.jpg,truck
data/processed/car_sizes/midsize/Kia_Forte_2016_19_17_170_20_4_70_56_179_24_FWD_5_4_4dr_fHJ.jpg,midsize
data/processed/car_sizes/midsize/Chevrolet_Malibu_2011_21_17_160_24_4_70_57_191_22_FWD_5_4_4dr_yrj.jpg,midsize
data/processed/car_sizes/suv/Land Rover_Range Rover Sport_2017_72_20_250_30_6_78_70_191_22_4WD_5_4_SUV_SfM.jpg,suv
data/processed/car_sizes/suv/Toyota_4Runner_2013_41_20_270_40_6_75_70_189_17_4WD_5_4_SUV_jhF.jpg,suv
data/processed/car_sizes/suv/BMW_X5_2013_56_18_260_30_6_76_69_191_nan_AWD_5_4_SUV_Oen.jpg,suv
data/processed/car_sizes/truck/Volkswagen_Golf_2012_25_18_200_20_4_70_57_165_24_FWD_5_2_2dr_nPb.jpg,truck
data/processed/car_sizes/suv/BMW_X6_2014_60_19_300_30_6_78_66_192_17_AWD_4_4_SUV_iBZ.jpg,suv
data/processed/car_sizes/compact/Toyota_Yaris_2014_15_15_100_15_4_66_59_153_30_FWD_5_2_2dr_nPH.jpg,compact
data/processed/car_sizes/suv/Land Rover_Range Rover Evoque_2015_57_20_240_20_4_74_63_171_21_4WD_5_2_SUV_Gso.jpg,suv
data/processed/car_sizes/truck/Volkswagen_Golf_2012_25_18_200_20_4_70_57_165_24_FWD_5_2_2dr_xoj.jpg,truck
data/processed/car_sizes/truck/Volkswagen_Golf_2012_25_18_200_20_4_70_57_165_24_FWD_5_2_2dr_Qah.jpg,truck
data/processed/car_sizes/suv/Volkswagen_Tiguan_2016_28_19_200_20_4_71_67_174_21_FWD_5_4_SUV_KSf.jpg,suv
data/processed/car_sizes/midsize/Audi_A4_2015_37_17_220_20_4_71_56_185_22_AWD_5_4_4dr_BxF.jpg,midsize
data/processed/car_sizes/midsize/Subaru_Legacy_2012_20_16_170_25_4_71_59_186_23_AWD_5_4_4dr_hYE.jpg,midsize
data/processed/car_sizes/suv/Acura_RDX_2012_34_18_240_23_4_73_65_182_17_AWD_5_4_SUV_eAc.jpg,suv
data/processed/car_sizes/truck/Honda_Odyssey_2011_31_17_240_35_6_79_68_202_18_FWD_8_4_Van_yJg.jpg,truck
data/processed/car_sizes/suv/BMW_X6_2019_63_19_300_30_6_78_67_193_18_RWD_5_4_SUV_vEg.jpg,suv
data/processed/car_sizes/compact/Kia_Rio_2020_15_15_120_16_4_67_57_172_33_FWD_5_4_4dr_cot.jpg,compact
data/processed/car_sizes/suv/Honda_Pilot_2019_34_18_280_35_6_78_70_196_19_FWD_8_4_SUV_Nha.jpg,suv
data/processed/car_sizes/truck/Toyota_Tundra_2017_50_20_380_57_8_79_76_nan_13_4WD_5_4_Pickup_xYm.jpg,truck
data/processed/car_sizes/midsize/Nissan_Versa_2014_12_15_100_16_4_66_59_175_26_FWD_5_4_4dr_uWH.jpg,midsize
data/processed/car_sizes/midsize/Toyota_Corolla_2015_17_15_130_18_4_69_57_182_27_FWD_5_4_4dr_fuA.jpg,midsize
data/processed/car_sizes/truck/Toyota_Sienna_2017_29_17_290_35_6_78_68_200_19_FWD_7_4_Van_xbX.jpg,truck
data/processed/car_sizes/suv/BMW_X6_2012_59_19_300_30_6_78_66_192_16_AWD_4_4_SUV_mKZ.jpg,suv
data/processed/car_sizes/midsize/Audi_A5_2019_51_18_240_20_4_72_54_184_23_AWD_4_2_Convertible_pUn.jpg,midsize
data/processed/car_sizes/midsize/Honda_Civic_2012_16_15_140_18_4_69_55_176_nan_FWD_5_2_2dr_HuP.jpg,midsize
data/processed/car_sizes/compact/Toyota_Yaris_2014_15_15_100_15_4_66_59_153_30_FWD_5_2_2dr_HwP.jpg,compact
data/processed/car_sizes/compact/Hyundai_Accent_2017_16_14_130_16_4_66_57_162_26_FWD_5_4_4dr_EtA.jpg,compact
data/processed/car_sizes/truck/Honda_Ridgeline_2008_28_17_240_35_6_76_70_206_15_4WD_5_4_Pickup_cQZ.jpg,truck
data/processed/car_sizes/suv/Ford_Explorer_2015_32_18_290_35_6_78_71_197_17_4WD_7_4_SUV_SPX.jpg,suv
data/processed/car_sizes/suv/Volvo_XC90_2014_41_18_240_32_6_76_70_189_16_AWD_7_4_SUV_Jhz.jpg,suv
data/processed/car_sizes/suv/Porsche_Cayenne_2017_59_18_300_36_6_78_67_191_18_AWD_5_4_SUV_gvA.jpg,suv
data/processed/car_sizes/compact/Hyundai_Accent_2017_16_14_130_16_4_66_57_162_26_FWD_5_4_4dr_FZv.jpg,compact
data/processed/car_sizes/suv/Jeep_Compass_2011_20_17_170_24_4_69_65_173_22_4WD_5_4_SUV_Duf.jpg,suv
data/processed/car_sizes/suv/Honda_CR-V_2012_24_17_180_24_4_71_65_178_23_FWD_5_4_SUV_BvI.jpg,suv
data/processed/car_sizes/suv/Toyota_Highlander_2013_31_17_270_35_6_75_68_188_17_4WD_7_4_SUV_KlF.jpg,suv
data/processed/car_sizes/suv/Audi_Q5_2012_35_18_210_20_4_74_65_182_20_AWD_5_4_SUV_mKs.jpg,suv
data/processed/car_sizes/suv/Nissan_Pathfinder_2013_39_20_260_35_6_77_70_197_20_FWD_7_4_SUV_loI.jpg,suv
data/processed/car_sizes/midsize/Nissan_Sentra_2019_25_18_180_16_4_69_58_183_25_FWD_5_4_4dr_Aqb.jpg,midsize
data/processed/car_sizes/suv/Honda_Pilot_2011_31_17_250_35_6_78_72_190_17_FWD_8_4_SUV_FqG.jpg,suv
data/processed/car_sizes/midsize/Toyota_Corolla_2015_17_15_130_18_4_69_57_182_27_FWD_5_4_4dr_anm.jpg,midsize
data/processed/car_sizes/suv/Ford_Edge_2011_36_18_280_35_6_76_67_184_18_AWD_5_4_4dr_zto.jpg,suv
data/processed/car_sizes/suv/BMW_X6_2014_60_19_300_30_6_78_66_192_17_AWD_4_4_SUV_YhV.jpg,suv
data/processed/car_sizes/full/Porsche_Panamera_2020_103_21_330_30_6_76_56_198_19_RWD_4_4_4dr_Hiv.jpg,full
data/processed/car_sizes/full/Toyota_Avalon_2015_39_18_260_35_6_72_57_195_21_FWD_5_4_4dr_awB.jpg,full
data/processed/car_sizes/truck/Toyota_Sienna_2017_29_17_290_35_6_78_68_200_19_FWD_7_4_Van_gRu.jpg,truck
data/processed/car_sizes/truck/Kia_Sedona_2010_28_17_240_38_6_78_69_202_17_FWD_7_4_Van_dtP.jpg,truck
data/processed/car_sizes/midsize/Nissan_Versa_2014_12_15_100_16_4_66_59_175_26_FWD_5_4_4dr_oZi.jpg,midsize
data/processed/car_sizes/suv/BMW_X3_2014_39_18_240_20_4_74_65_183_21_AWD_5_4_SUV_VGn.jpg,suv
data/processed/car_sizes/midsize/Subaru_Impreza_2014_18_15_140_20_4_68_57_180_27_AWD_5_4_4dr_Cim.jpg,midsize
data/processed/car_sizes/suv/Audi_Q5_2012_35_18_210_20_4_74_65_182_20_AWD_5_4_SUV_NgO.jpg,suv
data/processed/car_sizes/suv/Volkswagen_Tiguan_2011_24_16_200_20_4_71_66_174_20_FWD_5_4_SUV_oer.jpg,suv
data/processed/car_sizes/truck/Toyota_Sienna_2017_29_17_290_35_6_78_68_200_19_FWD_7_4_Van_ILb.jpg,truck
data/processed/car_sizes/truck/Ford_Ranger_2007_16_15_140_23_4_69_66_nan_24_RWD_2_2_Pickup_ZzH.jpg,truck
data/processed/car_sizes/suv/Ford_Expedition_2017_60_20_360_35_6_78_77_206_15_RWD_8_4_SUV_UaG.jpg,suv
data/processed/car_sizes/compact/Jaguar_F-Type_2017_66_18_340_30_6_75_51_176_20_RWD_2_2_Convertible_afX.jpg,compact
data/processed/car_sizes/full/Toyota_Camry_2017_26_16_200_25_4_71_57_190_42_FWD_5_4_4dr_nEA.jpg,full
data/processed/car_sizes/suv/Volkswagen_Tiguan_2011_24_16_200_20_4_71_66_174_20_FWD_5_4_SUV_jCC.jpg,suv
data/processed/car_sizes/truck/Honda_Ridgeline_2008_28_17_240_35_6_76_70_206_15_4WD_5_4_Pickup_cKF.jpg,truck
data/processed/car_sizes/midsize/Toyota_Corolla_2012_16_15_130_18_4_69_57_180_26_FWD_5_4_4dr_dbf.jpg,midsize
data/processed/car_sizes/midsize/Chevrolet_Malibu_2011_21_17_160_24_4_70_57_191_22_FWD_5_4_4dr_Zbd.jpg,midsize
data/processed/car_sizes/midsize/Chevrolet_Malibu_2011_21_17_160_24_4_70_57_191_22_FWD_5_4_4dr_Bvy.jpg,midsize
data/processed/car_sizes/suv/Honda_Pilot_2011_31_17_250_35_6_78_72_190_17_FWD_8_4_SUV_thQ.jpg,suv
data/processed/car_sizes/midsize/Chevrolet_Malibu_2013_24_17_180_24_4_73_57_191_25_FWD_5_4_4dr_ZOH.jpg,midsize
data/processed/car_sizes/suv/Volkswagen_Tiguan_2016_28_19_200_20_4_71_67_174_21_FWD_5_4_SUV_ont.jpg,suv
data/processed/car_sizes/suv/Chevrolet_Traverse_2012_31_17_280_36_6_78_70_205_16_AWD_8_4_SUV_vrt.jpg,suv
data/processed/car_sizes/truck/Honda_Odyssey_2011_31_17_240_35_6_79_68_202_18_FWD_8_4_Van_ipP.jpg,truck
data/processed/car_sizes/midsize/Chevrolet_Malibu_2011_21_17_160_24_4_70_57_191_22_FWD_5_4_4dr_sNZ.jpg,midsize
data/processed/car_sizes/suv/Lexus_RX_2015_42_18_270_35_6_74_66_187_18_AWD_5_4_SUV_cdA.jpg,suv
data/processed/car_sizes/truck/Ford_Ranger_2009_20_15_200_40_6_69_66_nan_15_RWD_3_2_Pickup_FxS.jpg,truck
data/processed/car_sizes/suv/Land Rover_Range Rover_2012_79_19_380_50_8_80_73_195_12_4WD_5_4_SUV_MoS.jpg,suv
data/processed/car_sizes/suv/Land Rover_Range Rover_2012_79_19_380_50_8_80_73_195_12_4WD_5_4_SUV_OAb.jpg,suv
data/processed/car_sizes/suv/Nissan_Pathfinder_2013_39_20_260_35_6_77_70_197_20_FWD_7_4_SUV_AwZ.jpg,suv
data/processed/car_sizes/suv/Toyota_Highlander_2013_31_17_270_35_6_75_68_188_17_4WD_7_4_SUV_Kfs.jpg,suv
data/processed/car_sizes/compact/Toyota_Yaris_2017_16_15_100_15_4_66_59_155_30_FWD_5_2_2dr_Ksp.jpg,compact
data/processed/car_sizes/suv/Subaru_Forester_2011_21_16_170_25_4_70_65_179_21_AWD_5_4_SUV_zzf.jpg,suv
data/processed/car_sizes/suv/Toyota_Highlander_2016_33_18_270_35_6_75_68_191_18_AWD_8_4_SUV_yuU.jpg,suv
data/processed/car_sizes/suv/Chevrolet_Traverse_2017_33_17_280_36_6_78_69_203_15_AWD_8_4_SUV_Dfo.jpg,suv
data/processed/car_sizes/suv/Mitsubishi_Outlander_2017_23_18_160_24_4_71_66_184_25_FWD_7_4_SUV_HYy.jpg,suv
data/processed/car_sizes/suv/Mitsubishi_Outlander_2017_23_18_160_24_4_71_66_184_25_FWD_7_4_SUV_imv.jpg,suv
data/processed/car_sizes/suv/Kia_Sorento_2017_33_18_240_20_4_74_66_187_19_AWD_5_4_SUV_SdI.jpg,suv
data/processed/car_sizes/suv/BMW_X6_2012_59_19_300_30_6_78_66_192_16_AWD_4_4_SUV_XdM.jpg,suv
data/processed/car_sizes/full/Porsche_Panamera_2016_78_18_310_36_6_76_55_197_18_RWD_4_4_4dr_hDX.jpg,full
data/processed/car_sizes/suv/Jeep_Renegade_2015_23_16_160_14_4_74_66_166_24_4WD_5_4_SUV_LjU.jpg,suv
data/processed/car_sizes/full/Toyota_Camry_2017_26_16_200_25_4_71_57_190_42_FWD_5_4_4dr_mEq.jpg,full
data/processed/car_sizes/suv/Cadillac_Escalade_2014_63_18_400_62_8_79_75_nan_14_RWD_7_4_SUV_Zql.jpg,suv
data/processed/car_sizes/suv/Mazda_CX-5_2015_29_19_180_25_4_72_65_178_24_AWD_5_4_SUV_YgO.jpg,suv
data/processed/car_sizes/truck/Kia_Sedona_2010_28_17_240_38_6_78_69_202_17_FWD_7_4_Van_cZC.jpg,truck
data/processed/car_sizes/midsize/Audi_A4_2015_37_17_220_20_4_71_56_185_22_AWD_5_4_4dr_eUe.jpg,midsize
data/processed/car_sizes/compact/Nissan_370Z_2012_33_18_330_37_6_72_51_167_19_RWD_2_2_2dr_UOY.jpg,compact
data/processed/car_sizes/suv/Jeep_Wrangler_2011_28_18_200_38_6_73_- _152_15_4WD_4_2_SUV_BEN.jpg,suv
data/processed/car_sizes/suv/Jeep_Compass_2017_21_18_170_24_4_71_65_175_20_4WD_5_4_SUV_XGe.jpg,suv
data/processed/car_sizes/midsize/Subaru_Impreza_2016_19_15_140_20_4_68_57_180_28_AWD_5_4_4dr_yJj.jpg,midsize
data/processed/car_sizes/midsize/Kia_Forte_2016_19_17_170_20_4_70_56_179_24_FWD_5_4_4dr_QZI.jpg,midsize
data/processed/car_sizes/suv/Lexus_RX_2012_40_18_270_35_6_74_67_187_18_AWD_5_4_SUV_FiQ.jpg,suv
data/processed/car_sizes/compact/Kia_Rio_2020_15_15_120_16_4_67_57_172_33_FWD_5_4_4dr_fmp.jpg,compact
data/processed/car_sizes/suv/Chevrolet_Tahoe_2013_40_17_320_53_8_79_76_nan_15_RWD_9_4_SUV_Grl.jpg,suv
data/processed/car_sizes/suv/Chevrolet_Traverse_2012_31_17_280_36_6_78_70_205_16_AWD_8_4_SUV_gvD.jpg,suv
data/processed/car_sizes/truck/Toyota_Tundra_2013_27_18_270_40_6_79_75_nan_16_RWD_6_4_Pickup_wkT.jpg,truck
data/processed/car_sizes/suv/Audi_Q5_2016_40_18_220_20_4_74_65_182_20_AWD_5_4_SUV_Bdp.jpg,suv
data/processed/car_sizes/suv/Land Rover_Range Rover_2012_79_19_380_50_8_80_73_195_12_4WD_5_4_SUV_oEJ.jpg,suv
data/processed/car_sizes/suv/Honda_Pilot_2019_34_18_280_35_6_78_70_196_19_FWD_8_4_SUV_yki.jpg,suv
data/processed/car_sizes/suv/Dodge_Durango_2013_39_20_290_36_6_75_71_199_16_RWD_7_4_SUV_hPu.jpg,suv
data/processed/car_sizes/suv/Nissan_Pathfinder_2013_39_20_260_35_6_77_70_197_20_FWD_7_4_SUV_aTG.jpg,suv
data/processed/car_sizes/suv/Chevrolet_Traverse_2017_33_17_280_36_6_78_69_203_15_AWD_8_4_SUV_jSm.jpg,suv
data/processed/car_sizes/compact/Audi_R8_2012_136_19_430_42_8_75_49_174_13_AWD_2_2_Convertible_GZz.jpg,compact
data/processed/car_sizes/truck/Ford_Ranger_2007_16_15_140_23_4_69_66_nan_24_RWD_2_2_Pickup_zhr.jpg,truck
data/processed/car_sizes/full/Cadillac_XTS_2012_nan_nan_nan_nan_nan_nan_nan_nan_nan_nan_nan_nan_nan_Ziu.jpg,full
data/processed/car_sizes/suv/Hyundai_Santa Fe_2015_31_18_290_33_6_74_66_193_18_AWD_7_4_SUV_URC.jpg,suv
data/processed/car_sizes/suv/Cadillac_Escalade_2014_63_18_400_62_8_79_75_nan_14_RWD_7_4_SUV_sBc.jpg,suv
data/processed/car_sizes/suv/Acura_MDX_2013_43_18_300_37_6_78_68_191_nan_AWD_7_4_SUV_hwD.jpg,suv
data/processed/car_sizes/suv/Dodge_Durango_2013_39_20_290_36_6_75_71_199_16_RWD_7_4_SUV_dWW.jpg,suv
data/processed/car_sizes/suv/Lexus_NX_2017_39_17_190_25_4_73_64_182_33_AWD_5_4_SUV_QNI.jpg,suv
data/processed/car_sizes/suv/Toyota_Sequoia_2017_57_20_380_57_8_79_77_205_13_4WD_8_4_SUV_gdr.jpg,suv
data/processed/car_sizes/compact/Kia_Rio_2020_15_15_120_16_4_67_57_172_33_FWD_5_4_4dr_xpm.jpg,compact
data/processed/car_sizes/midsize/Toyota_Corolla_2015_17_15_130_18_4_69_57_182_27_FWD_5_4_4dr_Vyp.jpg,midsize
data/processed/car_sizes/truck/Kia_Sedona_2010_28_17_240_38_6_78_69_202_17_FWD_7_4_Van_FzK.jpg,truck
data/processed/car_sizes/truck/Toyota_Tundra_2017_50_20_380_57_8_79_76_nan_13_4WD_5_4_Pickup_BVP.jpg,truck
data/processed/car_sizes/truck/Honda_Odyssey_2011_31_17_240_35_6_79_68_202_18_FWD_8_4_Van_tNM.jpg,truck
data/processed/car_sizes/suv/Ford_Edge_2011_36_18_280_35_6_76_67_184_18_AWD_5_4_4dr_fgs.jpg,suv
data/processed/car_sizes/midsize/Chevrolet_Malibu_2013_24_17_180_24_4_73_57_191_25_FWD_5_4_4dr_cQO.jpg,midsize
data/processed/car_sizes/full/Toyota_Avalon_2015_39_18_260_35_6_72_57_195_21_FWD_5_4_4dr_veP.jpg,full
data/processed/car_sizes/suv/Ford_Expedition_2017_60_20_360_35_6_78_77_206_15_RWD_8_4_SUV_HId.jpg,suv
data/processed/car_sizes/suv/Land Rover_Range Rover Sport_2017_72_20_250_30_6_78_70_191_22_4WD_5_4_SUV_LOY.jpg,suv
data/processed/car_sizes/suv/Nissan_Murano_2016_40_20_260_35_6_75_66_192_21_AWD_5_4_SUV_IgO.jpg,suv
data/processed/car_sizes/midsize/Kia_Forte_2016_19_17_170_20_4_70_56_179_24_FWD_5_4_4dr_zik.jpg,midsize
data/processed/car_sizes/suv/Subaru_Forester_2011_21_16_170_25_4_70_65_179_21_AWD_5_4_SUV_YTB.jpg,suv
data/processed/car_sizes/suv/Chevrolet_Traverse_2012_31_17_280_36_6_78_70_205_16_AWD_8_4_SUV_Yft.jpg,suv
data/processed/car_sizes/full/Jaguar_XF_2011_52_18_380_50_8_75_57_195_16_RWD_5_4_4dr_qtg.jpg,full
data/processed/car_sizes/midsize/Chevrolet_Malibu_2011_21_17_160_24_4_70_57_191_22_FWD_5_4_4dr_UjU.jpg,midsize
data/processed/car_sizes/suv/Mazda_CX-5_2017_30_19_180_25_4_72_65_179_23_AWD_5_4_SUV_qCb.jpg,suv
data/processed/car_sizes/suv/Lexus_NX_2017_39_17_190_25_4_73_64_182_33_AWD_5_4_SUV_HFh.jpg,suv
data/processed/car_sizes/compact/Subaru_BRZ_2020_29_17_200_20_4_69_52_166_24_RWD_4_2_2dr_tLF.jpg,compact
data/processed/car_sizes/suv/Jeep_Wrangler_2011_28_18_200_38_6_73_- _152_15_4WD_4_2_SUV_gQB.jpg,suv
data/processed/car_sizes/truck/Nissan_Titan_2015_32_18_310_56_8_79_74_224_13_RWD_6_4_Pickup_KFy.jpg,truck
data/processed/car_sizes/midsize/Audi_A4_2015_37_17_220_20_4_71_56_185_22_AWD_5_4_4dr_KSb.jpg,midsize
data/processed/car_sizes/suv/Nissan_Pathfinder_2013_39_20_260_35_6_77_70_197_20_FWD_7_4_SUV_DGw.jpg,suv
data/processed/car_sizes/truck/Toyota_Sienna_2017_29_17_290_35_6_78_68_200_19_FWD_7_4_Van_wAT.jpg,truck
data/processed/car_sizes/suv/Nissan_Pathfinder_2013_39_20_260_35_6_77_70_197_20_FWD_7_4_SUV_Hso.jpg,suv
data/processed/car_sizes/compact/Audi_R8_2012_136_19_430_42_8_75_49_174_13_AWD_2_2_Convertible_NxB.jpg,compact
data/processed/car_sizes/midsize/Chevrolet_Malibu_2013_24_17_180_24_4_73_57_191_25_FWD_5_4_4dr_abE.jpg,midsize
data/processed/car_sizes/suv/Toyota_RAV4_2012_24_16_170_25_4_71_66_181_21_4WD_5_4_SUV_CWF.jpg,suv
data/processed/car_sizes/suv/Jeep_Grand Cherokee_2013_29_17_290_36_6_76_69_189_16_4WD_5_4_SUV_btn.jpg,suv
data/processed/car_sizes/full/Toyota_Camry_2017_26_16_200_25_4_71_57_190_42_FWD_5_4_4dr_yuk.jpg,full
data/processed/car_sizes/truck/Ford_Ranger_2009_20_15_200_40_6_69_66_nan_15_RWD_3_2_Pickup_zan.jpg,truck
data/processed/car_sizes/suv/Volvo_XC90_2019_50_18_250_20_4_79_69_194_20_AWD_7_4_SUV_GcI.jpg,suv
data/processed/car_sizes/compact/Subaru_BRZ_2020_29_17_200_20_4_69_52_166_24_RWD_4_2_2dr_TBa.jpg,compact
data/processed/car_sizes/suv/Volvo_XC90_2019_50_18_250_20_4_79_69_194_20_AWD_7_4_SUV_ikq.jpg,suv
data/processed/car_sizes/compact/Kia_Rio_2020_15_15_120_16_4_67_57_172_33_FWD_5_4_4dr_uOn.jpg,compact
data/processed/car_sizes/suv/Lexus_NX_2017_39_17_190_25_4_73_64_182_33_AWD_5_4_SUV_zhi.jpg,suv
data/processed/car_sizes/midsize/Honda_Civic_2012_16_15_140_18_4_69_55_176_nan_FWD_5_2_2dr_NhD.jpg,midsize
data/processed/car_sizes/truck/Honda_Odyssey_2013_31_17_240_35_6_79_68_202_18_FWD_8_4_Van_ufH.jpg,truck
data/processed/car_sizes/suv/Audi_Q5_2016_40_18_220_20_4_74_65_182_20_AWD_5_4_SUV_EUO.jpg,suv
data/processed/car_sizes/suv/BMW_X6_2019_63_19_300_30_6_78_67_193_18_RWD_5_4_SUV_zYC.jpg,suv
data/processed/car_sizes/truck/Toyota_Tundra_2017_50_20_380_57_8_79_76_nan_13_4WD_5_4_Pickup_wka.jpg,truck
data/processed/car_sizes/truck/Honda_Odyssey_2011_31_17_240_35_6_79_68_202_18_FWD_8_4_Van_kdZ.jpg,truck
data/processed/car_sizes/truck/Volkswagen_Golf_2017_20_15_170_18_4_70_57_167_25_FWD_5_4_4dr_NkU.jpg,truck
data/processed/car_sizes/truck/Ford_Ranger_2009_20_15_200_40_6_69_66_nan_15_RWD_3_2_Pickup_Qya.jpg,truck
data/processed/car_sizes/midsize/Kia_Forte_2019_21_17_140_20_4_70_56_182_30_FWD_5_4_4dr_CnZ.jpg,midsize
data/processed/car_sizes/truck/Ford_Ranger_2007_16_15_140_23_4_69_66_nan_24_RWD_2_2_Pickup_YWp.jpg,truck
data/processed/car_sizes/midsize/Chevrolet_Malibu_2013_24_17_180_24_4_73_57_191_25_FWD_5_4_4dr_zWR.jpg,midsize
data/processed/car_sizes/suv/Porsche_Cayenne_2017_59_18_300_36_6_78_67_191_18_AWD_5_4_SUV_QEY.jpg,suv
data/processed/car_sizes/suv/Jeep_Renegade_2015_23_16_160_14_4_74_66_166_24_4WD_5_4_SUV_pTv.jpg,suv
data/processed/car_sizes/suv/Jeep_Wrangler_2017_30_17_280_36_6_73_72_164_17_4WD_4_2_SUV_PFW.jpg,suv
data/processed/car_sizes/suv/Audi_Q5_2016_40_18_220_20_4_74_65_182_20_AWD_5_4_SUV_wXo.jpg,suv
data/processed/car_sizes/suv/Honda_CR-V_2016_26_17_180_24_4_71_64_179_26_FWD_5_4_SUV_dRo.jpg,suv
data/processed/car_sizes/full/Jaguar_XF_2011_52_18_380_50_8_75_57_195_16_RWD_5_4_4dr_HDi.jpg,full
data/processed/car_sizes/suv/BMW_X3_2017_40_18_240_20_4_74_66_183_21_RWD_5_4_SUV_rPj.jpg,suv
data/processed/car_sizes/suv/Toyota_RAV4_2012_24_16_170_25_4_71_66_181_21_4WD_5_4_SUV_Npl.jpg,suv
data/processed/car_sizes/suv/Subaru_Forester_2011_21_16_170_25_4_70_65_179_21_AWD_5_4_SUV_EpB.jpg,suv
data/processed/car_sizes/compact/Audi_R8_2015_175_19_520_52_10_75_49_174_13_AWD_2_2_Convertible_ueZ.jpg,compact
data/processed/car_sizes/suv/Ford_Edge_2011_36_18_280_35_6_76_67_184_18_AWD_5_4_4dr_Cnl.jpg,suv
data/processed/car_sizes/midsize/Chevrolet_Malibu_2013_24_17_180_24_4_73_57_191_25_FWD_5_4_4dr_rOr.jpg,midsize
data/processed/car_sizes/midsize/Chevrolet_Malibu_2011_21_17_160_24_4_70_57_191_22_FWD_5_4_4dr_htQ.jpg,midsize
data/processed/car_sizes/midsize/Honda_Civic_2012_16_15_140_18_4_69_55_176_nan_FWD_5_2_2dr_BJR.jpg,midsize
data/processed/car_sizes/compact/Kia_Rio_2020_15_15_120_16_4_67_57_172_33_FWD_5_4_4dr_dMY.jpg,compact
data/processed/car_sizes/suv/Volkswagen_Tiguan_2011_24_16_200_20_4_71_66_174_20_FWD_5_4_SUV_SwH.jpg,suv
data/processed/car_sizes/suv/Kia_Sorento_2017_33_18_240_20_4_74_66_187_19_AWD_5_4_SUV_JbV.jpg,suv
data/processed/car_sizes/suv/Volkswagen_Tiguan_2011_24_16_200_20_4_71_66_174_20_FWD_5_4_SUV_OLm.jpg,suv
data/processed/car_sizes/truck/Toyota_Sienna_2017_29_17_290_35_6_78_68_200_19_FWD_7_4_Van_Qyu.jpg,truck
data/processed/car_sizes/truck/Toyota_Tacoma_2012_20_15_150_27_4_72_66_nan_19_RWD_4_2_Pickup_cZx.jpg,truck
data/processed/car_sizes/suv/Ford_Explorer_2015_32_18_290_35_6_78_71_197_17_4WD_7_4_SUV_bUR.jpg,suv
data/processed/car_sizes/suv/BMW_X6_2019_63_19_300_30_6_78_67_193_18_RWD_5_4_SUV_gAK.jpg,suv
data/processed/car_sizes/midsize/Nissan_Versa_2014_12_15_100_16_4_66_59_175_26_FWD_5_4_4dr_eAo.jpg,midsize
data/processed/car_sizes/full/Lexus_LS_2012_69_18_350_46_8_73_58_199_16_AWD_5_4_4dr_FNn.jpg,full
data/processed/car_sizes/truck/Toyota_Sienna_2017_29_17_290_35_6_78_68_200_19_FWD_7_4_Van_bDF.jpg,truck
data/processed/car_sizes/suv/Jeep_Wrangler_2011_28_18_200_38_6_73_- _152_15_4WD_4_2_SUV_Crz.jpg,suv
data/processed/car_sizes/midsize/Audi_A3_2020_33_18_180_20_4_70_55_175_27_FWD_5_4_4dr_myA.jpg,midsize
data/processed/car_sizes/suv/Subaru_Forester_2011_21_16_170_25_4_70_65_179_21_AWD_5_4_SUV_Sdr.jpg,suv
data/processed/car_sizes/suv/Jeep_Renegade_2015_23_16_160_14_4_74_66_166_24_4WD_5_4_SUV_QsN.jpg,suv
data/processed/car_sizes/suv/Subaru_Forester_2011_21_16_170_25_4_70_65_179_21_AWD_5_4_SUV_SVF.jpg,suv
data/processed/car_sizes/suv/Mazda_CX-5_2015_29_19_180_25_4_72_65_178_24_AWD_5_4_SUV_EYt.jpg,suv
data/processed/car_sizes/midsize/Toyota_Corolla_2015_17_15_130_18_4_69_57_182_27_FWD_5_4_4dr_Nkn.jpg,midsize
data/processed/car_sizes/compact/Audi_TT_2014_39_18_210_20_4_72_53_165_22_AWD_4_2_2dr_lcs.jpg,compact
data/processed/car_sizes/suv/Jeep_Renegade_2015_23_16_160_14_4_74_66_166_24_4WD_5_4_SUV_ZdR.jpg,suv
data/processed/car_sizes/compact/Hyundai_Accent_2017_16_14_130_16_4_66_57_162_26_FWD_5_4_4dr_JGQ.jpg,compact
data/processed/car_sizes/compact/Kia_Rio_2020_15_15_120_16_4_67_57_172_33_FWD_5_4_4dr_JTf.jpg,compact
data/processed/car_sizes/suv/Mazda_CX-5_2015_29_19_180_25_4_72_65_178_24_AWD_5_4_SUV_LhU.jpg,suv
data/processed/car_sizes/suv/Volkswagen_Tiguan_2011_24_16_200_20_4_71_66_174_20_FWD_5_4_SUV_pbq.jpg,suv
data/processed/car_sizes/suv/Jeep_Renegade_2015_23_16_160_14_4_74_66_166_24_4WD_5_4_SUV_Sme.jpg,suv
data/processed/car_sizes/suv/BMW_X6_2019_63_19_300_30_6_78_67_193_18_RWD_5_4_SUV_rib.jpg,suv
data/processed/car_sizes/compact/Jaguar_F-Type_2017_66_18_340_30_6_75_51_176_20_RWD_2_2_Convertible_fjQ.jpg,compact
data/processed/car_sizes/suv/Chevrolet_TrailBlazer_2005_28_17_270_42_6_74_75_nan_15_RWD_7_4_SUV_WFq.jpg,suv
data/processed/car_sizes/suv/Volvo_XC90_2019_50_18_250_20_4_79_69_194_20_AWD_7_4_SUV_DQA.jpg,suv
data/processed/car_sizes/midsize/Nissan_Sentra_2019_25_18_180_16_4_69_58_183_25_FWD_5_4_4dr_qHi.jpg,midsize
data/processed/car_sizes/suv/Volvo_XC60_2017_42_18_240_20_4_74_67_182_nan_AWD_5_4_SUV_FTh.jpg,suv
data/processed/car_sizes/truck/Volkswagen_Golf_2017_20_15_170_18_4_70_57_167_25_FWD_5_4_4dr_Dtv.jpg,truck
data/processed/car_sizes/suv/Acura_MDX_2013_43_18_300_37_6_78_68_191_nan_AWD_7_4_SUV_hAf.jpg,suv
data/processed/car_sizes/suv/Toyota_Land Cruiser_2011_69_18_380_57_8_77_74_194_13_4WD_8_4_SUV_kZQ.jpg,suv
data/processed/car_sizes/full/Porsche_Panamera_2020_103_21_330_30_6_76_56_198_19_RWD_4_4_4dr_ZXt.jpg,full
data/processed/car_sizes/suv/Ford_Explorer_2015_32_18_290_35_6_78_71_197_17_4WD_7_4_SUV_HZs.jpg,suv
data/processed/car_sizes/truck/Toyota_Sienna_2017_29_17_290_35_6_78_68_200_19_FWD_7_4_Van_NGk.jpg,truck
data/processed/car_sizes/suv/BMW_X6_2019_63_19_300_30_6_78_67_193_18_RWD_5_4_SUV_YJj.jpg,suv
data/processed/car_sizes/midsize/Subaru_Impreza_2016_19_15_140_20_4_68_57_180_28_AWD_5_4_4dr_WTn.jpg,midsize
data/processed/car_sizes/truck/Volkswagen_Golf_2012_25_18_200_20_4_70_57_165_24_FWD_5_2_2dr_ilz.jpg,truck
data/processed/car_sizes/suv/Honda_CR-V_2012_24_17_180_24_4_71_65_178_23_FWD_5_4_SUV_eug.jpg,suv
data/processed/car_sizes/suv/Honda_CR-V_2016_26_17_180_24_4_71_64_179_26_FWD_5_4_SUV_XgP.jpg,suv
data/processed/car_sizes/midsize/Chevrolet_Malibu_2011_21_17_160_24_4_70_57_191_22_FWD_5_4_4dr_MxP.jpg,midsize
data/processed/car_sizes/suv/BMW_X6_2012_59_19_300_30_6_78_66_192_16_AWD_4_4_SUV_VGw.jpg,suv
data/processed/car_sizes/suv/Honda_Pilot_2019_34_18_280_35_6_78_70_196_19_FWD_8_4_SUV_ZEK.jpg,suv
data/processed/car_sizes/compact/Toyota_Yaris_2017_16_15_100_15_4_66_59_155_30_FWD_5_2_2dr_Lrb.jpg,compact
data/processed/car_sizes/suv/Mitsubishi_Outlander_2014_22_16_160_24_4_70_66_183_25_FWD_7_4_SUV_igk.jpg,suv
data/processed/car_sizes/suv/Ford_Explorer_2015_32_18_290_35_6_78_71_197_17_4WD_7_4_SUV_ObD.jpg,suv
data/processed/car_sizes/suv/BMW_X6_2014_60_19_300_30_6_78_66_192_17_AWD_4_4_SUV_XQw.jpg,suv
data/processed/car_sizes/suv/Volvo_XC60_2013_34_18_240_32_6_74_67_182_19_AWD_5_4_SUV_WlS.jpg,suv
data/processed/car_sizes/midsize/Subaru_Impreza_2014_18_15_140_20_4_68_57_180_27_AWD_5_4_4dr_IaA.jpg,midsize
data/processed/car_sizes/full/Audi_A8_2013_72_19_330_30_6_76_57_202_18_AWD_5_4_4dr_AOq.jpg,full
data/processed/car_sizes/truck/Toyota_Tundra_2017_50_20_380_57_8_79_76_nan_13_4WD_5_4_Pickup_VWY.jpg,truck
data/processed/car_sizes/truck/Volkswagen_Golf_2012_25_18_200_20_4_70_57_165_24_FWD_5_2_2dr_yme.jpg,truck
data/processed/car_sizes/suv/Jeep_Compass_2017_21_18_170_24_4_71_65_175_20_4WD_5_4_SUV_IAE.jpg,suv
data/processed/car_sizes/suv/Chevrolet_Traverse_2012_31_17_280_36_6_78_70_205_16_AWD_8_4_SUV_QLc.jpg,suv
data/processed/car_sizes/truck/Honda_Ridgeline_2008_28_17_240_35_6_76_70_206_15_4WD_5_4_Pickup_lIW.jpg,truck
data/processed/car_sizes/suv/Honda_Pilot_2011_31_17_250_35_6_78_72_190_17_FWD_8_4_SUV_bST.jpg,suv
data/processed/car_sizes/midsize/Chevrolet_Malibu_2011_21_17_160_24_4_70_57_191_22_FWD_5_4_4dr_vwu.jpg,midsize
data/processed/car_sizes/suv/Chevrolet_Traverse_2012_31_17_280_36_6_78_70_205_16_AWD_8_4_SUV_Aqn.jpg,suv
data/processed/car_sizes/compact/Toyota_Yaris_2017_16_15_100_15_4_66_59_155_30_FWD_5_2_2dr_LgU.jpg,compact
data/processed/car_sizes/suv/BMW_X6_2019_63_19_300_30_6_78_67_193_18_RWD_5_4_SUV_gwb.jpg,suv
data/processed/car_sizes/suv/Acura_RDX_2012_34_18_240_23_4_73_65_182_17_AWD_5_4_SUV_jAE.jpg,suv
data/processed/car_sizes/compact/Subaru_BRZ_2020_29_17_200_20_4_69_52_166_24_RWD_4_2_2dr_zRW.jpg,compact
data/processed/car_sizes/suv/Kia_Sorento_2012_21_17_170_24_4_74_67_183_20_FWD_5_4_SUV_gax.jpg,suv
data/processed/car_sizes/suv/Volkswagen_Tiguan_2011_24_16_200_20_4_71_66_174_20_FWD_5_4_SUV_rwl.jpg,suv
data/processed/car_sizes/suv/Ford_Escape_2016_27_17_170_16_4_72_66_178_22_4WD_5_4_SUV_iey.jpg,suv
data/processed/car_sizes/suv/BMW_X3_2014_39_18_240_20_4_74_65_183_21_AWD_5_4_SUV_WhU.jpg,suv
data/processed/car_sizes/full/Toyota_Avalon_2015_39_18_260_35_6_72_57_195_21_FWD_5_4_4dr_YST.jpg,full
data/processed/car_sizes/suv/Honda_CR-V_2012_24_17_180_24_4_71_65_178_23_FWD_5_4_SUV_yJi.jpg,suv
data/processed/car_sizes/suv/Mitsubishi_Outlander_2017_23_18_160_24_4_71_66_184_25_FWD_7_4_SUV_hmE.jpg,suv
data/processed/car_sizes/suv/Jeep_Wrangler_2011_28_18_200_38_6_73_- _152_15_4WD_4_2_SUV_fTQ.jpg,suv
data/processed/car_sizes/midsize/Audi_A4_2015_37_17_220_20_4_71_56_185_22_AWD_5_4_4dr_CMf.jpg,midsize
data/processed/car_sizes/compact/Audi_TT_2014_39_18_210_20_4_72_53_165_22_AWD_4_2_2dr_cEo.jpg,compact
data/processed/car_sizes/compact/Audi_R8_2015_175_19_520_52_10_75_49_174_13_AWD_2_2_Convertible_eAF.jpg,compact
data/processed/car_sizes/suv/Ford_Escape_2016_27_17_170_16_4_72_66_178_22_4WD_5_4_SUV_AcL.jpg,suv
data/processed/car_sizes/truck/Volkswagen_Golf_2017_20_15_170_18_4_70_57_167_25_FWD_5_4_4dr_SUD.jpg,truck
data/processed/car_sizes/truck/Ford_Ranger_2009_20_15_200_40_6_69_66_nan_15_RWD_3_2_Pickup_voC.jpg,truck
data/processed/car_sizes/midsize/Chevrolet_Malibu_2011_21_17_160_24_4_70_57_191_22_FWD_5_4_4dr_CPK.jpg,midsize
data/processed/car_sizes/suv/Mitsubishi_Outlander_2014_22_16_160_24_4_70_66_183_25_FWD_7_4_SUV_YJA.jpg,suv
data/processed/car_sizes/truck/Kia_Sedona_2010_28_17_240_38_6_78_69_202_17_FWD_7_4_Van_uvE.jpg,truck
data/processed/car_sizes/truck/Honda_Ridgeline_2008_28_17_240_35_6_76_70_206_15_4WD_5_4_Pickup_Ttk.jpg,truck
data/processed/car_sizes/suv/Jeep_Wrangler_2017_30_17_280_36_6_73_72_164_17_4WD_4_2_SUV_acK.jpg,suv
data/processed/car_sizes/suv/Lexus_LX_2015_83_20_380_57_8_77_73_197_12_4WD_8_4_SUV_Xvo.jpg,suv
data/processed/car_sizes/midsize/Honda_Civic_2012_16_15_140_18_4_69_55_176_nan_FWD_5_2_2dr_PrP.jpg,midsize
data/processed/car_sizes/truck/Nissan_Titan_2015_32_18_310_56_8_79_74_224_13_RWD_6_4_Pickup_cPu.jpg,truck
data/processed/car_sizes/truck/Volkswagen_Golf_2012_25_18_200_20_4_70_57_165_24_FWD_5_2_2dr_Lks.jpg,truck
data/processed/car_sizes/suv/Honda_Pilot_2011_31_17_250_35_6_78_72_190_17_FWD_8_4_SUV_tOa.jpg,suv
data/processed/car_sizes/compact/Jaguar_F-Type_2017_66_18_340_30_6_75_51_176_20_RWD_2_2_Convertible_pWA.jpg,compact
data/processed/car_sizes/suv/Chevrolet_Traverse_2012_31_17_280_36_6_78_70_205_16_AWD_8_4_SUV_cjy.jpg,suv
data/processed/car_sizes/suv/BMW_X6_2019_63_19_300_30_6_78_67_193_18_RWD_5_4_SUV_Rsj.jpg,suv
data/processed/car_sizes/truck/Honda_Ridgeline_2008_28_17_240_35_6_76_70_206_15_4WD_5_4_Pickup_akj.jpg,truck
data/processed/car_sizes/suv/BMW_X6_2019_63_19_300_30_6_78_67_193_18_RWD_5_4_SUV_tUL.jpg,suv
data/processed/car_sizes/compact/Audi_R8_2012_136_19_430_42_8_75_49_174_13_AWD_2_2_Convertible_mXX.jpg,compact
data/processed/car_sizes/truck/Honda_Odyssey_2011_31_17_240_35_6_79_68_202_18_FWD_8_4_Van_rpd.jpg,truck
data/processed/car_sizes/full/Porsche_Panamera_2013_75_18_300_36_6_76_55_195_18_RWD_4_4_4dr_lgb.jpg,full
data/processed/car_sizes/midsize/Chevrolet_Malibu_2011_21_17_160_24_4_70_57_191_22_FWD_5_4_4dr_LLi.jpg,midsize
data/processed/car_sizes/suv/Toyota_4Runner_2013_41_20_270_40_6_75_70_189_17_4WD_5_4_SUV_bhi.jpg,suv
data/processed/car_sizes/truck/Kia_Sedona_2010_28_17_240_38_6_78_69_202_17_FWD_7_4_Van_AXm.jpg,truck
data/processed/car_sizes/midsize/Kia_Forte_2019_21_17_140_20_4_70_56_182_30_FWD_5_4_4dr_qLi.jpg,midsize
data/processed/car_sizes/truck/Honda_Odyssey_2011_31_17_240_35_6_79_68_202_18_FWD_8_4_Van_XDB.jpg,truck
data/processed/car_sizes/full/Jaguar_XF_2011_52_18_380_50_8_75_57_195_16_RWD_5_4_4dr_XTd.jpg,full
data/processed/car_sizes/full/Audi_A8_2013_72_19_330_30_6_76_57_202_18_AWD_5_4_4dr_ZLu.jpg,full
